0
SECTION
2
HEADER
9
$ANGDIR
70
1
9
$AUNITS
70
0
9
$PROJECTNAME
1
drone_controller
9
$TDCREATE
40
2460196.51160885
9
$INSUNITS
70
4
0
ENDSEC
0
SECTION
2
ENTITIES
0
POLYLINE
66
1
8
outline
10
0.0
20
0.0
30
0.0
70
1
0
VERTEX
8
0
10
1.27
20
11.43
30
0
0
VERTEX
8
0
10
44.81
20
11.43
30
0
0
VERTEX
8
0
10
44.81
20
81.915
30
0
0
VERTEX
8
0
10
1.27
20
81.915
30
0
0
VERTEX
8
0
10
1.27
20
11.43
30
0
0
SEQEND
0
POLYLINE
66
1
8
holes
10
0.0
20
0.0
30
0.0
70
1
0
VERTEX
8
0
10
9.289996875
20
71.066428125
30
0
0
VERTEX
8
0
10
9.282353125
20
70.95955625
30
0
0
VERTEX
8
0
10
9.267106250000001
20
70.8535
30
0
0
VERTEX
8
0
10
9.244328125000001
20
70.74880312500001
30
0
0
VERTEX
8
0
10
9.21414375
20
70.646
30
0
0
VERTEX
8
0
10
9.1767
20
70.545609375
30
0
0
VERTEX
8
0
10
9.132190625
20
70.448146875
30
0
0
VERTEX
8
0
10
9.080840625
20
70.35410937500001
30
0
0
VERTEX
8
0
10
9.022915625
20
70.26397187500001
30
0
0
VERTEX
8
0
10
8.958703125
20
70.178196875
30
0
0
VERTEX
8
0
10
8.888540625000001
20
70.09722500000001
30
0
0
VERTEX
8
0
10
8.812775
20
70.021459375
30
0
0
VERTEX
8
0
10
8.731803125
20
69.951296875
30
0
0
VERTEX
8
0
10
8.646028125
20
69.887084375
30
0
0
VERTEX
8
0
10
8.555890625
20
69.829159375
30
0
0
VERTEX
8
0
10
8.461853125000001
20
69.777809375
30
0
0
VERTEX
8
0
10
8.364390625
20
69.7333
30
0
0
VERTEX
8
0
10
8.264000000000001
20
69.69585625
30
0
0
VERTEX
8
0
10
8.161196875
20
69.665671875
30
0
0
VERTEX
8
0
10
8.0565
20
69.64289375
30
0
0
VERTEX
8
0
10
7.950443750000001
20
69.627646875
30
0
0
VERTEX
8
0
10
7.843571875
20
69.620003125
30
0
0
VERTEX
8
0
10
7.736428125000001
20
69.620003125
30
0
0
VERTEX
8
0
10
7.62955625
20
69.627646875
30
0
0
VERTEX
8
0
10
7.5235
20
69.64289375
30
0
0
VERTEX
8
0
10
7.418803125
20
69.665671875
30
0
0
VERTEX
8
0
10
7.316000000000001
20
69.69585625
30
0
0
VERTEX
8
0
10
7.2156093750000005
20
69.7333
30
0
0
VERTEX
8
0
10
7.118146875000001
20
69.777809375
30
0
0
VERTEX
8
0
10
7.024109375
20
69.829159375
30
0
0
VERTEX
8
0
10
6.933971875
20
69.887084375
30
0
0
VERTEX
8
0
10
6.848196875
20
69.951296875
30
0
0
VERTEX
8
0
10
6.767225000000001
20
70.021459375
30
0
0
VERTEX
8
0
10
6.691459375
20
70.09722500000001
30
0
0
VERTEX
8
0
10
6.6212968750000005
20
70.178196875
30
0
0
VERTEX
8
0
10
6.5570843750000005
20
70.26397187500001
30
0
0
VERTEX
8
0
10
6.4991593750000005
20
70.35410937500001
30
0
0
VERTEX
8
0
10
6.447809375
20
70.448146875
30
0
0
VERTEX
8
0
10
6.403300000000001
20
70.545609375
30
0
0
VERTEX
8
0
10
6.36585625
20
70.646
30
0
0
VERTEX
8
0
10
6.335671875
20
70.74880312500001
30
0
0
VERTEX
8
0
10
6.312893750000001
20
70.8535
30
0
0
VERTEX
8
0
10
6.297646875
20
70.95955625
30
0
0
VERTEX
8
0
10
6.290003125
20
71.066428125
30
0
0
VERTEX
8
0
10
6.290003125
20
71.17357187500001
30
0
0
VERTEX
8
0
10
6.297646875
20
71.28044375
30
0
0
VERTEX
8
0
10
6.312893750000001
20
71.3865
30
0
0
VERTEX
8
0
10
6.335671875
20
71.491196875
30
0
0
VERTEX
8
0
10
6.36585625
20
71.59400000000001
30
0
0
VERTEX
8
0
10
6.403300000000001
20
71.694390625
30
0
0
VERTEX
8
0
10
6.447809375
20
71.791853125
30
0
0
VERTEX
8
0
10
6.4991593750000005
20
71.885890625
30
0
0
VERTEX
8
0
10
6.5570843750000005
20
71.976028125
30
0
0
VERTEX
8
0
10
6.6212968750000005
20
72.061803125
30
0
0
VERTEX
8
0
10
6.691459375
20
72.142775
30
0
0
VERTEX
8
0
10
6.767225000000001
20
72.218540625
30
0
0
VERTEX
8
0
10
6.848196875
20
72.288703125
30
0
0
VERTEX
8
0
10
6.933971875
20
72.35291562500001
30
0
0
VERTEX
8
0
10
7.024109375
20
72.410840625
30
0
0
VERTEX
8
0
10
7.118146875000001
20
72.462190625
30
0
0
VERTEX
8
0
10
7.2156093750000005
20
72.50670000000001
30
0
0
VERTEX
8
0
10
7.316000000000001
20
72.54414375
30
0
0
VERTEX
8
0
10
7.418803125
20
72.57432812500001
30
0
0
VERTEX
8
0
10
7.5235
20
72.59710625000001
30
0
0
VERTEX
8
0
10
7.62955625
20
72.612353125
30
0
0
VERTEX
8
0
10
7.736428125000001
20
72.619996875
30
0
0
VERTEX
8
0
10
7.843571875
20
72.619996875
30
0
0
VERTEX
8
0
10
7.950443750000001
20
72.612353125
30
0
0
VERTEX
8
0
10
8.0565
20
72.59710625000001
30
0
0
VERTEX
8
0
10
8.161196875
20
72.57432812500001
30
0
0
VERTEX
8
0
10
8.264000000000001
20
72.54414375
30
0
0
VERTEX
8
0
10
8.364390625
20
72.50670000000001
30
0
0
VERTEX
8
0
10
8.461853125000001
20
72.462190625
30
0
0
VERTEX
8
0
10
8.555890625
20
72.410840625
30
0
0
VERTEX
8
0
10
8.646028125
20
72.35291562500001
30
0
0
VERTEX
8
0
10
8.731803125
20
72.288703125
30
0
0
VERTEX
8
0
10
8.812775
20
72.218540625
30
0
0
VERTEX
8
0
10
8.888540625000001
20
72.142775
30
0
0
VERTEX
8
0
10
8.958703125
20
72.061803125
30
0
0
VERTEX
8
0
10
9.022915625
20
71.976028125
30
0
0
VERTEX
8
0
10
9.080840625
20
71.885890625
30
0
0
VERTEX
8
0
10
9.132190625
20
71.791853125
30
0
0
VERTEX
8
0
10
9.1767
20
71.694390625
30
0
0
VERTEX
8
0
10
9.21414375
20
71.59400000000001
30
0
0
VERTEX
8
0
10
9.244328125000001
20
71.491196875
30
0
0
VERTEX
8
0
10
9.267106250000001
20
71.3865
30
0
0
VERTEX
8
0
10
9.282353125
20
71.28044375
30
0
0
VERTEX
8
0
10
9.289996875
20
71.17357187500001
30
0
0
VERTEX
8
0
10
9.289996875
20
71.066428125
30
0
0
SEQEND
0
POLYLINE
66
1
8
holes
10
0.0
20
0.0
30
0.0
70
1
0
VERTEX
8
0
10
9.289996875
20
40.566428125
30
0
0
VERTEX
8
0
10
9.282353125
20
40.45955625
30
0
0
VERTEX
8
0
10
9.267106250000001
20
40.353500000000004
30
0
0
VERTEX
8
0
10
9.244328125000001
20
40.248803125
30
0
0
VERTEX
8
0
10
9.21414375
20
40.146
30
0
0
VERTEX
8
0
10
9.1767
20
40.045609375000005
30
0
0
VERTEX
8
0
10
9.132190625
20
39.948146875
30
0
0
VERTEX
8
0
10
9.080840625
20
39.854109375
30
0
0
VERTEX
8
0
10
9.022915625
20
39.763971875
30
0
0
VERTEX
8
0
10
8.958703125
20
39.678196875000005
30
0
0
VERTEX
8
0
10
8.888540625000001
20
39.597225
30
0
0
VERTEX
8
0
10
8.812775
20
39.521459375
30
0
0
VERTEX
8
0
10
8.731803125
20
39.451296875000004
30
0
0
VERTEX
8
0
10
8.646028125
20
39.387084375
30
0
0
VERTEX
8
0
10
8.555890625
20
39.329159375
30
0
0
VERTEX
8
0
10
8.461853125000001
20
39.277809375000004
30
0
0
VERTEX
8
0
10
8.364390625
20
39.2333
30
0
0
VERTEX
8
0
10
8.264000000000001
20
39.19585625
30
0
0
VERTEX
8
0
10
8.161196875
20
39.165671875
30
0
0
VERTEX
8
0
10
8.0565
20
39.14289375
30
0
0
VERTEX
8
0
10
7.950443750000001
20
39.127646875
30
0
0
VERTEX
8
0
10
7.843571875
20
39.120003125000004
30
0
0
VERTEX
8
0
10
7.736428125000001
20
39.120003125000004
30
0
0
VERTEX
8
0
10
7.62955625
20
39.127646875
30
0
0
VERTEX
8
0
10
7.5235
20
39.14289375
30
0
0
VERTEX
8
0
10
7.418803125
20
39.165671875
30
0
0
VERTEX
8
0
10
7.316000000000001
20
39.19585625
30
0
0
VERTEX
8
0
10
7.2156093750000005
20
39.2333
30
0
0
VERTEX
8
0
10
7.118146875000001
20
39.277809375000004
30
0
0
VERTEX
8
0
10
7.024109375
20
39.329159375
30
0
0
VERTEX
8
0
10
6.933971875
20
39.387084375
30
0
0
VERTEX
8
0
10
6.848196875
20
39.451296875000004
30
0
0
VERTEX
8
0
10
6.767225000000001
20
39.521459375
30
0
0
VERTEX
8
0
10
6.691459375
20
39.597225
30
0
0
VERTEX
8
0
10
6.6212968750000005
20
39.678196875000005
30
0
0
VERTEX
8
0
10
6.5570843750000005
20
39.763971875
30
0
0
VERTEX
8
0
10
6.4991593750000005
20
39.854109375
30
0
0
VERTEX
8
0
10
6.447809375
20
39.948146875
30
0
0
VERTEX
8
0
10
6.403300000000001
20
40.045609375000005
30
0
0
VERTEX
8
0
10
6.36585625
20
40.146
30
0
0
VERTEX
8
0
10
6.335671875
20
40.248803125
30
0
0
VERTEX
8
0
10
6.312893750000001
20
40.353500000000004
30
0
0
VERTEX
8
0
10
6.297646875
20
40.45955625
30
0
0
VERTEX
8
0
10
6.290003125
20
40.566428125
30
0
0
VERTEX
8
0
10
6.290003125
20
40.673571875
30
0
0
VERTEX
8
0
10
6.297646875
20
40.78044375
30
0
0
VERTEX
8
0
10
6.312893750000001
20
40.886500000000005
30
0
0
VERTEX
8
0
10
6.335671875
20
40.991196875
30
0
0
VERTEX
8
0
10
6.36585625
20
41.094
30
0
0
VERTEX
8
0
10
6.403300000000001
20
41.194390625000004
30
0
0
VERTEX
8
0
10
6.447809375
20
41.291853125
30
0
0
VERTEX
8
0
10
6.4991593750000005
20
41.385890625
30
0
0
VERTEX
8
0
10
6.5570843750000005
20
41.476028125
30
0
0
VERTEX
8
0
10
6.6212968750000005
20
41.561803125000004
30
0
0
VERTEX
8
0
10
6.691459375
20
41.642775
30
0
0
VERTEX
8
0
10
6.767225000000001
20
41.718540625
30
0
0
VERTEX
8
0
10
6.848196875
20
41.788703125000005
30
0
0
VERTEX
8
0
10
6.933971875
20
41.852915625
30
0
0
VERTEX
8
0
10
7.024109375
20
41.910840625
30
0
0
VERTEX
8
0
10
7.118146875000001
20
41.962190625000005
30
0
0
VERTEX
8
0
10
7.2156093750000005
20
42.0067
30
0
0
VERTEX
8
0
10
7.316000000000001
20
42.04414375
30
0
0
VERTEX
8
0
10
7.418803125
20
42.074328125
30
0
0
VERTEX
8
0
10
7.5235
20
42.09710625
30
0
0
VERTEX
8
0
10
7.62955625
20
42.112353125
30
0
0
VERTEX
8
0
10
7.736428125000001
20
42.119996875000005
30
0
0
VERTEX
8
0
10
7.843571875
20
42.119996875000005
30
0
0
VERTEX
8
0
10
7.950443750000001
20
42.112353125
30
0
0
VERTEX
8
0
10
8.0565
20
42.09710625
30
0
0
VERTEX
8
0
10
8.161196875
20
42.074328125
30
0
0
VERTEX
8
0
10
8.264000000000001
20
42.04414375
30
0
0
VERTEX
8
0
10
8.364390625
20
42.0067
30
0
0
VERTEX
8
0
10
8.461853125000001
20
41.962190625000005
30
0
0
VERTEX
8
0
10
8.555890625
20
41.910840625
30
0
0
VERTEX
8
0
10
8.646028125
20
41.852915625
30
0
0
VERTEX
8
0
10
8.731803125
20
41.788703125000005
30
0
0
VERTEX
8
0
10
8.812775
20
41.718540625
30
0
0
VERTEX
8
0
10
8.888540625000001
20
41.642775
30
0
0
VERTEX
8
0
10
8.958703125
20
41.561803125000004
30
0
0
VERTEX
8
0
10
9.022915625
20
41.476028125
30
0
0
VERTEX
8
0
10
9.080840625
20
41.385890625
30
0
0
VERTEX
8
0
10
9.132190625
20
41.291853125
30
0
0
VERTEX
8
0
10
9.1767
20
41.194390625000004
30
0
0
VERTEX
8
0
10
9.21414375
20
41.094
30
0
0
VERTEX
8
0
10
9.244328125000001
20
40.991196875
30
0
0
VERTEX
8
0
10
9.267106250000001
20
40.886500000000005
30
0
0
VERTEX
8
0
10
9.282353125
20
40.78044375
30
0
0
VERTEX
8
0
10
9.289996875
20
40.673571875
30
0
0
VERTEX
8
0
10
9.289996875
20
40.566428125
30
0
0
SEQEND
0
POLYLINE
66
1
8
holes
10
0.0
20
0.0
30
0.0
70
1
0
VERTEX
8
0
10
39.789734375
20
40.566428125
30
0
0
VERTEX
8
0
10
39.782090625
20
40.45955625
30
0
0
VERTEX
8
0
10
39.76684375
20
40.353500000000004
30
0
0
VERTEX
8
0
10
39.744065625000005
20
40.248803125
30
0
0
VERTEX
8
0
10
39.71388125
20
40.146
30
0
0
VERTEX
8
0
10
39.6764375
20
40.045609375000005
30
0
0
VERTEX
8
0
10
39.631928125
20
39.948146875
30
0
0
VERTEX
8
0
10
39.580578125
20
39.854109375
30
0
0
VERTEX
8
0
10
39.522653125000005
20
39.763971875
30
0
0
VERTEX
8
0
10
39.458440625
20
39.678196875000005
30
0
0
VERTEX
8
0
10
39.388278125
20
39.597225
30
0
0
VERTEX
8
0
10
39.312512500000004
20
39.521459375
30
0
0
VERTEX
8
0
10
39.231540625
20
39.451296875000004
30
0
0
VERTEX
8
0
10
39.145765625
20
39.387084375
30
0
0
VERTEX
8
0
10
39.055628125
20
39.329159375
30
0
0
VERTEX
8
0
10
38.961590625
20
39.277809375000004
30
0
0
VERTEX
8
0
10
38.864128125
20
39.2333
30
0
0
VERTEX
8
0
10
38.763737500000005
20
39.19585625
30
0
0
VERTEX
8
0
10
38.660934375000004
20
39.165671875
30
0
0
VERTEX
8
0
10
38.5562375
20
39.14289375
30
0
0
VERTEX
8
0
10
38.45018125
20
39.127646875
30
0
0
VERTEX
8
0
10
38.343309375000004
20
39.120003125000004
30
0
0
VERTEX
8
0
10
38.236165625000005
20
39.120003125000004
30
0
0
VERTEX
8
0
10
38.12929375
20
39.127646875
30
0
0
VERTEX
8
0
10
38.0232375
20
39.14289375
30
0
0
VERTEX
8
0
10
37.918540625
20
39.165671875
30
0
0
VERTEX
8
0
10
37.815737500000004
20
39.19585625
30
0
0
VERTEX
8
0
10
37.715346875
20
39.2333
30
0
0
VERTEX
8
0
10
37.617884375
20
39.277809375000004
30
0
0
VERTEX
8
0
10
37.523846875000004
20
39.329159375
30
0
0
VERTEX
8
0
10
37.433709375
20
39.387084375
30
0
0
VERTEX
8
0
10
37.347934375
20
39.451296875000004
30
0
0
VERTEX
8
0
10
37.266962500000005
20
39.521459375
30
0
0
VERTEX
8
0
10
37.191196875
20
39.597225
30
0
0
VERTEX
8
0
10
37.121034375
20
39.678196875000005
30
0
0
VERTEX
8
0
10
37.056821875000004
20
39.763971875
30
0
0
VERTEX
8
0
10
36.998896875
20
39.854109375
30
0
0
VERTEX
8
0
10
36.947546875
20
39.948146875
30
0
0
VERTEX
8
0
10
36.9030375
20
40.045609375000005
30
0
0
VERTEX
8
0
10
36.86559375
20
40.146
30
0
0
VERTEX
8
0
10
36.835409375000005
20
40.248803125
30
0
0
VERTEX
8
0
10
36.81263125
20
40.353500000000004
30
0
0
VERTEX
8
0
10
36.797384375
20
40.45955625
30
0
0
VERTEX
8
0
10
36.789740625
20
40.566428125
30
0
0
VERTEX
8
0
10
36.789740625
20
40.673571875
30
0
0
VERTEX
8
0
10
36.797384375
20
40.78044375
30
0
0
VERTEX
8
0
10
36.81263125
20
40.886500000000005
30
0
0
VERTEX
8
0
10
36.835409375000005
20
40.991196875
30
0
0
VERTEX
8
0
10
36.86559375
20
41.094
30
0
0
VERTEX
8
0
10
36.9030375
20
41.194390625000004
30
0
0
VERTEX
8
0
10
36.947546875
20
41.291853125
30
0
0
VERTEX
8
0
10
36.998896875
20
41.385890625
30
0
0
VERTEX
8
0
10
37.056821875000004
20
41.476028125
30
0
0
VERTEX
8
0
10
37.121034375
20
41.561803125000004
30
0
0
VERTEX
8
0
10
37.191196875
20
41.642775
30
0
0
VERTEX
8
0
10
37.266962500000005
20
41.718540625
30
0
0
VERTEX
8
0
10
37.347934375
20
41.788703125000005
30
0
0
VERTEX
8
0
10
37.433709375
20
41.852915625
30
0
0
VERTEX
8
0
10
37.523846875000004
20
41.910840625
30
0
0
VERTEX
8
0
10
37.617884375
20
41.962190625000005
30
0
0
VERTEX
8
0
10
37.715346875
20
42.0067
30
0
0
VERTEX
8
0
10
37.815737500000004
20
42.04414375
30
0
0
VERTEX
8
0
10
37.918540625
20
42.074328125
30
0
0
VERTEX
8
0
10
38.0232375
20
42.09710625
30
0
0
VERTEX
8
0
10
38.12929375
20
42.112353125
30
0
0
VERTEX
8
0
10
38.236165625000005
20
42.119996875000005
30
0
0
VERTEX
8
0
10
38.343309375000004
20
42.119996875000005
30
0
0
VERTEX
8
0
10
38.45018125
20
42.112353125
30
0
0
VERTEX
8
0
10
38.5562375
20
42.09710625
30
0
0
VERTEX
8
0
10
38.660934375000004
20
42.074328125
30
0
0
VERTEX
8
0
10
38.763737500000005
20
42.04414375
30
0
0
VERTEX
8
0
10
38.864128125
20
42.0067
30
0
0
VERTEX
8
0
10
38.961590625
20
41.962190625000005
30
0
0
VERTEX
8
0
10
39.055628125
20
41.910840625
30
0
0
VERTEX
8
0
10
39.145765625
20
41.852915625
30
0
0
VERTEX
8
0
10
39.231540625
20
41.788703125000005
30
0
0
VERTEX
8
0
10
39.312512500000004
20
41.718540625
30
0
0
VERTEX
8
0
10
39.388278125
20
41.642775
30
0
0
VERTEX
8
0
10
39.458440625
20
41.561803125000004
30
0
0
VERTEX
8
0
10
39.522653125000005
20
41.476028125
30
0
0
VERTEX
8
0
10
39.580578125
20
41.385890625
30
0
0
VERTEX
8
0
10
39.631928125
20
41.291853125
30
0
0
VERTEX
8
0
10
39.6764375
20
41.194390625000004
30
0
0
VERTEX
8
0
10
39.71388125
20
41.094
30
0
0
VERTEX
8
0
10
39.744065625000005
20
40.991196875
30
0
0
VERTEX
8
0
10
39.76684375
20
40.886500000000005
30
0
0
VERTEX
8
0
10
39.782090625
20
40.78044375
30
0
0
VERTEX
8
0
10
39.789734375
20
40.673571875
30
0
0
VERTEX
8
0
10
39.789734375
20
40.566428125
30
0
0
SEQEND
0
POLYLINE
66
1
8
holes
10
0.0
20
0.0
30
0.0
70
1
0
VERTEX
8
0
10
39.789734375
20
71.066428125
30
0
0
VERTEX
8
0
10
39.782090625
20
70.95955625
30
0
0
VERTEX
8
0
10
39.76684375
20
70.8535
30
0
0
VERTEX
8
0
10
39.744065625000005
20
70.74880312500001
30
0
0
VERTEX
8
0
10
39.71388125
20
70.646
30
0
0
VERTEX
8
0
10
39.6764375
20
70.545609375
30
0
0
VERTEX
8
0
10
39.631928125
20
70.448146875
30
0
0
VERTEX
8
0
10
39.580578125
20
70.35410937500001
30
0
0
VERTEX
8
0
10
39.522653125000005
20
70.26397187500001
30
0
0
VERTEX
8
0
10
39.458440625
20
70.178196875
30
0
0
VERTEX
8
0
10
39.388278125
20
70.09722500000001
30
0
0
VERTEX
8
0
10
39.312512500000004
20
70.021459375
30
0
0
VERTEX
8
0
10
39.231540625
20
69.951296875
30
0
0
VERTEX
8
0
10
39.145765625
20
69.887084375
30
0
0
VERTEX
8
0
10
39.055628125
20
69.829159375
30
0
0
VERTEX
8
0
10
38.961590625
20
69.777809375
30
0
0
VERTEX
8
0
10
38.864128125
20
69.7333
30
0
0
VERTEX
8
0
10
38.763737500000005
20
69.69585625
30
0
0
VERTEX
8
0
10
38.660934375000004
20
69.665671875
30
0
0
VERTEX
8
0
10
38.5562375
20
69.64289375
30
0
0
VERTEX
8
0
10
38.45018125
20
69.627646875
30
0
0
VERTEX
8
0
10
38.343309375000004
20
69.620003125
30
0
0
VERTEX
8
0
10
38.236165625000005
20
69.620003125
30
0
0
VERTEX
8
0
10
38.12929375
20
69.627646875
30
0
0
VERTEX
8
0
10
38.0232375
20
69.64289375
30
0
0
VERTEX
8
0
10
37.918540625
20
69.665671875
30
0
0
VERTEX
8
0
10
37.815737500000004
20
69.69585625
30
0
0
VERTEX
8
0
10
37.715346875
20
69.7333
30
0
0
VERTEX
8
0
10
37.617884375
20
69.777809375
30
0
0
VERTEX
8
0
10
37.523846875000004
20
69.829159375
30
0
0
VERTEX
8
0
10
37.433709375
20
69.887084375
30
0
0
VERTEX
8
0
10
37.347934375
20
69.951296875
30
0
0
VERTEX
8
0
10
37.266962500000005
20
70.021459375
30
0
0
VERTEX
8
0
10
37.191196875
20
70.09722500000001
30
0
0
VERTEX
8
0
10
37.121034375
20
70.178196875
30
0
0
VERTEX
8
0
10
37.056821875000004
20
70.26397187500001
30
0
0
VERTEX
8
0
10
36.998896875
20
70.35410937500001
30
0
0
VERTEX
8
0
10
36.947546875
20
70.448146875
30
0
0
VERTEX
8
0
10
36.9030375
20
70.545609375
30
0
0
VERTEX
8
0
10
36.86559375
20
70.646
30
0
0
VERTEX
8
0
10
36.835409375000005
20
70.74880312500001
30
0
0
VERTEX
8
0
10
36.81263125
20
70.8535
30
0
0
VERTEX
8
0
10
36.797384375
20
70.95955625
30
0
0
VERTEX
8
0
10
36.789740625
20
71.066428125
30
0
0
VERTEX
8
0
10
36.789740625
20
71.17357187500001
30
0
0
VERTEX
8
0
10
36.797384375
20
71.28044375
30
0
0
VERTEX
8
0
10
36.81263125
20
71.3865
30
0
0
VERTEX
8
0
10
36.835409375000005
20
71.491196875
30
0
0
VERTEX
8
0
10
36.86559375
20
71.59400000000001
30
0
0
VERTEX
8
0
10
36.9030375
20
71.694390625
30
0
0
VERTEX
8
0
10
36.947546875
20
71.791853125
30
0
0
VERTEX
8
0
10
36.998896875
20
71.885890625
30
0
0
VERTEX
8
0
10
37.056821875000004
20
71.976028125
30
0
0
VERTEX
8
0
10
37.121034375
20
72.061803125
30
0
0
VERTEX
8
0
10
37.191196875
20
72.142775
30
0
0
VERTEX
8
0
10
37.266962500000005
20
72.218540625
30
0
0
VERTEX
8
0
10
37.347934375
20
72.288703125
30
0
0
VERTEX
8
0
10
37.433709375
20
72.35291562500001
30
0
0
VERTEX
8
0
10
37.523846875000004
20
72.410840625
30
0
0
VERTEX
8
0
10
37.617884375
20
72.462190625
30
0
0
VERTEX
8
0
10
37.715346875
20
72.50670000000001
30
0
0
VERTEX
8
0
10
37.815737500000004
20
72.54414375
30
0
0
VERTEX
8
0
10
37.918540625
20
72.57432812500001
30
0
0
VERTEX
8
0
10
38.0232375
20
72.59710625000001
30
0
0
VERTEX
8
0
10
38.12929375
20
72.612353125
30
0
0
VERTEX
8
0
10
38.236165625000005
20
72.619996875
30
0
0
VERTEX
8
0
10
38.343309375000004
20
72.619996875
30
0
0
VERTEX
8
0
10
38.45018125
20
72.612353125
30
0
0
VERTEX
8
0
10
38.5562375
20
72.59710625000001
30
0
0
VERTEX
8
0
10
38.660934375000004
20
72.57432812500001
30
0
0
VERTEX
8
0
10
38.763737500000005
20
72.54414375
30
0
0
VERTEX
8
0
10
38.864128125
20
72.50670000000001
30
0
0
VERTEX
8
0
10
38.961590625
20
72.462190625
30
0
0
VERTEX
8
0
10
39.055628125
20
72.410840625
30
0
0
VERTEX
8
0
10
39.145765625
20
72.35291562500001
30
0
0
VERTEX
8
0
10
39.231540625
20
72.288703125
30
0
0
VERTEX
8
0
10
39.312512500000004
20
72.218540625
30
0
0
VERTEX
8
0
10
39.388278125
20
72.142775
30
0
0
VERTEX
8
0
10
39.458440625
20
72.061803125
30
0
0
VERTEX
8
0
10
39.522653125000005
20
71.976028125
30
0
0
VERTEX
8
0
10
39.580578125
20
71.885890625
30
0
0
VERTEX
8
0
10
39.631928125
20
71.791853125
30
0
0
VERTEX
8
0
10
39.6764375
20
71.694390625
30
0
0
VERTEX
8
0
10
39.71388125
20
71.59400000000001
30
0
0
VERTEX
8
0
10
39.744065625000005
20
71.491196875
30
0
0
VERTEX
8
0
10
39.76684375
20
71.3865
30
0
0
VERTEX
8
0
10
39.782090625
20
71.28044375
30
0
0
VERTEX
8
0
10
39.789734375
20
71.17357187500001
30
0
0
VERTEX
8
0
10
39.789734375
20
71.066428125
30
0
0
SEQEND
0
POLYLINE
66
1
8
holes
10
0.0
20
0.0
30
0.0
70
1
0
VERTEX
8
0
10
24.782865625
20
76.662940625
30
0
0
VERTEX
8
0
10
24.788853125000003
20
76.708428125
30
0
0
VERTEX
8
0
10
24.800728125000003
20
76.75274375000001
30
0
0
VERTEX
8
0
10
24.8182875
20
76.795134375
30
0
0
VERTEX
8
0
10
24.841228125
20
76.834865625
30
0
0
VERTEX
8
0
10
24.86915625
20
76.871265625
30
0
0
VERTEX
8
0
10
24.901600000000002
20
76.903709375
30
0
0
VERTEX
8
0
10
24.938000000000002
20
76.93163750000001
30
0
0
VERTEX
8
0
10
24.97773125
20
76.954578125
30
0
0
VERTEX
8
0
10
25.020121875
20
76.9721375
30
0
0
VERTEX
8
0
10
25.0644375
20
76.9840125
30
0
0
VERTEX
8
0
10
25.109925
20
76.99000000000001
30
0
0
VERTEX
8
0
10
25.15580625
20
76.99000000000001
30
0
0
VERTEX
8
0
10
25.20129375
20
76.9840125
30
0
0
VERTEX
8
0
10
25.245609375
20
76.9721375
30
0
0
VERTEX
8
0
10
25.288
20
76.954578125
30
0
0
VERTEX
8
0
10
25.327731250000003
20
76.93163750000001
30
0
0
VERTEX
8
0
10
25.36413125
20
76.903709375
30
0
0
VERTEX
8
0
10
25.396575000000002
20
76.871265625
30
0
0
VERTEX
8
0
10
25.424503125
20
76.834865625
30
0
0
VERTEX
8
0
10
25.44744375
20
76.795134375
30
0
0
VERTEX
8
0
10
25.465003125000003
20
76.75274375000001
30
0
0
VERTEX
8
0
10
25.476878125000002
20
76.708428125
30
0
0
VERTEX
8
0
10
25.482865625000002
20
76.662940625
30
0
0
VERTEX
8
0
10
25.482865625000002
20
76.617059375
30
0
0
VERTEX
8
0
10
25.476878125000002
20
76.571571875
30
0
0
VERTEX
8
0
10
25.465003125000003
20
76.52725625000001
30
0
0
VERTEX
8
0
10
25.44744375
20
76.484865625
30
0
0
VERTEX
8
0
10
25.424503125
20
76.44513437500001
30
0
0
VERTEX
8
0
10
25.396575000000002
20
76.40873437500001
30
0
0
VERTEX
8
0
10
25.36413125
20
76.37629062500001
30
0
0
VERTEX
8
0
10
25.327731250000003
20
76.34836250000001
30
0
0
VERTEX
8
0
10
25.288
20
76.325421875
30
0
0
VERTEX
8
0
10
25.245609375
20
76.3078625
30
0
0
VERTEX
8
0
10
25.20129375
20
76.29598750000001
30
0
0
VERTEX
8
0
10
25.15580625
20
76.29
30
0
0
VERTEX
8
0
10
25.109925
20
76.29
30
0
0
VERTEX
8
0
10
25.0644375
20
76.29598750000001
30
0
0
VERTEX
8
0
10
25.020121875
20
76.3078625
30
0
0
VERTEX
8
0
10
24.97773125
20
76.325421875
30
0
0
VERTEX
8
0
10
24.938000000000002
20
76.34836250000001
30
0
0
VERTEX
8
0
10
24.901600000000002
20
76.37629062500001
30
0
0
VERTEX
8
0
10
24.86915625
20
76.40873437500001
30
0
0
VERTEX
8
0
10
24.841228125
20
76.44513437500001
30
0
0
VERTEX
8
0
10
24.8182875
20
76.484865625
30
0
0
VERTEX
8
0
10
24.800728125000003
20
76.52725625000001
30
0
0
VERTEX
8
0
10
24.788853125000003
20
76.571571875
30
0
0
VERTEX
8
0
10
24.782865625
20
76.617059375
30
0
0
VERTEX
8
0
10
24.782865625
20
76.662940625
30
0
0
SEQEND
0
POLYLINE
66
1
8
holes
10
0.0
20
0.0
30
0.0
70
1
0
VERTEX
8
0
10
20.632865625
20
76.662940625
30
0
0
VERTEX
8
0
10
20.638853125
20
76.708428125
30
0
0
VERTEX
8
0
10
20.650728125
20
76.75274375000001
30
0
0
VERTEX
8
0
10
20.6682875
20
76.795134375
30
0
0
VERTEX
8
0
10
20.691228125000002
20
76.834865625
30
0
0
VERTEX
8
0
10
20.71915625
20
76.871265625
30
0
0
VERTEX
8
0
10
20.7516
20
76.903709375
30
0
0
VERTEX
8
0
10
20.788
20
76.93163750000001
30
0
0
VERTEX
8
0
10
20.82773125
20
76.954578125
30
0
0
VERTEX
8
0
10
20.870121875000002
20
76.9721375
30
0
0
VERTEX
8
0
10
20.914437500000002
20
76.9840125
30
0
0
VERTEX
8
0
10
20.959925000000002
20
76.99000000000001
30
0
0
VERTEX
8
0
10
21.005806250000003
20
76.99000000000001
30
0
0
VERTEX
8
0
10
21.05129375
20
76.9840125
30
0
0
VERTEX
8
0
10
21.095609375000002
20
76.9721375
30
0
0
VERTEX
8
0
10
21.138
20
76.954578125
30
0
0
VERTEX
8
0
10
21.17773125
20
76.93163750000001
30
0
0
VERTEX
8
0
10
21.21413125
20
76.903709375
30
0
0
VERTEX
8
0
10
21.246575
20
76.871265625
30
0
0
VERTEX
8
0
10
21.274503125000003
20
76.834865625
30
0
0
VERTEX
8
0
10
21.29744375
20
76.795134375
30
0
0
VERTEX
8
0
10
21.315003125
20
76.75274375000001
30
0
0
VERTEX
8
0
10
21.326878125
20
76.708428125
30
0
0
VERTEX
8
0
10
21.332865625
20
76.662940625
30
0
0
VERTEX
8
0
10
21.332865625
20
76.617059375
30
0
0
VERTEX
8
0
10
21.326878125
20
76.571571875
30
0
0
VERTEX
8
0
10
21.315003125
20
76.52725625000001
30
0
0
VERTEX
8
0
10
21.29744375
20
76.484865625
30
0
0
VERTEX
8
0
10
21.274503125000003
20
76.44513437500001
30
0
0
VERTEX
8
0
10
21.246575
20
76.40873437500001
30
0
0
VERTEX
8
0
10
21.21413125
20
76.37629062500001
30
0
0
VERTEX
8
0
10
21.17773125
20
76.34836250000001
30
0
0
VERTEX
8
0
10
21.138
20
76.325421875
30
0
0
VERTEX
8
0
10
21.095609375000002
20
76.3078625
30
0
0
VERTEX
8
0
10
21.05129375
20
76.29598750000001
30
0
0
VERTEX
8
0
10
21.005806250000003
20
76.29
30
0
0
VERTEX
8
0
10
20.959925000000002
20
76.29
30
0
0
VERTEX
8
0
10
20.914437500000002
20
76.29598750000001
30
0
0
VERTEX
8
0
10
20.870121875000002
20
76.3078625
30
0
0
VERTEX
8
0
10
20.82773125
20
76.325421875
30
0
0
VERTEX
8
0
10
20.788
20
76.34836250000001
30
0
0
VERTEX
8
0
10
20.7516
20
76.37629062500001
30
0
0
VERTEX
8
0
10
20.71915625
20
76.40873437500001
30
0
0
VERTEX
8
0
10
20.691228125000002
20
76.44513437500001
30
0
0
VERTEX
8
0
10
20.6682875
20
76.484865625
30
0
0
VERTEX
8
0
10
20.650728125
20
76.52725625000001
30
0
0
VERTEX
8
0
10
20.638853125
20
76.571571875
30
0
0
VERTEX
8
0
10
20.632865625
20
76.617059375
30
0
0
VERTEX
8
0
10
20.632865625
20
76.662940625
30
0
0
SEQEND
0
POLYLINE
66
1
8
1_copper
10
0.0
20
0.0
30
0.0
70
1
0
VERTEX
8
0
10
27.957865625
20
80.04
30
0
0
VERTEX
8
0
10
26.157865625000003
20
80.04
30
0
0
VERTEX
8
0
10
26.157865625000003
20
78.14
30
0
0
VERTEX
8
0
10
27.957865625
20
78.14
30
0
0
SEQEND
0
POLYLINE
66
1
8
1_copper
10
0.0
20
0.0
30
0.0
70
1
0
VERTEX
8
0
10
25.207865625
20
80.04
30
0
0
VERTEX
8
0
10
23.307865625
20
80.04
30
0
0
VERTEX
8
0
10
23.307865625
20
78.14
30
0
0
VERTEX
8
0
10
25.207865625
20
78.14
30
0
0
SEQEND
0
POLYLINE
66
1
8
1_copper
10
0.0
20
0.0
30
0.0
70
1
0
VERTEX
8
0
10
22.807865625
20
80.04
30
0
0
VERTEX
8
0
10
20.907865625
20
80.04
30
0
0
VERTEX
8
0
10
20.907865625
20
78.14
30
0
0
VERTEX
8
0
10
22.807865625
20
78.14
30
0
0
SEQEND
0
POLYLINE
66
1
8
1_copper
10
0.0
20
0.0
30
0.0
70
1
0
VERTEX
8
0
10
19.957865625
20
80.04
30
0
0
VERTEX
8
0
10
18.157865625
20
80.04
30
0
0
VERTEX
8
0
10
18.157865625
20
78.14
30
0
0
VERTEX
8
0
10
19.957865625
20
78.14
30
0
0
SEQEND
0
POLYLINE
66
1
8
1_copper
10
0.0
20
0.0
30
0.0
70
1
0
VERTEX
8
0
10
22.607865625000002
20
77.09
30
0
0
VERTEX
8
0
10
22.207865625
20
77.09
30
0
0
VERTEX
8
0
10
22.207865625
20
75.74000000000001
30
0
0
VERTEX
8
0
10
22.607865625000002
20
75.74000000000001
30
0
0
SEQEND
0
POLYLINE
66
1
8
1_copper
10
0.0
20
0.0
30
0.0
70
1
0
VERTEX
8
0
10
29.357865625000002
20
66.905
30
0
0
VERTEX
8
0
10
28.557865625
20
66.905
30
0
0
VERTEX
8
0
10
28.557865625
20
66.50500000000001
30
0
0
VERTEX
8
0
10
29.357865625000002
20
66.50500000000001
30
0
0
SEQEND
0
POLYLINE
66
1
8
1_copper
10
0.0
20
0.0
30
0.0
70
1
0
VERTEX
8
0
10
29.357865625000002
20
66.105
30
0
0
VERTEX
8
0
10
28.557865625
20
66.105
30
0
0
VERTEX
8
0
10
28.557865625
20
65.705
30
0
0
VERTEX
8
0
10
29.357865625000002
20
65.705
30
0
0
SEQEND
0
POLYLINE
66
1
8
1_copper
10
0.0
20
0.0
30
0.0
70
1
0
VERTEX
8
0
10
29.357865625000002
20
65.305
30
0
0
VERTEX
8
0
10
28.557865625
20
65.305
30
0
0
VERTEX
8
0
10
28.557865625
20
64.905
30
0
0
VERTEX
8
0
10
29.357865625000002
20
64.905
30
0
0
SEQEND
0
POLYLINE
66
1
8
1_copper
10
0.0
20
0.0
30
0.0
70
1
0
VERTEX
8
0
10
17.557865625
20
64.50500000000001
30
0
0
VERTEX
8
0
10
16.757865625
20
64.50500000000001
30
0
0
VERTEX
8
0
10
16.757865625
20
64.105
30
0
0
VERTEX
8
0
10
17.557865625
20
64.105
30
0
0
SEQEND
0
POLYLINE
66
1
8
1_copper
10
0.0
20
0.0
30
0.0
70
1
0
VERTEX
8
0
10
29.357865625000002
20
64.50500000000001
30
0
0
VERTEX
8
0
10
28.557865625
20
64.50500000000001
30
0
0
VERTEX
8
0
10
28.557865625
20
64.105
30
0
0
VERTEX
8
0
10
29.357865625000002
20
64.105
30
0
0
SEQEND
0
POLYLINE
66
1
8
1_copper
10
0.0
20
0.0
30
0.0
70
1
0
VERTEX
8
0
10
29.357865625000002
20
62.105000000000004
30
0
0
VERTEX
8
0
10
28.557865625
20
62.105000000000004
30
0
0
VERTEX
8
0
10
28.557865625
20
61.705000000000005
30
0
0
VERTEX
8
0
10
29.357865625000002
20
61.705000000000005
30
0
0
SEQEND
0
POLYLINE
66
1
8
1_copper
10
0.0
20
0.0
30
0.0
70
1
0
VERTEX
8
0
10
17.557865625
20
62.105000000000004
30
0
0
VERTEX
8
0
10
16.757865625
20
62.105000000000004
30
0
0
VERTEX
8
0
10
16.757865625
20
61.705000000000005
30
0
0
VERTEX
8
0
10
17.557865625
20
61.705000000000005
30
0
0
SEQEND
0
POLYLINE
66
1
8
1_copper
10
0.0
20
0.0
30
0.0
70
1
0
VERTEX
8
0
10
29.357865625000002
20
61.305
30
0
0
VERTEX
8
0
10
28.557865625
20
61.305
30
0
0
VERTEX
8
0
10
28.557865625
20
60.905
30
0
0
VERTEX
8
0
10
29.357865625000002
20
60.905
30
0
0
SEQEND
0
POLYLINE
66
1
8
1_copper
10
0.0
20
0.0
30
0.0
70
1
0
VERTEX
8
0
10
17.557865625
20
60.505
30
0
0
VERTEX
8
0
10
16.757865625
20
60.505
30
0
0
VERTEX
8
0
10
16.757865625
20
60.105000000000004
30
0
0
VERTEX
8
0
10
17.557865625
20
60.105000000000004
30
0
0
SEQEND
0
POLYLINE
66
1
8
1_copper
10
0.0
20
0.0
30
0.0
70
1
0
VERTEX
8
0
10
17.557865625
20
59.705000000000005
30
0
0
VERTEX
8
0
10
16.757865625
20
59.705000000000005
30
0
0
VERTEX
8
0
10
16.757865625
20
59.305
30
0
0
VERTEX
8
0
10
17.557865625
20
59.305
30
0
0
SEQEND
0
POLYLINE
66
1
8
1_copper
10
0.0
20
0.0
30
0.0
70
1
0
VERTEX
8
0
10
29.357865625000002
20
58.905
30
0
0
VERTEX
8
0
10
28.557865625
20
58.905
30
0
0
VERTEX
8
0
10
28.557865625
20
58.505
30
0
0
VERTEX
8
0
10
29.357865625000002
20
58.505
30
0
0
SEQEND
0
POLYLINE
66
1
8
1_copper
10
0.0
20
0.0
30
0.0
70
1
0
VERTEX
8
0
10
28.057865625
20
58.205000000000005
30
0
0
VERTEX
8
0
10
27.657865625000003
20
58.205000000000005
30
0
0
VERTEX
8
0
10
27.657865625000003
20
57.405
30
0
0
VERTEX
8
0
10
28.057865625
20
57.405
30
0
0
SEQEND
0
POLYLINE
66
1
8
1_copper
10
0.0
20
0.0
30
0.0
70
1
0
VERTEX
8
0
10
22.457865625
20
58.205000000000005
30
0
0
VERTEX
8
0
10
22.057865625
20
58.205000000000005
30
0
0
VERTEX
8
0
10
22.057865625
20
57.405
30
0
0
VERTEX
8
0
10
22.457865625
20
57.405
30
0
0
SEQEND
0
POLYLINE
66
1
8
1_copper
10
0.0
20
0.0
30
0.0
70
1
0
VERTEX
8
0
10
21.657865625
20
58.205000000000005
30
0
0
VERTEX
8
0
10
21.257865625
20
58.205000000000005
30
0
0
VERTEX
8
0
10
21.257865625
20
57.405
30
0
0
VERTEX
8
0
10
21.657865625
20
57.405
30
0
0
SEQEND
0
POLYLINE
66
1
8
1_copper
10
0.0
20
0.0
30
0.0
70
1
0
VERTEX
8
0
10
20.857865625000002
20
58.205000000000005
30
0
0
VERTEX
8
0
10
20.457865625
20
58.205000000000005
30
0
0
VERTEX
8
0
10
20.457865625
20
57.405
30
0
0
VERTEX
8
0
10
20.857865625000002
20
57.405
30
0
0
SEQEND
0
POLYLINE
66
1
8
1_copper
10
0.0
20
0.0
30
0.0
70
1
0
VERTEX
8
0
10
22.149140625
20
36.910962500000004
30
0
0
VERTEX
8
0
10
22.169090625000003
20
36.922481250000004
30
0
0
VERTEX
8
0
10
22.185384375
20
36.938775
30
0
0
VERTEX
8
0
10
22.196903125000002
20
36.958725
30
0
0
VERTEX
8
0
10
22.202865625
20
36.98098125
30
0
0
VERTEX
8
0
10
22.202865625
20
37.179018750000004
30
0
0
VERTEX
8
0
10
22.196903125000002
20
37.201275
30
0
0
VERTEX
8
0
10
22.185384375
20
37.221225000000004
30
0
0
VERTEX
8
0
10
22.169090625000003
20
37.23751875
30
0
0
VERTEX
8
0
10
22.149140625
20
37.2490375
30
0
0
VERTEX
8
0
10
22.126884375
20
37.255
30
0
0
VERTEX
8
0
10
21.668846875
20
37.255
30
0
0
VERTEX
8
0
10
21.646590625
20
37.2490375
30
0
0
VERTEX
8
0
10
21.626640625
20
37.23751875
30
0
0
VERTEX
8
0
10
21.610346875
20
37.221225000000004
30
0
0
VERTEX
8
0
10
21.598828125
20
37.201275
30
0
0
VERTEX
8
0
10
21.592865625
20
37.179018750000004
30
0
0
VERTEX
8
0
10
21.592865625
20
36.98098125
30
0
0
VERTEX
8
0
10
21.598828125
20
36.958725
30
0
0
VERTEX
8
0
10
21.610346875
20
36.938775
30
0
0
VERTEX
8
0
10
21.626640625
20
36.922481250000004
30
0
0
VERTEX
8
0
10
21.646590625
20
36.910962500000004
30
0
0
VERTEX
8
0
10
21.668846875
20
36.905
30
0
0
VERTEX
8
0
10
22.126884375
20
36.905
30
0
0
SEQEND
0
POLYLINE
66
1
8
1_copper
10
0.0
20
0.0
30
0.0
70
1
0
VERTEX
8
0
10
17.38394375
20
35.4403375
30
0
42
0.9063472543261978
0
VERTEX
8
0
10
17.309434375000002
20
36.957
30
0
0
VERTEX
8
0
10
15.710565625000001
20
36.957
30
0
0
VERTEX
8
0
10
15.636056250000001
20
36.9496625
30
0
42
0.9063472543261978
0
VERTEX
8
0
10
15.710565625000001
20
35.433
30
0
0
VERTEX
8
0
10
17.309434375000002
20
35.433
30
0
0
SEQEND
0
POLYLINE
66
1
8
1_copper
10
0.0
20
0.0
30
0.0
70
1
0
VERTEX
8
0
10
22.149140625
20
36.410962500000004
30
0
0
VERTEX
8
0
10
22.169090625000003
20
36.422481250000004
30
0
0
VERTEX
8
0
10
22.185384375
20
36.438775
30
0
0
VERTEX
8
0
10
22.196903125000002
20
36.458725
30
0
0
VERTEX
8
0
10
22.202865625
20
36.48098125
30
0
0
VERTEX
8
0
10
22.202865625
20
36.679018750000004
30
0
0
VERTEX
8
0
10
22.196903125000002
20
36.701275
30
0
0
VERTEX
8
0
10
22.185384375
20
36.721225000000004
30
0
0
VERTEX
8
0
10
22.169090625000003
20
36.73751875
30
0
0
VERTEX
8
0
10
22.149140625
20
36.7490375
30
0
0
VERTEX
8
0
10
22.126884375
20
36.755
30
0
0
VERTEX
8
0
10
21.668846875
20
36.755
30
0
0
VERTEX
8
0
10
21.646590625
20
36.7490375
30
0
0
VERTEX
8
0
10
21.626640625
20
36.73751875
30
0
0
VERTEX
8
0
10
21.610346875
20
36.721225000000004
30
0
0
VERTEX
8
0
10
21.598828125
20
36.701275
30
0
0
VERTEX
8
0
10
21.592865625
20
36.679018750000004
30
0
0
VERTEX
8
0
10
21.592865625
20
36.48098125
30
0
0
VERTEX
8
0
10
21.598828125
20
36.458725
30
0
0
VERTEX
8
0
10
21.610346875
20
36.438775
30
0
0
VERTEX
8
0
10
21.626640625
20
36.422481250000004
30
0
0
VERTEX
8
0
10
21.646590625
20
36.410962500000004
30
0
0
VERTEX
8
0
10
21.668846875
20
36.405
30
0
0
VERTEX
8
0
10
22.126884375
20
36.405
30
0
0
SEQEND
0
POLYLINE
66
1
8
1_copper
10
0.0
20
0.0
30
0.0
70
1
0
VERTEX
8
0
10
17.38394375
20
32.9003375
30
0
42
0.9063472543261978
0
VERTEX
8
0
10
17.309434375000002
20
34.417
30
0
0
VERTEX
8
0
10
15.710565625000001
20
34.417
30
0
0
VERTEX
8
0
10
15.636056250000001
20
34.4096625
30
0
42
0.9063472543261978
0
VERTEX
8
0
10
15.710565625000001
20
32.893
30
0
0
VERTEX
8
0
10
17.309434375000002
20
32.893
30
0
0
SEQEND
0
POLYLINE
66
1
8
1_copper
10
0.0
20
0.0
30
0.0
70
1
0
VERTEX
8
0
10
17.38394375
20
30.3603375
30
0
42
0.9063472543261978
0
VERTEX
8
0
10
17.309434375000002
20
31.877000000000002
30
0
0
VERTEX
8
0
10
15.710565625000001
20
31.877000000000002
30
0
0
VERTEX
8
0
10
15.636056250000001
20
31.8696625
30
0
42
0.9063472543261978
0
VERTEX
8
0
10
15.710565625000001
20
30.353
30
0
0
VERTEX
8
0
10
17.309434375000002
20
30.353
30
0
0
SEQEND
0
POLYLINE
66
1
8
1_copper
10
0.0
20
0.0
30
0.0
70
1
0
VERTEX
8
0
10
17.38394375
20
27.8203375
30
0
42
0.9063472543261978
0
VERTEX
8
0
10
17.309434375000002
20
29.337
30
0
0
VERTEX
8
0
10
15.710565625000001
20
29.337
30
0
0
VERTEX
8
0
10
15.636056250000001
20
29.3296625
30
0
42
0.9063472543261978
0
VERTEX
8
0
10
15.710565625000001
20
27.813000000000002
30
0
0
VERTEX
8
0
10
17.309434375000002
20
27.813000000000002
30
0
0
SEQEND
0
POLYLINE
66
1
8
16_copper
10
0.0
20
0.0
30
0.0
70
1
0
VERTEX
8
0
10
4.202
20
61.90500625
30
0
0
VERTEX
8
0
10
2.402
20
61.90500625
30
0
0
VERTEX
8
0
10
2.402
20
60.705006250000004
30
0
0
VERTEX
8
0
10
4.202
20
60.705006250000004
30
0
0
SEQEND
0
POLYLINE
66
1
8
16_copper
10
0.0
20
0.0
30
0.0
70
1
0
VERTEX
8
0
10
4.202
20
52.305006250000005
30
0
0
VERTEX
8
0
10
2.402
20
52.305006250000005
30
0
0
VERTEX
8
0
10
2.402
20
51.10500625
30
0
0
VERTEX
8
0
10
4.202
20
51.10500625
30
0
0
SEQEND
0
POLYLINE
66
1
8
16_copper
10
0.0
20
0.0
30
0.0
70
1
0
VERTEX
8
0
10
17.38394375
20
35.4403375
30
0
42
0.9063472543261978
0
VERTEX
8
0
10
17.309434375000002
20
36.957
30
0
0
VERTEX
8
0
10
15.710565625000001
20
36.957
30
0
0
VERTEX
8
0
10
15.636056250000001
20
36.9496625
30
0
42
0.9063472543261978
0
VERTEX
8
0
10
15.710565625000001
20
35.433
30
0
0
VERTEX
8
0
10
17.309434375000002
20
35.433
30
0
0
SEQEND
0
POLYLINE
66
1
8
16_copper
10
0.0
20
0.0
30
0.0
70
1
0
VERTEX
8
0
10
17.38394375
20
32.9003375
30
0
42
0.9063472543261978
0
VERTEX
8
0
10
17.309434375000002
20
34.417
30
0
0
VERTEX
8
0
10
15.710565625000001
20
34.417
30
0
0
VERTEX
8
0
10
15.636056250000001
20
34.4096625
30
0
42
0.9063472543261978
0
VERTEX
8
0
10
15.710565625000001
20
32.893
30
0
0
VERTEX
8
0
10
17.309434375000002
20
32.893
30
0
0
SEQEND
0
POLYLINE
66
1
8
16_copper
10
0.0
20
0.0
30
0.0
70
1
0
VERTEX
8
0
10
17.38394375
20
30.3603375
30
0
42
0.9063472543261978
0
VERTEX
8
0
10
17.309434375000002
20
31.877000000000002
30
0
0
VERTEX
8
0
10
15.710565625000001
20
31.877000000000002
30
0
0
VERTEX
8
0
10
15.636056250000001
20
31.8696625
30
0
42
0.9063472543261978
0
VERTEX
8
0
10
15.710565625000001
20
30.353
30
0
0
VERTEX
8
0
10
17.309434375000002
20
30.353
30
0
0
SEQEND
0
POLYLINE
66
1
8
16_copper
10
0.0
20
0.0
30
0.0
70
1
0
VERTEX
8
0
10
17.38394375
20
27.8203375
30
0
42
0.9063472543261978
0
VERTEX
8
0
10
17.309434375000002
20
29.337
30
0
0
VERTEX
8
0
10
15.710565625000001
20
29.337
30
0
0
VERTEX
8
0
10
15.636056250000001
20
29.3296625
30
0
42
0.9063472543261978
0
VERTEX
8
0
10
15.710565625000001
20
27.813000000000002
30
0
0
VERTEX
8
0
10
17.309434375000002
20
27.813000000000002
30
0
0
SEQEND
0
POLYLINE
66
1
8
1_copper
10
0.0
20
0.0
30
0.0
70
1
0
VERTEX
8
0
10
28.657865625000003
20
58.105000000000004
30
0
0
VERTEX
8
0
10
28.657865625000003
20
57.907390625000005
30
0
0
VERTEX
8
0
10
28.403862500000002
20
57.907390625000005
30
0
0
VERTEX
8
0
10
28.403865625
20
58.138440625
30
0
0
VERTEX
8
0
10
28.421175
20
58.2030375
30
0
0
VERTEX
8
0
10
28.454609375
20
58.26095
30
0
0
VERTEX
8
0
10
28.466615625000003
20
58.272953125
30
0
42
0.4142390426564087
0
VERTEX
8
0
10
28.466618750000002
20
58.380721875000006
30
0
0
VERTEX
8
0
10
28.405465625
20
58.441871875000004
30
0
0
VERTEX
8
0
10
28.405465625
20
58.968125
30
0
0
VERTEX
8
0
10
28.488459375
20
59.051115625
30
0
0
VERTEX
8
0
10
28.4918625
20
59.055665625
30
0
42
0.39256960445629635
0
VERTEX
8
0
10
28.488459375
20
59.158878125
30
0
0
VERTEX
8
0
10
28.405465625
20
59.241871875
30
0
0
VERTEX
8
0
10
28.405465625
20
59.768125000000005
30
0
0
VERTEX
8
0
10
28.488459375
20
59.851115625000006
30
0
0
VERTEX
8
0
10
28.4918625
20
59.855665625
30
0
42
0.39256960445629635
0
VERTEX
8
0
10
28.488459375
20
59.958878125000005
30
0
0
VERTEX
8
0
10
28.405465625
20
60.041871875000005
30
0
0
VERTEX
8
0
10
28.405465625
20
60.568125
30
0
0
VERTEX
8
0
10
28.488459375
20
60.651115625
30
0
0
VERTEX
8
0
10
28.4918625
20
60.655665625000005
30
0
42
0.39256960445629635
0
VERTEX
8
0
10
28.488459375
20
60.758878125
30
0
0
VERTEX
8
0
10
28.405465625
20
60.841871875
30
0
0
VERTEX
8
0
10
28.405465625
20
61.368125000000006
30
0
0
VERTEX
8
0
10
28.488459375
20
61.451115625
30
0
0
VERTEX
8
0
10
28.4918625
20
61.455665625
30
0
42
0.39256960445629635
0
VERTEX
8
0
10
28.488459375
20
61.558878125
30
0
0
VERTEX
8
0
10
28.405465625
20
61.641871875
30
0
0
VERTEX
8
0
10
28.405465625
20
62.168125
30
0
0
VERTEX
8
0
10
28.488459375
20
62.251115625000004
30
0
0
VERTEX
8
0
10
28.4918625
20
62.255665625000006
30
0
42
0.39256960445629635
0
VERTEX
8
0
10
28.488459375
20
62.358878125000004
30
0
0
VERTEX
8
0
10
28.405465625
20
62.441871875000004
30
0
0
VERTEX
8
0
10
28.405465625
20
62.968125
30
0
0
VERTEX
8
0
10
28.488459375
20
63.051115625
30
0
0
VERTEX
8
0
10
28.4918625
20
63.055665625
30
0
42
0.39256960445629635
0
VERTEX
8
0
10
28.488459375
20
63.158878125
30
0
0
VERTEX
8
0
10
28.405465625
20
63.241871875
30
0
0
VERTEX
8
0
10
28.405465625
20
63.768125000000005
30
0
0
VERTEX
8
0
10
28.488459375
20
63.851115625000006
30
0
0
VERTEX
8
0
10
28.4918625
20
63.855665625
30
0
42
0.39256960445629635
0
VERTEX
8
0
10
28.488459375
20
63.958878125000005
30
0
0
VERTEX
8
0
10
28.405465625
20
64.041871875
30
0
0
VERTEX
8
0
10
28.405465625
20
64.56812500000001
30
0
0
VERTEX
8
0
10
28.488459375
20
64.651115625
30
0
0
VERTEX
8
0
10
28.4918625
20
64.655665625
30
0
42
0.39256960445629635
0
VERTEX
8
0
10
28.488459375
20
64.75887812500001
30
0
0
VERTEX
8
0
10
28.405465625
20
64.84187187500001
30
0
0
VERTEX
8
0
10
28.405465625
20
65.368125
30
0
0
VERTEX
8
0
10
28.488459375
20
65.451115625
30
0
0
VERTEX
8
0
10
28.4918625
20
65.45566562500001
30
0
42
0.39256960445629635
0
VERTEX
8
0
10
28.488459375
20
65.558878125
30
0
0
VERTEX
8
0
10
28.405465625
20
65.641871875
30
0
0
VERTEX
8
0
10
28.405465625
20
66.168125
30
0
0
VERTEX
8
0
10
28.488459375
20
66.251115625
30
0
0
VERTEX
8
0
10
28.4918625
20
66.255665625
30
0
42
0.39256960445629635
0
VERTEX
8
0
10
28.488459375
20
66.358878125
30
0
0
VERTEX
8
0
10
28.405465625
20
66.441871875
30
0
0
VERTEX
8
0
10
28.405465625
20
66.968125
30
0
0
VERTEX
8
0
10
28.466618750000002
20
67.029275
30
0
0
VERTEX
8
0
10
28.4678375
20
67.03090312500001
30
0
0
VERTEX
8
0
10
28.468721875
20
67.031675
30
0
0
VERTEX
8
0
10
28.470225000000003
20
67.034034375
30
0
42
0.08960172162502414
0
VERTEX
8
0
10
28.484328125
20
67.05705312500001
30
0
0
VERTEX
8
0
10
28.48540625
20
67.06220625
30
0
42
0.14005562851359596
0
VERTEX
8
0
10
28.481275
20
67.115059375
30
0
0
VERTEX
8
0
10
28.47923125
20
67.120371875
30
0
42
0.04484649636558202
0
VERTEX
8
0
10
28.466615625000003
20
67.13704375
30
0
0
VERTEX
8
0
10
28.4546125
20
67.14904375
30
0
0
VERTEX
8
0
10
28.444975000000003
20
67.165740625
30
0
42
0.5729205406686876
0
VERTEX
8
0
10
28.31350625
20
67.166621875
30
0
0
VERTEX
8
0
10
28.310115625
20
67.15858750000001
30
0
0
VERTEX
8
0
10
28.30676875
20
67.151971875
30
0
42
0.01071288067369695
0
VERTEX
8
0
10
28.305378125
20
67.1473625
30
0
0
VERTEX
8
0
10
28.294553125
20
67.106959375
30
0
0
VERTEX
8
0
10
28.261112500000003
20
67.0490375
30
0
0
VERTEX
8
0
10
28.213825
20
67.00175
30
0
0
VERTEX
8
0
10
28.155903125000002
20
66.968309375
30
0
0
VERTEX
8
0
10
28.091306250000002
20
66.95100000000001
30
0
0
VERTEX
8
0
10
27.957865625
20
66.95100000000001
30
0
0
VERTEX
8
0
10
27.957865625
20
67.205
30
0
0
VERTEX
8
0
10
28.057865625
20
67.205
30
0
0
VERTEX
8
0
10
28.057865625
20
67.50499375
30
0
0
VERTEX
8
0
10
28.37080625
20
67.50499375
30
0
0
VERTEX
8
0
10
28.37275
20
67.50472500000001
30
0
42
0.051003314064063915
0
VERTEX
8
0
10
28.3880625
20
67.50260312500001
30
0
0
VERTEX
8
0
10
28.657865625000003
20
67.50260312500001
30
0
0
VERTEX
8
0
10
28.657865625000003
20
67.305
30
0
0
VERTEX
8
0
10
29.357865625000002
20
67.305
30
0
0
VERTEX
8
0
10
29.357865625000002
20
67.5026
30
0
0
VERTEX
8
0
10
29.6118625
20
67.5026
30
0
0
VERTEX
8
0
10
29.6118625
20
67.27155625
30
0
0
VERTEX
8
0
10
29.594553125
20
67.206959375
30
0
0
VERTEX
8
0
10
29.5611125
20
67.1490375
30
0
0
VERTEX
8
0
10
29.513828125
20
67.101753125
30
0
0
VERTEX
8
0
10
29.512853125000003
20
67.101190625
30
0
42
0.4103243583702492
0
VERTEX
8
0
10
29.48445625
20
66.99798125000001
30
0
0
VERTEX
8
0
10
29.488371875000002
20
66.99280625
30
0
0
VERTEX
8
0
10
29.491346875
20
66.987721875
30
0
42
0.019400196565354702
0
VERTEX
8
0
10
29.497071875000003
20
66.9813125
30
0
0
VERTEX
8
0
10
29.510262500000003
20
66.96812187500001
30
0
0
VERTEX
8
0
10
29.510262500000003
20
66.441871875
30
0
0
VERTEX
8
0
10
29.42726875
20
66.358878125
30
0
0
VERTEX
8
0
10
29.423865625
20
66.35432812500001
30
0
42
0.39256960445629635
0
VERTEX
8
0
10
29.42726875
20
66.251115625
30
0
0
VERTEX
8
0
10
29.510262500000003
20
66.168125
30
0
0
VERTEX
8
0
10
29.510262500000003
20
65.641871875
30
0
0
VERTEX
8
0
10
29.42726875
20
65.558878125
30
0
0
VERTEX
8
0
10
29.423865625
20
65.554328125
30
0
42
0.39256960445629635
0
VERTEX
8
0
10
29.42726875
20
65.451115625
30
0
0
VERTEX
8
0
10
29.510262500000003
20
65.368125
30
0
0
VERTEX
8
0
10
29.510262500000003
20
64.84187187500001
30
0
0
VERTEX
8
0
10
29.42726875
20
64.75887812500001
30
0
0
VERTEX
8
0
10
29.423865625
20
64.754328125
30
0
42
0.39256960445629635
0
VERTEX
8
0
10
29.42726875
20
64.651115625
30
0
0
VERTEX
8
0
10
29.510262500000003
20
64.56812500000001
30
0
0
VERTEX
8
0
10
29.510262500000003
20
64.041871875
30
0
0
VERTEX
8
0
10
29.42726875
20
63.958878125000005
30
0
0
VERTEX
8
0
10
29.423862500000002
20
63.954321875000005
30
0
42
0.3925688461578796
0
VERTEX
8
0
10
29.427271875000002
20
63.851109375
30
0
0
VERTEX
8
0
10
29.446275
20
63.832109375
30
0
42
0.12006979515998799
0
VERTEX
8
0
10
29.484115625
20
63.811503125
30
0
0
VERTEX
8
0
10
29.491509375
20
63.81099375
30
0
0
VERTEX
8
0
10
29.500153125
20
63.809796875
30
0
0
VERTEX
8
0
10
29.69218125
20
63.809796875
30
0
0
VERTEX
8
0
10
29.700609375000003
20
63.811012500000004
30
0
0
VERTEX
8
0
10
29.709075000000002
20
63.81169375
30
0
42
0.08765396656356698
0
VERTEX
8
0
10
29.7335125
20
63.821978125
30
0
0
VERTEX
8
0
10
29.739106250000003
20
63.82685
30
0
0
VERTEX
8
0
10
29.7460625
20
63.832115625
30
0
0
VERTEX
8
0
10
31.121178125
20
65.207228125
30
0
0
VERTEX
8
0
10
31.12216875
20
65.20855
30
0
0
VERTEX
8
0
10
31.123446875000003
20
65.209596875
30
0
42
0.2031703873700634
0
VERTEX
8
0
10
31.142971875
20
65.270046875
30
0
0
VERTEX
8
0
10
31.140400000000003
20
65.279903125
30
0
0
VERTEX
8
0
10
31.140400000000003
20
65.52625625
30
0
0
VERTEX
8
0
10
31.233206250000002
20
65.750309375
30
0
0
VERTEX
8
0
10
31.4046875
20
65.921790625
30
0
0
VERTEX
8
0
10
31.628740625000002
20
66.01459687500001
30
0
0
VERTEX
8
0
10
31.871256250000002
20
66.01459687500001
30
0
0
VERTEX
8
0
10
32.095309375
20
65.921790625
30
0
0
VERTEX
8
0
10
32.266790625
20
65.750309375
30
0
0
VERTEX
8
0
10
32.359596875
20
65.52625625
30
0
0
VERTEX
8
0
10
32.359596875
20
65.28374062500001
30
0
0
VERTEX
8
0
10
32.354396875
20
65.2711875
30
0
42
0.820672400440797
0
VERTEX
8
0
10
32.478678125
20
65.188146875
30
0
0
VERTEX
8
0
10
35.181646875
20
67.89111875
30
0
0
VERTEX
8
0
10
35.183350000000004
20
67.89339687500001
30
0
0
VERTEX
8
0
10
35.185509375
20
67.895278125
30
0
42
0.5484095900174472
0
VERTEX
8
0
10
35.148471875
20
68.01833125
30
0
0
VERTEX
8
0
10
35.139809375
20
68.01953125
30
0
0
VERTEX
8
0
10
35.132568750000004
20
68.02104687500001
30
0
42
0.015770375218223928
0
VERTEX
8
0
10
35.127765625
20
68.02120000000001
30
0
0
VERTEX
8
0
10
35.077400000000004
20
68.02120000000001
30
0
0
VERTEX
8
0
10
35.077400000000004
20
73.34
30
0
0
VERTEX
8
0
10
35.07661875
20
73.347690625
30
0
42
0.16611936459598775
0
VERTEX
8
0
10
35.040659375000004
20
73.439240625
30
0
0
VERTEX
8
0
10
35.030187500000004
20
73.450246875
30
0
0
VERTEX
8
0
10
35.0300375
20
73.450421875
30
0
0
VERTEX
8
0
10
35.029975
20
73.450471875
30
0
0
VERTEX
8
0
10
35.02988125
20
73.45056875
30
0
0
VERTEX
8
0
10
33.531
20
74.872346875
30
0
0
VERTEX
8
0
10
33.531
20
75.684
30
0
0
VERTEX
8
0
10
33.1724
20
75.684
30
0
0
VERTEX
8
0
10
33.1724
20
77.86638437500001
30
0
0
VERTEX
8
0
10
33.205375000000004
20
77.87294375
30
0
42
0.3303552833504715
0
VERTEX
8
0
10
33.782000000000004
20
78.57556562500001
30
0
0
VERTEX
8
0
10
33.782000000000004
20
80.174434375
30
0
0
VERTEX
8
0
10
33.774662500000005
20
80.24894375000001
30
0
42
0.9063472543261978
0
VERTEX
8
0
10
32.258
20
80.174434375
30
0
0
VERTEX
8
0
10
32.258
20
78.57556562500001
30
0
0
VERTEX
8
0
10
32.2653375
20
78.50105625
30
0
42
0.30334643882340373
0
VERTEX
8
0
10
32.834625
20
77.87294375
30
0
0
VERTEX
8
0
10
32.8676
20
77.86638437500001
30
0
0
VERTEX
8
0
10
32.8676
20
75.684
30
0
0
VERTEX
8
0
10
32.431000000000004
20
75.684
30
0
0
VERTEX
8
0
10
32.431000000000004
20
74.684
30
0
0
VERTEX
8
0
10
33.286668750000004
20
74.684
30
0
0
VERTEX
8
0
10
34.772600000000004
20
73.27450625
30
0
0
VERTEX
8
0
10
34.772600000000004
20
68.02120000000001
30
0
0
VERTEX
8
0
10
34.27723125
20
68.02120000000001
30
0
0
VERTEX
8
0
10
34.268821875
20
68.0199875
30
0
0
VERTEX
8
0
10
34.2603375
20
68.01930312500001
30
0
42
0.08765396656356698
0
VERTEX
8
0
10
34.2359
20
68.00901875000001
30
0
0
VERTEX
8
0
10
34.23030625
20
68.004146875
30
0
0
VERTEX
8
0
10
34.22335
20
67.99888125
30
0
0
VERTEX
8
0
10
33.991671875
20
67.7672
30
0
0
VERTEX
8
0
10
33.318325
20
67.7672
30
0
0
VERTEX
8
0
10
33.086646875
20
67.99888125
30
0
0
VERTEX
8
0
10
33.079862500000004
20
68.00395312500001
30
0
0
VERTEX
8
0
10
33.0733625
20
68.0094875
30
0
42
0.08765145259213399
0
VERTEX
8
0
10
33.048809375000005
20
68.019490625
30
0
0
VERTEX
8
0
10
33.041434375
20
68.02000000000001
30
0
0
VERTEX
8
0
10
33.032765625
20
68.02120000000001
30
0
0
VERTEX
8
0
10
31.73723125
20
68.02120000000001
30
0
0
VERTEX
8
0
10
31.728821875
20
68.0199875
30
0
0
VERTEX
8
0
10
31.720337500000003
20
68.01930312500001
30
0
42
0.08765396656356698
0
VERTEX
8
0
10
31.6959
20
68.00901875000001
30
0
0
VERTEX
8
0
10
31.690306250000003
20
68.004146875
30
0
0
VERTEX
8
0
10
31.68335
20
67.99888125
30
0
0
VERTEX
8
0
10
31.451671875000002
20
67.7672
30
0
0
VERTEX
8
0
10
30.778325000000002
20
67.7672
30
0
0
VERTEX
8
0
10
30.546646875
20
67.99888125
30
0
0
VERTEX
8
0
10
30.5398625
20
68.00395312500001
30
0
0
VERTEX
8
0
10
30.533362500000003
20
68.0094875
30
0
42
0.08765145259213399
0
VERTEX
8
0
10
30.508809375000002
20
68.019490625
30
0
0
VERTEX
8
0
10
30.501434375000002
20
68.02000000000001
30
0
0
VERTEX
8
0
10
30.492765625
20
68.02120000000001
30
0
0
VERTEX
8
0
10
29.797115625
20
68.02120000000001
30
0
0
VERTEX
8
0
10
29.79951875
20
68.022778125
30
0
0
VERTEX
8
0
10
29.808015625000003
20
68.02749375
30
0
42
0.01874634028181357
0
VERTEX
8
0
10
29.817143750000003
20
68.0343625
30
0
0
VERTEX
8
0
10
29.828750000000003
20
68.0448375
30
0
0
VERTEX
8
0
10
30.257562500000002
20
68.47365
30
0
0
VERTEX
8
0
10
30.26118125
20
68.4780875
30
0
0
VERTEX
8
0
10
30.265331250000003
20
68.48202500000001
30
0
42
0.15312467584094633
0
VERTEX
8
0
10
30.301396875000002
20
68.565796875
30
0
0
VERTEX
8
0
10
30.302200000000003
20
68.5814125
30
0
0
VERTEX
8
0
10
30.302200000000003
20
68.916675
30
0
0
VERTEX
8
0
10
31.2887625
20
69.9032375
30
0
0
VERTEX
8
0
10
31.2896125
20
69.90428125
30
0
0
VERTEX
8
0
10
31.290653125000002
20
69.905159375
30
0
42
0.1531315662136536
0
VERTEX
8
0
10
31.331456250000002
20
69.986734375
30
0
0
VERTEX
8
0
10
31.33315
20
70.002275
30
0
0
VERTEX
8
0
10
31.404981250000002
20
71.25500000000001
30
0
0
VERTEX
8
0
10
31.831000000000003
20
71.25500000000001
30
0
0
VERTEX
8
0
10
31.831000000000003
20
72.25500000000001
30
0
0
VERTEX
8
0
10
30.731
20
72.25500000000001
30
0
0
VERTEX
8
0
10
30.731
20
71.25500000000001
30
0
0
VERTEX
8
0
10
31.09968125
20
71.25500000000001
30
0
0
VERTEX
8
0
10
31.032175000000002
20
70.07770000000001
30
0
0
VERTEX
8
0
10
30.042037500000003
20
69.0875625
30
0
0
VERTEX
8
0
10
30.03841875
20
69.08312500000001
30
0
0
VERTEX
8
0
10
30.034268750000003
20
69.0791875
30
0
42
0.15312467584094633
0
VERTEX
8
0
10
29.998203125
20
68.995415625
30
0
0
VERTEX
8
0
10
29.997400000000003
20
68.9798
30
0
0
VERTEX
8
0
10
29.997400000000003
20
68.6445375
30
0
0
VERTEX
8
0
10
29.6578625
20
68.305
30
0
0
VERTEX
8
0
10
29.505465625000003
20
68.305
30
0
0
VERTEX
8
0
10
29.49976875
20
68.304421875
30
0
0
VERTEX
8
0
10
29.49405
20
68.30457187500001
30
0
42
0.1531278540915039
0
VERTEX
8
0
10
29.409309375000003
20
68.2708375
30
0
0
VERTEX
8
0
10
29.397703125000003
20
68.2603625
30
0
0
VERTEX
8
0
10
29.142340625000003
20
68.00500000000001
30
0
0
VERTEX
8
0
10
28.657865625000003
20
68.00500000000001
30
0
0
VERTEX
8
0
10
28.657865625000003
20
67.807390625
30
0
0
VERTEX
8
0
10
28.3880625
20
67.807390625
30
0
0
VERTEX
8
0
10
28.38244375
20
67.806578125
30
0
42
0.3925881563456996
0
VERTEX
8
0
10
28.3118625
20
67.731190625
30
0
0
VERTEX
8
0
10
28.3118625
20
67.705
30
0
0
VERTEX
8
0
10
28.057865625
20
67.705
30
0
0
VERTEX
8
0
10
28.057865625
20
68.00500000000001
30
0
0
VERTEX
8
0
10
27.657865625000003
20
68.00500000000001
30
0
0
VERTEX
8
0
10
27.657865625000003
20
67.705
30
0
0
VERTEX
8
0
10
27.257865625
20
67.705
30
0
0
VERTEX
8
0
10
27.257865625
20
68.00500000000001
30
0
0
VERTEX
8
0
10
26.857865625000002
20
68.00500000000001
30
0
0
VERTEX
8
0
10
26.857865625000002
20
67.705
30
0
0
VERTEX
8
0
10
26.457865625
20
67.705
30
0
0
VERTEX
8
0
10
26.457865625
20
68.00500000000001
30
0
0
VERTEX
8
0
10
26.057865625
20
68.00500000000001
30
0
0
VERTEX
8
0
10
26.057865625
20
67.705
30
0
0
VERTEX
8
0
10
25.657865625
20
67.705
30
0
0
VERTEX
8
0
10
25.657865625
20
68.00500000000001
30
0
0
VERTEX
8
0
10
25.257865625
20
68.00500000000001
30
0
0
VERTEX
8
0
10
25.257865625
20
67.705
30
0
0
VERTEX
8
0
10
24.857865625000002
20
67.705
30
0
0
VERTEX
8
0
10
24.857865625000002
20
68.00500000000001
30
0
0
VERTEX
8
0
10
24.457865625
20
68.00500000000001
30
0
0
VERTEX
8
0
10
24.457865625
20
67.705
30
0
0
VERTEX
8
0
10
24.057865625
20
67.705
30
0
0
VERTEX
8
0
10
24.057865625
20
68.00500000000001
30
0
0
VERTEX
8
0
10
23.657865625
20
68.00500000000001
30
0
0
VERTEX
8
0
10
23.657865625
20
67.705
30
0
0
VERTEX
8
0
10
23.257865625
20
67.705
30
0
0
VERTEX
8
0
10
23.257865625
20
68.00500000000001
30
0
0
VERTEX
8
0
10
22.857865625000002
20
68.00500000000001
30
0
0
VERTEX
8
0
10
22.857865625000002
20
67.705
30
0
0
VERTEX
8
0
10
22.457865625
20
67.705
30
0
0
VERTEX
8
0
10
22.457865625
20
68.00500000000001
30
0
0
VERTEX
8
0
10
22.057865625
20
68.00500000000001
30
0
0
VERTEX
8
0
10
22.057865625
20
67.705
30
0
0
VERTEX
8
0
10
21.657865625
20
67.705
30
0
0
VERTEX
8
0
10
21.657865625
20
68.00500000000001
30
0
0
VERTEX
8
0
10
21.257865625
20
68.00500000000001
30
0
0
VERTEX
8
0
10
21.257865625
20
67.705
30
0
0
VERTEX
8
0
10
20.857865625000002
20
67.705
30
0
0
VERTEX
8
0
10
20.857865625000002
20
68.00500000000001
30
0
0
VERTEX
8
0
10
20.457865625
20
68.00500000000001
30
0
0
VERTEX
8
0
10
20.457865625
20
67.705
30
0
0
VERTEX
8
0
10
20.057865625
20
67.705
30
0
0
VERTEX
8
0
10
20.057865625
20
68.00500000000001
30
0
0
VERTEX
8
0
10
19.657865625
20
68.00500000000001
30
0
0
VERTEX
8
0
10
19.657865625
20
67.705
30
0
0
VERTEX
8
0
10
19.257865625
20
67.705
30
0
0
VERTEX
8
0
10
19.257865625
20
68.00500000000001
30
0
0
VERTEX
8
0
10
18.857865625000002
20
68.00500000000001
30
0
0
VERTEX
8
0
10
18.857865625000002
20
67.705
30
0
0
VERTEX
8
0
10
18.457865625
20
67.705
30
0
0
VERTEX
8
0
10
18.457865625
20
68.00500000000001
30
0
0
VERTEX
8
0
10
18.057865625
20
68.00500000000001
30
0
0
VERTEX
8
0
10
18.057865625
20
67.705
30
0
0
VERTEX
8
0
10
17.803865625
20
67.705
30
0
0
VERTEX
8
0
10
17.803865625
20
67.7311875
30
0
42
0.41422557412106575
0
VERTEX
8
0
10
17.727665625
20
67.807390625
30
0
0
VERTEX
8
0
10
17.457865625
20
67.807390625
30
0
0
VERTEX
8
0
10
17.457865625
20
68.00500000000001
30
0
0
VERTEX
8
0
10
16.757865625
20
68.00500000000001
30
0
0
VERTEX
8
0
10
16.757865625
20
67.8074
30
0
0
VERTEX
8
0
10
16.5038625
20
67.8074
30
0
0
VERTEX
8
0
10
16.503865625
20
67.94500000000001
30
0
0
VERTEX
8
0
10
16.503053125
20
67.95061875
30
0
42
0.3925881563456996
0
VERTEX
8
0
10
16.427665625
20
68.02120000000001
30
0
0
VERTEX
8
0
10
15.379325000000001
20
68.02120000000001
30
0
0
VERTEX
8
0
10
14.7574
20
68.643125
30
0
0
VERTEX
8
0
10
14.7574
20
72.961875
30
0
0
VERTEX
8
0
10
15.938125000000001
20
74.1426
30
0
0
VERTEX
8
0
10
19.637865625
20
74.1426
30
0
0
VERTEX
8
0
10
19.6435625
20
74.143178125
30
0
0
VERTEX
8
0
10
19.64928125
20
74.143028125
30
0
42
0.1531278540915039
0
VERTEX
8
0
10
19.734021875
20
74.17676250000001
30
0
0
VERTEX
8
0
10
19.745628125
20
74.18723750000001
30
0
0
VERTEX
8
0
10
21.557865625
20
75.999475
30
0
0
VERTEX
8
0
10
21.557865625
20
75.74000000000001
30
0
0
VERTEX
8
0
10
21.957865625
20
75.74000000000001
30
0
0
VERTEX
8
0
10
21.957865625
20
77.09
30
0
0
VERTEX
8
0
10
21.557865625
20
77.09
30
0
0
VERTEX
8
0
10
21.557865625
20
76.430525
30
0
0
VERTEX
8
0
10
19.574740625
20
74.4474
30
0
0
VERTEX
8
0
10
15.875
20
74.4474
30
0
0
VERTEX
8
0
10
15.869303125
20
74.446821875
30
0
0
VERTEX
8
0
10
15.863584375
20
74.446971875
30
0
42
0.1531278540915039
0
VERTEX
8
0
10
15.77884375
20
74.41323750000001
30
0
0
VERTEX
8
0
10
15.7672375
20
74.40276250000001
30
0
0
VERTEX
8
0
10
14.4972375
20
73.1327625
30
0
0
VERTEX
8
0
10
14.493618750000001
20
73.128325
30
0
0
VERTEX
8
0
10
14.48946875
20
73.1243875
30
0
42
0.15312467584094633
0
VERTEX
8
0
10
14.453403125000001
20
73.040615625
30
0
0
VERTEX
8
0
10
14.4526
20
73.025
30
0
0
VERTEX
8
0
10
14.4526
20
68.58
30
0
0
VERTEX
8
0
10
14.453178125
20
68.574303125
30
0
0
VERTEX
8
0
10
14.453028125000001
20
68.568584375
30
0
42
0.1531278540915039
0
VERTEX
8
0
10
14.486762500000001
20
68.48384375
30
0
0
VERTEX
8
0
10
14.4972375
20
68.4722375
30
0
0
VERTEX
8
0
10
14.948275
20
68.02120000000001
30
0
0
VERTEX
8
0
10
12.076575
20
68.02120000000001
30
0
0
VERTEX
8
0
10
12.07374375
20
68.020790625
30
0
0
VERTEX
8
0
10
12.070903125000001
20
68.0209875
30
0
42
0.548409711059846
0
VERTEX
8
0
10
12.010078125
20
67.9077875
30
0
0
VERTEX
8
0
10
12.015353125
20
67.90081875
30
0
0
VERTEX
8
0
10
12.019403125
20
67.894621875
30
0
42
0.015772426617527556
0
VERTEX
8
0
10
12.02269375
20
67.89111875
30
0
0
VERTEX
8
0
10
15.531818750000001
20
64.381990625
30
0
0
VERTEX
8
0
10
15.534096875000001
20
64.38028750000001
30
0
0
VERTEX
8
0
10
15.535978125000002
20
64.378128125
30
0
42
0.5484095900174472
0
VERTEX
8
0
10
15.65903125
20
64.415165625
30
0
0
VERTEX
8
0
10
15.66023125
20
64.423828125
30
0
0
VERTEX
8
0
10
15.661746875
20
64.43106875000001
30
0
42
0.015770375218223928
0
VERTEX
8
0
10
15.661900000000001
20
64.435871875
30
0
0
VERTEX
8
0
10
15.661900000000001
20
64.67228125
30
0
0
VERTEX
8
0
10
15.972715625000001
20
64.983096875
30
0
0
VERTEX
8
0
10
16.368246875
20
64.983096875
30
0
0
VERTEX
8
0
10
16.376675000000002
20
64.9843125
30
0
0
VERTEX
8
0
10
16.385140625000002
20
64.98499375
30
0
42
0.08765396656356698
0
VERTEX
8
0
10
16.409578125
20
64.995278125
30
0
0
VERTEX
8
0
10
16.415171875000002
20
65.00015
30
0
0
VERTEX
8
0
10
16.422128125
20
65.005415625
30
0
0
VERTEX
8
0
10
16.583146875
20
65.16643437500001
30
0
0
VERTEX
8
0
10
16.58821875
20
65.17321875
30
0
0
VERTEX
8
0
10
16.593753125
20
65.17971875
30
0
42
0.08765145259213399
0
VERTEX
8
0
10
16.60375625
20
65.204271875
30
0
0
VERTEX
8
0
10
16.604265625
20
65.211646875
30
0
0
VERTEX
8
0
10
16.605465625
20
65.220315625
30
0
0
VERTEX
8
0
10
16.605465625
20
65.368121875
30
0
0
VERTEX
8
0
10
16.61865625
20
65.3813125
30
0
42
0.43883517126213045
0
VERTEX
8
0
10
16.602875
20
65.501190625
30
0
0
VERTEX
8
0
10
16.6019
20
65.50175312500001
30
0
0
VERTEX
8
0
10
16.554615625
20
65.5490375
30
0
0
VERTEX
8
0
10
16.521175
20
65.606959375
30
0
0
VERTEX
8
0
10
16.503865625
20
65.67155625000001
30
0
0
VERTEX
8
0
10
16.5038625
20
65.7526
30
0
0
VERTEX
8
0
10
16.757865625
20
65.7526
30
0
0
VERTEX
8
0
10
16.757865625
20
65.705
30
0
0
VERTEX
8
0
10
17.557865625
20
65.705
30
0
0
VERTEX
8
0
10
17.557865625
20
66.105
30
0
0
VERTEX
8
0
10
17.257865625
20
66.105
30
0
0
VERTEX
8
0
10
17.257865625
20
66.50500000000001
30
0
0
VERTEX
8
0
10
17.557865625
20
66.50500000000001
30
0
0
VERTEX
8
0
10
17.557865625
20
66.905
30
0
0
VERTEX
8
0
10
17.257865625
20
66.905
30
0
0
VERTEX
8
0
10
17.257865625
20
67.217940625
30
0
0
VERTEX
8
0
10
17.258134375
20
67.219884375
30
0
42
0.051003314064063915
0
VERTEX
8
0
10
17.26025625
20
67.235196875
30
0
0
VERTEX
8
0
10
17.26025625
20
67.305
30
0
0
VERTEX
8
0
10
17.457865625
20
67.305
30
0
0
VERTEX
8
0
10
17.457865625
20
67.50260312500001
30
0
0
VERTEX
8
0
10
17.727665625
20
67.50260312500001
30
0
0
VERTEX
8
0
10
17.733284375
20
67.503415625
30
0
42
0.03481450923228224
0
VERTEX
8
0
10
17.744018750000002
20
67.5049625
30
0
0
VERTEX
8
0
10
17.744228125
20
67.50499375
30
0
0
VERTEX
8
0
10
18.057865625
20
67.50499375
30
0
0
VERTEX
8
0
10
18.057865625
20
67.205
30
0
0
VERTEX
8
0
10
18.457865625
20
67.205
30
0
0
VERTEX
8
0
10
18.457865625
20
67.50499375
30
0
0
VERTEX
8
0
10
18.857865625000002
20
67.50499375
30
0
0
VERTEX
8
0
10
18.857865625000002
20
67.205
30
0
0
VERTEX
8
0
10
18.957859375
20
67.205
30
0
0
VERTEX
8
0
10
18.957859375
20
66.92831875
30
0
0
VERTEX
8
0
10
18.953500000000002
20
66.924521875
30
0
42
0.3151265789046794
0
VERTEX
8
0
10
18.944750000000003
20
66.8375875
30
0
0
VERTEX
8
0
10
18.950009375
20
66.83063750000001
30
0
0
VERTEX
8
0
10
18.954071875
20
66.824421875
30
0
42
0.015772426617527556
0
VERTEX
8
0
10
18.957362500000002
20
66.82091875
30
0
0
VERTEX
8
0
10
19.017921875000003
20
66.7603625
30
0
0
VERTEX
8
0
10
19.126196875
20
66.498965625
30
0
0
VERTEX
8
0
10
19.126196875
20
66.21603125
30
0
0
VERTEX
8
0
10
19.017921875000003
20
65.954634375
30
0
0
VERTEX
8
0
10
18.818315625
20
65.75503125
30
0
0
VERTEX
8
0
10
18.81324375
20
65.748246875
30
0
0
VERTEX
8
0
10
18.807709375
20
65.741746875
30
0
42
0.08765145259213399
0
VERTEX
8
0
10
18.79770625
20
65.71719375
30
0
0
VERTEX
8
0
10
18.797196875
20
65.70981875
30
0
0
VERTEX
8
0
10
18.795996875
20
65.70115
30
0
0
VERTEX
8
0
10
18.795996875
20
61.466878125
30
0
0
VERTEX
8
0
10
18.7972125
20
61.458450000000006
30
0
0
VERTEX
8
0
10
18.79789375
20
61.449984375
30
0
42
0.08765396656356698
0
VERTEX
8
0
10
18.808178125
20
61.425546875
30
0
0
VERTEX
8
0
10
18.81305
20
61.419953125000006
30
0
0
VERTEX
8
0
10
18.818315625
20
61.412996875000005
30
0
0
VERTEX
8
0
10
19.973784375
20
60.257525
30
0
0
VERTEX
8
0
10
19.9760625
20
60.255821875
30
0
0
VERTEX
8
0
10
19.97794375
20
60.253662500000004
30
0
42
0.5484095900174472
0
VERTEX
8
0
10
20.100996875
20
60.2907
30
0
0
VERTEX
8
0
10
20.102196875
20
60.2993625
30
0
0
VERTEX
8
0
10
20.1037125
20
60.306603125
30
0
42
0.015770375218223928
0
VERTEX
8
0
10
20.103865625
20
60.311406250000005
30
0
0
VERTEX
8
0
10
20.103865625
20
60.577603125
30
0
0
VERTEX
8
0
10
20.357865625000002
20
60.577603125
30
0
0
VERTEX
8
0
10
20.357865625000002
20
60.005
30
0
0
VERTEX
8
0
10
21.807865625
20
60.005
30
0
0
VERTEX
8
0
10
21.807865625
20
60.577603125
30
0
0
VERTEX
8
0
10
22.332865625
20
60.577603125
30
0
0
VERTEX
8
0
10
22.332865625
20
60.005
30
0
0
VERTEX
8
0
10
22.90546875
20
60.005
30
0
0
VERTEX
8
0
10
22.90546875
20
59.750996875000006
30
0
0
VERTEX
8
0
10
22.299425
20
59.751000000000005
30
0
0
VERTEX
8
0
10
22.257725
20
59.762175000000006
30
0
42
0.6633560432623808
0
VERTEX
8
0
10
22.171503125
20
59.651359375000006
30
0
0
VERTEX
8
0
10
22.17765
20
59.643237500000005
30
0
0
VERTEX
8
0
10
22.182096875000003
20
59.636790625
30
0
42
0.009564965529651071
0
VERTEX
8
0
10
22.18411875
20
59.634690625000005
30
0
0
VERTEX
8
0
10
22.310815625
20
59.507996875
30
0
0
VERTEX
8
0
10
23.240996875
20
58.577815625
30
0
0
VERTEX
8
0
10
23.240996875
20
58.535196875000004
30
0
42
0.41421356237309503
0
VERTEX
8
0
10
23.317196875
20
58.458996875000004
30
0
0
VERTEX
8
0
10
23.363071875000003
20
58.458996875000004
30
0
0
VERTEX
8
0
10
23.403978125000002
20
58.418087500000006
30
0
42
0.4142220557498749
0
VERTEX
8
0
10
23.51174375
20
58.418087500000006
30
0
0
VERTEX
8
0
10
23.552653125000003
20
58.458996875000004
30
0
0
VERTEX
8
0
10
24.163071875
20
58.458996875000004
30
0
0
VERTEX
8
0
10
24.203978125000003
20
58.418087500000006
30
0
42
0.4142220557498749
0
VERTEX
8
0
10
24.31174375
20
58.418087500000006
30
0
0
VERTEX
8
0
10
24.352653125
20
58.458996875000004
30
0
0
VERTEX
8
0
10
24.963075
20
58.458996875000004
30
0
0
VERTEX
8
0
10
25.075825000000002
20
58.34624375
30
0
0
VERTEX
8
0
10
25.080371875
20
58.34284375
30
0
42
0.2947874737043994
0
VERTEX
8
0
10
25.161609375
20
58.331590625000004
30
0
0
VERTEX
8
0
10
25.166921875
20
58.33363125
30
0
42
0.04807110015351782
0
VERTEX
8
0
10
25.183590625
20
58.346246875000006
30
0
0
VERTEX
8
0
10
25.194740625
20
58.357396875000006
30
0
0
VERTEX
8
0
10
25.720990625000002
20
58.357396875000006
30
0
0
VERTEX
8
0
10
25.80398125
20
58.274403125000006
30
0
0
VERTEX
8
0
10
25.80853125
20
58.271
30
0
42
0.39256960445629635
0
VERTEX
8
0
10
25.911743750000003
20
58.274403125000006
30
0
0
VERTEX
8
0
10
25.994737500000003
20
58.357396875000006
30
0
0
VERTEX
8
0
10
26.5209875
20
58.357396875000006
30
0
0
VERTEX
8
0
10
26.5321375
20
58.346246875000006
30
0
42
0.414230549670253
0
VERTEX
8
0
10
26.639903125
20
58.34624375
30
0
0
VERTEX
8
0
10
26.752653125000002
20
58.458996875000004
30
0
0
VERTEX
8
0
10
27.363075000000002
20
58.458996875000004
30
0
0
VERTEX
8
0
10
27.475825
20
58.34624375
30
0
0
VERTEX
8
0
10
27.480371875000003
20
58.34284375
30
0
42
0.2947874737043994
0
VERTEX
8
0
10
27.561609375
20
58.331590625000004
30
0
0
VERTEX
8
0
10
27.566921875000002
20
58.33363125
30
0
42
0.04807110015351782
0
VERTEX
8
0
10
27.583590625000003
20
58.346246875000006
30
0
0
VERTEX
8
0
10
27.594740625
20
58.357396875000006
30
0
0
VERTEX
8
0
10
28.120990625
20
58.357396875000006
30
0
0
VERTEX
8
0
10
28.210262500000002
20
58.268125000000005
30
0
0
VERTEX
8
0
10
28.210262500000002
20
57.341871875
30
0
0
VERTEX
8
0
10
28.120990625
20
57.2526
30
0
0
VERTEX
8
0
10
27.594740625
20
57.2526
30
0
0
VERTEX
8
0
10
27.583590625000003
20
57.26375
30
0
42
0.414230549670253
0
VERTEX
8
0
10
27.475825
20
57.263753125
30
0
0
VERTEX
8
0
10
27.390815625000002
20
57.178740625
30
0
0
VERTEX
8
0
10
27.385740625
20
57.171953125
30
0
0
VERTEX
8
0
10
27.380209375
20
57.165456250000005
30
0
42
0.08766372749491834
0
VERTEX
8
0
10
27.370203125
20
57.1409
30
0
0
VERTEX
8
0
10
27.36969375
20
57.133503125000004
30
0
0
VERTEX
8
0
10
27.368496875
20
57.124859375
30
0
0
VERTEX
8
0
10
27.368496875
20
57.021878125
30
0
0
VERTEX
8
0
10
27.369315625000002
20
57.0162125
30
0
0
VERTEX
8
0
10
27.369340625000003
20
57.01168125
30
0
0
VERTEX
8
0
10
27.37004375
20
57.009346875000006
30
0
0
VERTEX
8
0
10
27.37039375
20
57.004984375
30
0
42
0.015770042330091556
0
VERTEX
8
0
10
27.371606250000003
20
57.000334375
30
0
0
VERTEX
8
0
10
27.37495625
20
56.993028125
30
0
0
VERTEX
8
0
10
27.375615625000002
20
56.990837500000005
30
0
0
VERTEX
8
0
10
27.37613125
20
56.990046875000004
30
0
0
VERTEX
8
0
10
27.3782
20
56.984665625000005
30
0
42
0.015773954014740632
0
VERTEX
8
0
10
27.380678125000003
20
56.980546875
30
0
0
VERTEX
8
0
10
27.385550000000002
20
56.974953125000006
30
0
0
VERTEX
8
0
10
27.390815625000002
20
56.967996875000004
30
0
0
VERTEX
8
0
10
41.655996875
20
42.702815625
30
0
0
VERTEX
8
0
10
41.655996875
20
37.418109375
30
0
0
VERTEX
8
0
10
41.65640625
20
37.415278125
30
0
0
VERTEX
8
0
10
41.656209375
20
37.4124375
30
0
42
0.548409711059846
0
VERTEX
8
0
10
41.769409375
20
37.3516125
30
0
0
VERTEX
8
0
10
41.776378125
20
37.3568875
30
0
0
VERTEX
8
0
10
41.782575
20
37.3609375
30
0
42
0.015772426617527556
0
VERTEX
8
0
10
41.786078125
20
37.364228125000004
30
0
0
VERTEX
8
0
10
42.16624375
20
37.744396875
30
0
0
VERTEX
8
0
10
42.3926
20
37.744396875
30
0
0
VERTEX
8
0
10
42.3926
20
37.4904
30
0
0
VERTEX
8
0
10
42.27145625
20
37.4904
30
0
0
VERTEX
8
0
10
41.8846
20
37.10354375
30
0
0
VERTEX
8
0
10
41.8846
20
36.556456250000004
30
0
0
VERTEX
8
0
10
42.27145625
20
36.1696
30
0
0
VERTEX
8
0
10
42.3926
20
36.1696
30
0
0
VERTEX
8
0
10
42.3926
20
35.915600000000005
30
0
0
VERTEX
8
0
10
42.16624375
20
35.915600000000005
30
0
0
VERTEX
8
0
10
41.786078125
20
36.29576875
30
0
0
VERTEX
8
0
10
41.7838
20
36.297471875
30
0
0
VERTEX
8
0
10
41.78191875
20
36.299631250000004
30
0
42
0.5484095900174472
0
VERTEX
8
0
10
41.658865625000004
20
36.26259375
30
0
0
VERTEX
8
0
10
41.657665625
20
36.25393125
30
0
0
VERTEX
8
0
10
41.656150000000004
20
36.246690625
30
0
42
0.015770375218223928
0
VERTEX
8
0
10
41.655996875
20
36.241887500000004
30
0
0
VERTEX
8
0
10
41.655996875
20
34.734428125
30
0
0
VERTEX
8
0
10
41.65640625
20
34.731596875
30
0
0
VERTEX
8
0
10
41.656209375
20
34.72875625
30
0
42
0.548409711059846
0
VERTEX
8
0
10
41.769409375
20
34.66793125
30
0
0
VERTEX
8
0
10
41.776378125
20
34.67320625
30
0
0
VERTEX
8
0
10
41.782575
20
34.67725625
30
0
42
0.015772426617527556
0
VERTEX
8
0
10
41.786078125
20
34.680546875000005
30
0
0
VERTEX
8
0
10
42.208325
20
35.102796875
30
0
0
VERTEX
8
0
10
42.881671875
20
35.102796875
30
0
0
VERTEX
8
0
10
43.357796875000005
20
34.626671875
30
0
0
VERTEX
8
0
10
43.357796875000005
20
33.953328125
30
0
0
VERTEX
8
0
10
43.344240625000005
20
33.939771875
30
0
42
0.414230549670253
0
VERTEX
8
0
10
43.344237500000006
20
33.83200625
30
0
0
VERTEX
8
0
10
43.66391875
20
33.512325000000004
30
0
0
VERTEX
8
0
10
43.666196875000004
20
33.510621875
30
0
0
VERTEX
8
0
10
43.668078125
20
33.5084625
30
0
42
0.5484095900174472
0
VERTEX
8
0
10
43.79113125
20
33.545500000000004
30
0
0
VERTEX
8
0
10
43.792331250000004
20
33.554162500000004
30
0
0
VERTEX
8
0
10
43.793846875
20
33.561403125
30
0
42
0.015770375218223928
0
VERTEX
8
0
10
43.794000000000004
20
33.56620625
30
0
0
VERTEX
8
0
10
43.794000000000004
20
67.94500000000001
30
0
0
VERTEX
8
0
10
43.7931875
20
67.95061875
30
0
42
0.3925881563456996
0
VERTEX
8
0
10
43.717800000000004
20
68.02120000000001
30
0
0
VERTEX
8
0
10
41.796334375
20
68.02120000000001
30
0
0
VERTEX
8
0
10
41.790715625000004
20
68.0203875
30
0
42
0.3925881563456996
0
VERTEX
8
0
10
41.720134375
20
67.94500000000001
30
0
0
VERTEX
8
0
10
41.720134375
20
64.68908125
30
0
0
VERTEX
8
0
10
33.982115625
20
56.951062500000006
30
0
0
VERTEX
8
0
10
33.97704375
20
56.944278125000004
30
0
0
VERTEX
8
0
10
33.971509375000004
20
56.937778125
30
0
42
0.08765145259213399
0
VERTEX
8
0
10
33.96150625
20
56.913225000000004
30
0
0
VERTEX
8
0
10
33.960996875
20
56.90585
30
0
0
VERTEX
8
0
10
33.959796875
20
56.89718125
30
0
0
VERTEX
8
0
10
33.959796875
20
55.003696875
30
0
0
VERTEX
8
0
10
33.960609375000004
20
54.998078125
30
0
42
0.27464938169420694
0
VERTEX
8
0
10
34.00463125
20
54.934253125000005
30
0
0
VERTEX
8
0
10
34.01009375
20
54.932675
30
0
42
0.062792952187334
0
VERTEX
8
0
10
34.035996875
20
54.927496875
30
0
0
VERTEX
8
0
10
34.0495375
20
54.927496875
30
0
0
VERTEX
8
0
10
34.607496875
20
54.3695375
30
0
0
VERTEX
8
0
10
34.607496875
20
53.580459375000004
30
0
0
VERTEX
8
0
10
34.0495375
20
53.0225
30
0
0
VERTEX
8
0
10
33.260459375
20
53.0225
30
0
0
VERTEX
8
0
10
32.7025
20
53.580459375000004
30
0
0
VERTEX
8
0
10
32.7025
20
54.3695375
30
0
0
VERTEX
8
0
10
33.260459375
20
54.927496875
30
0
0
VERTEX
8
0
10
33.274
20
54.927496875
30
0
42
0.41421356237309503
0
VERTEX
8
0
10
33.3502
20
55.003696875
30
0
0
VERTEX
8
0
10
33.3502
20
57.181253125000005
30
0
0
VERTEX
8
0
10
41.08821875
20
64.919271875
30
0
0
VERTEX
8
0
10
41.093290625
20
64.92605625
30
0
0
VERTEX
8
0
10
41.098825000000005
20
64.93255625
30
0
42
0.08765145259213399
0
VERTEX
8
0
10
41.108828125
20
64.957109375
30
0
0
VERTEX
8
0
10
41.1093375
20
64.964484375
30
0
0
VERTEX
8
0
10
41.1105375
20
64.973153125
30
0
0
VERTEX
8
0
10
41.1105375
20
67.94500000000001
30
0
0
VERTEX
8
0
10
41.109725000000005
20
67.95061875
30
0
42
0.3925881563456996
0
VERTEX
8
0
10
41.0343375
20
68.02120000000001
30
0
0
VERTEX
8
0
10
39.427237500000004
20
68.02120000000001
30
0
0
VERTEX
8
0
10
39.418809375
20
68.019984375
30
0
0
VERTEX
8
0
10
39.41034375
20
68.01930312500001
30
0
42
0.08765396656356698
0
VERTEX
8
0
10
39.385906250000005
20
68.00901875000001
30
0
0
VERTEX
8
0
10
39.3803125
20
68.004146875
30
0
0
VERTEX
8
0
10
39.37335625
20
67.99888125
30
0
0
VERTEX
8
0
10
36.675540625000004
20
65.3010625
30
0
0
VERTEX
8
0
10
36.474678125000004
20
65.1002
30
0
0
VERTEX
8
0
10
35.5094875
20
65.1002
30
0
0
VERTEX
8
0
10
35.5078625
20
65.09996562500001
30
0
0
VERTEX
8
0
10
35.50621875
20
65.10013125
30
0
42
0.20317102946159907
0
VERTEX
8
0
10
35.449665625
20
65.071196875
30
0
0
VERTEX
8
0
10
35.4445125
20
65.062409375
30
0
0
VERTEX
8
0
10
35.270309375000004
20
64.88820625
30
0
0
VERTEX
8
0
10
35.04625625
20
64.7954
30
0
0
VERTEX
8
0
10
34.803740625
20
64.7954
30
0
0
VERTEX
8
0
10
34.5796875
20
64.88820625
30
0
0
VERTEX
8
0
10
34.40820625
20
65.05968750000001
30
0
0
VERTEX
8
0
10
34.315400000000004
20
65.28374062500001
30
0
0
VERTEX
8
0
10
34.315400000000004
20
65.52625625
30
0
0
VERTEX
8
0
10
34.40820625
20
65.750309375
30
0
0
VERTEX
8
0
10
34.5796875
20
65.921790625
30
0
0
VERTEX
8
0
10
34.803740625
20
66.01459687500001
30
0
0
VERTEX
8
0
10
35.04625625
20
66.01459687500001
30
0
0
VERTEX
8
0
10
35.270309375000004
20
65.921790625
30
0
0
VERTEX
8
0
10
35.444453125
20
65.747646875
30
0
0
VERTEX
8
0
10
35.44550625
20
65.74603437500001
30
0
0
VERTEX
8
0
10
35.450209375
20
65.73811875
30
0
42
0.15527641651127636
0
VERTEX
8
0
10
35.48878125
20
65.712665625
30
0
0
VERTEX
8
0
10
35.499334375000004
20
65.711203125
30
0
0
VERTEX
8
0
10
35.507090625000004
20
65.709834375
30
0
42
0.007865201356257153
0
VERTEX
8
0
10
35.5094875
20
65.70979687500001
30
0
0
VERTEX
8
0
10
36.19060625
20
65.70979687500001
30
0
0
VERTEX
8
0
10
36.199034375000004
20
65.71101250000001
30
0
0
VERTEX
8
0
10
36.2075
20
65.71169375000001
30
0
42
0.08765396656356698
0
VERTEX
8
0
10
36.2319375
20
65.721978125
30
0
0
VERTEX
8
0
10
36.23753125
20
65.72685
30
0
0
VERTEX
8
0
10
36.2444875
20
65.732115625
30
0
0
VERTEX
8
0
10
38.403490625
20
67.89111875
30
0
0
VERTEX
8
0
10
38.40519375
20
67.89339687500001
30
0
0
VERTEX
8
0
10
38.407353125
20
67.895278125
30
0
42
0.5484095900174472
0
VERTEX
8
0
10
38.370315625
20
68.01833125
30
0
0
VERTEX
8
0
10
38.361653125000004
20
68.01953125
30
0
0
VERTEX
8
0
10
38.3544125
20
68.02104687500001
30
0
42
0.015770375218223928
0
VERTEX
8
0
10
38.349609375
20
68.02120000000001
30
0
0
VERTEX
8
0
10
35.940996875
20
68.02120000000001
30
0
0
VERTEX
8
0
10
35.935378125
20
68.0203875
30
0
42
0.3925881563456996
0
VERTEX
8
0
10
35.864796875
20
67.94500000000001
30
0
0
VERTEX
8
0
10
35.864796875
20
67.7121625
30
0
0
VERTEX
8
0
10
30.848034375
20
62.69540000000001
30
0
0
VERTEX
8
0
10
29.5864625
20
62.69540000000001
30
0
0
VERTEX
8
0
10
29.58084375
20
62.694587500000004
30
0
42
0.3925881563456996
0
VERTEX
8
0
10
29.510262500000003
20
62.619200000000006
30
0
0
VERTEX
8
0
10
29.510262500000003
20
62.441871875000004
30
0
0
VERTEX
8
0
10
29.42726875
20
62.358878125000004
30
0
0
VERTEX
8
0
10
29.423865625
20
62.354328125
30
0
42
0.39256960445629635
0
VERTEX
8
0
10
29.42726875
20
62.251115625000004
30
0
0
VERTEX
8
0
10
29.510262500000003
20
62.168125
30
0
0
VERTEX
8
0
10
29.510262500000003
20
61.641871875
30
0
0
VERTEX
8
0
10
29.42726875
20
61.558878125
30
0
0
VERTEX
8
0
10
29.423865625
20
61.554328125000005
30
0
42
0.39256960445629635
0
VERTEX
8
0
10
29.42726875
20
61.451115625
30
0
0
VERTEX
8
0
10
29.510262500000003
20
61.368125000000006
30
0
0
VERTEX
8
0
10
29.510262500000003
20
60.841871875
30
0
0
VERTEX
8
0
10
29.428265625
20
60.759878125
30
0
0
VERTEX
8
0
10
29.426562500000003
20
60.757600000000004
30
0
0
VERTEX
8
0
10
29.424403125
20
60.75571875
30
0
42
0.5484095900174472
0
VERTEX
8
0
10
29.461440625
20
60.632665625
30
0
0
VERTEX
8
0
10
29.470096875000003
20
60.631465625000004
30
0
0
VERTEX
8
0
10
29.477340625
20
60.62995
30
0
42
0.015780610188008838
0
VERTEX
8
0
10
29.482146875
20
60.629796875000004
30
0
0
VERTEX
8
0
10
30.226000000000003
20
60.629796875000004
30
0
0
VERTEX
8
0
10
30.231618750000003
20
60.630609375000006
30
0
42
0.3925881563456996
0
VERTEX
8
0
10
30.302200000000003
20
60.705996875000004
30
0
0
VERTEX
8
0
10
30.302200000000003
20
61.296671875
30
0
0
VERTEX
8
0
10
30.778325000000002
20
61.772796875000004
30
0
0
VERTEX
8
0
10
31.451671875000002
20
61.772796875000004
30
0
0
VERTEX
8
0
10
31.927796875000002
20
61.296671875
30
0
0
VERTEX
8
0
10
31.927796875000002
20
60.623325
30
0
0
VERTEX
8
0
10
31.451671875000002
20
60.147200000000005
30
0
0
VERTEX
8
0
10
30.764815625
20
60.147200000000005
30
0
0
VERTEX
8
0
10
30.756431250000002
20
60.145990625
30
0
0
VERTEX
8
0
10
30.74795625
20
60.1453125
30
0
42
0.08530373194915453
0
VERTEX
8
0
10
30.723484375
20
60.13501875
30
0
0
VERTEX
8
0
10
30.723478125
20
60.135015625
30
0
0
VERTEX
8
0
10
30.71789375
20
60.13015
30
0
0
VERTEX
8
0
10
30.710956250000002
20
60.12490625
30
0
0
VERTEX
8
0
10
30.70735
20
60.121303125000004
30
0
42
0.5730360079841164
0
VERTEX
8
0
10
30.740503125
20
59.994065625000005
30
0
0
VERTEX
8
0
10
30.749128125000002
20
59.992871875000006
30
0
0
VERTEX
8
0
10
30.756371875000003
20
59.991350000000004
30
0
42
0.015882957150077575
0
VERTEX
8
0
10
30.761209375
20
59.991196875
30
0
0
VERTEX
8
0
10
32.41658125
20
59.991196875
30
0
0
VERTEX
8
0
10
32.425009375
20
59.9924125
30
0
0
VERTEX
8
0
10
32.433475
20
59.99309375
30
0
42
0.08765396656356698
0
VERTEX
8
0
10
32.4579125
20
60.003378125000005
30
0
0
VERTEX
8
0
10
32.46350625
20
60.008250000000004
30
0
0
VERTEX
8
0
10
32.470462500000004
20
60.013515625000004
30
0
0
VERTEX
8
0
10
32.90735625
20
60.450409375
30
0
0
VERTEX
8
0
10
32.910765625
20
60.454968750000006
30
0
42
0.39252692588609156
0
VERTEX
8
0
10
32.90735625
20
60.558171875000006
30
0
0
VERTEX
8
0
10
32.8422
20
60.623325
30
0
0
VERTEX
8
0
10
32.8422
20
61.296671875
30
0
0
VERTEX
8
0
10
33.318325
20
61.772796875000004
30
0
0
VERTEX
8
0
10
33.991671875
20
61.772796875000004
30
0
0
VERTEX
8
0
10
34.467796875000005
20
61.296671875
30
0
0
VERTEX
8
0
10
34.467796875000005
20
60.623325
30
0
0
VERTEX
8
0
10
33.991671875
20
60.147200000000005
30
0
0
VERTEX
8
0
10
33.497815625
20
60.147200000000005
30
0
0
VERTEX
8
0
10
33.4893875
20
60.145984375000005
30
0
0
VERTEX
8
0
10
33.480921875
20
60.145303125000005
30
0
42
0.08765396656356698
0
VERTEX
8
0
10
33.456484375
20
60.13501875
30
0
0
VERTEX
8
0
10
33.450890625
20
60.130146875
30
0
0
VERTEX
8
0
10
33.443934375000005
20
60.12488125
30
0
0
VERTEX
8
0
10
32.700653125
20
59.381600000000006
30
0
0
VERTEX
8
0
10
30.30668125
20
59.381600000000006
30
0
0
VERTEX
8
0
10
30.298253125000002
20
59.380384375000006
30
0
0
VERTEX
8
0
10
30.289787500000003
20
59.379703125000006
30
0
42
0.08765396656356698
0
VERTEX
8
0
10
30.26535
20
59.36941875
30
0
0
VERTEX
8
0
10
30.259756250000002
20
59.364546875
30
0
0
VERTEX
8
0
10
30.2528
20
59.35928125
30
0
0
VERTEX
8
0
10
30.09371875
20
59.2002
30
0
0
VERTEX
8
0
10
29.500153125
20
59.2002
30
0
0
VERTEX
8
0
10
29.491725000000002
20
59.198984375
30
0
0
VERTEX
8
0
10
29.483259375000003
20
59.198303125
30
0
42
0.0714535444432074
0
VERTEX
8
0
10
29.458821875
20
59.188018750000005
30
0
0
VERTEX
8
0
10
29.453228125000003
20
59.183146875000006
30
0
0
VERTEX
8
0
10
29.446271875
20
59.177881250000006
30
0
0
VERTEX
8
0
10
29.42726875
20
59.158878125
30
0
42
0.41421356237309503
0
VERTEX
8
0
10
29.42726875
20
59.051115625
30
0
0
VERTEX
8
0
10
29.510262500000003
20
58.968125
30
0
0
VERTEX
8
0
10
29.510262500000003
20
58.441875
30
0
0
VERTEX
8
0
10
29.497071875000003
20
58.428684375
30
0
42
0.43883517126213045
0
VERTEX
8
0
10
29.512853125000003
20
58.30880625
30
0
0
VERTEX
8
0
10
29.513828125
20
58.30824375
30
0
0
VERTEX
8
0
10
29.5611125
20
58.260959375000006
30
0
0
VERTEX
8
0
10
29.594553125
20
58.2030375
30
0
0
VERTEX
8
0
10
29.6118625
20
58.138440625
30
0
0
VERTEX
8
0
10
29.6118625
20
57.907390625000005
30
0
0
VERTEX
8
0
10
29.357865625000002
20
57.907390625000005
30
0
0
VERTEX
8
0
10
29.357865625000002
20
58.105000000000004
30
0
0
SEQEND
0
POLYLINE
66
1
8
1_copper
10
0.0
20
0.0
30
0.0
70
1
0
VERTEX
8
0
10
11.601715625
20
61.045915625000006
30
0
0
VERTEX
8
0
10
11.602925
20
61.045831250000006
30
0
42
0.2183539574472096
0
VERTEX
8
0
10
11.658537500000001
20
61.076534375
30
0
0
VERTEX
8
0
10
11.662259375000001
20
61.083459375000004
30
0
0
VERTEX
8
0
10
11.667653125000001
20
61.092659375000004
30
0
0
VERTEX
8
0
10
11.779575000000001
20
61.362862500000006
30
0
0
VERTEX
8
0
10
11.979634375
20
61.562921875
30
0
0
VERTEX
8
0
10
12.24103125
20
61.671196875
30
0
0
VERTEX
8
0
10
12.523318750000001
20
61.671196875
30
0
0
VERTEX
8
0
10
12.531746875000001
20
61.6724125
30
0
0
VERTEX
8
0
10
12.5402125
20
61.67309375
30
0
42
0.08765396656356698
0
VERTEX
8
0
10
12.56465
20
61.683378125000004
30
0
0
VERTEX
8
0
10
12.570243750000001
20
61.688250000000004
30
0
0
VERTEX
8
0
10
12.577200000000001
20
61.693515625
30
0
0
VERTEX
8
0
10
13.81218125
20
62.928496875
30
0
0
VERTEX
8
0
10
16.427665625
20
62.928496875
30
0
0
VERTEX
8
0
10
16.433284375
20
62.929309375
30
0
42
0.21834784714465344
0
VERTEX
8
0
10
16.488459375
20
62.959762500000004
30
0
0
VERTEX
8
0
10
16.492153125
20
62.9641
30
0
42
0.10616343253758556
0
VERTEX
8
0
10
16.503865625
20
63.004696875
30
0
0
VERTEX
8
0
10
16.503865625
20
63.031265625
30
0
0
VERTEX
8
0
10
16.504178125
20
63.032346875
30
0
42
0.3744649794724079
0
VERTEX
8
0
10
16.449403125
20
63.11613125
30
0
0
VERTEX
8
0
10
16.440825
20
63.11731875
30
0
0
VERTEX
8
0
10
16.433615625
20
63.118840625000004
30
0
42
0.016150359666295567
0
VERTEX
8
0
10
16.428696875
20
63.119
30
0
0
VERTEX
8
0
10
15.717181250000001
20
63.119
30
0
0
VERTEX
8
0
10
11.049000000000001
20
67.78718125
30
0
0
VERTEX
8
0
10
11.049000000000001
20
67.94500000000001
30
0
0
VERTEX
8
0
10
11.048187500000001
20
67.95061875
30
0
42
0.3925881563456996
0
VERTEX
8
0
10
10.972800000000001
20
68.02120000000001
30
0
0
VERTEX
8
0
10
10.8839
20
68.02120000000001
30
0
0
VERTEX
8
0
10
10.8839
20
72.39
30
0
0
VERTEX
8
0
10
10.8837125
20
72.39140937500001
30
0
0
VERTEX
8
0
10
10.883856250000001
20
72.392834375
30
0
42
0.1334529542604602
0
VERTEX
8
0
10
10.8702
20
72.437415625
30
0
0
VERTEX
8
0
10
10.857862500000001
20
72.45286250000001
30
0
0
VERTEX
8
0
10
4.572
20
78.738725
30
0
0
VERTEX
8
0
10
4.572
20
80.174434375
30
0
0
VERTEX
8
0
10
4.5646625
20
80.24894375000001
30
0
42
0.9063472543261978
0
VERTEX
8
0
10
3.048
20
80.174434375
30
0
0
VERTEX
8
0
10
3.048
20
78.57556562500001
30
0
0
VERTEX
8
0
10
3.0553375000000003
20
78.50105625
30
0
42
0.8594812730630816
0
VERTEX
8
0
10
4.56359375
20
78.49568125
30
0
0
VERTEX
8
0
10
10.706100000000001
20
72.35317500000001
30
0
0
VERTEX
8
0
10
10.706100000000001
20
68.02120000000001
30
0
0
VERTEX
8
0
10
2.362196875
20
68.02120000000001
30
0
0
VERTEX
8
0
10
2.356578125
20
68.0203875
30
0
42
0.3925881563456996
0
VERTEX
8
0
10
2.285996875
20
67.94500000000001
30
0
0
VERTEX
8
0
10
2.285996875
20
65.993109375
30
0
0
VERTEX
8
0
10
2.28640625
20
65.990278125
30
0
0
VERTEX
8
0
10
2.2862093750000003
20
65.9874375
30
0
42
0.548409711059846
0
VERTEX
8
0
10
2.3994093750000003
20
65.9266125
30
0
0
VERTEX
8
0
10
2.4063781250000003
20
65.9318875
30
0
0
VERTEX
8
0
10
2.412575
20
65.93593750000001
30
0
42
0.015772426617527556
0
VERTEX
8
0
10
2.4160781250000003
20
65.939228125
30
0
0
VERTEX
8
0
10
2.79624375
20
66.31939687500001
30
0
0
VERTEX
8
0
10
3.553753125
20
66.31939687500001
30
0
0
VERTEX
8
0
10
4.064834375
20
65.808315625
30
0
0
VERTEX
8
0
10
4.07161875
20
65.80324375000001
30
0
0
VERTEX
8
0
10
4.07811875
20
65.797709375
30
0
42
0.08765145259213399
0
VERTEX
8
0
10
4.102671875
20
65.78770625
30
0
0
VERTEX
8
0
10
4.110046875
20
65.787196875
30
0
0
VERTEX
8
0
10
4.118715625
20
65.78599687500001
30
0
0
VERTEX
8
0
10
8.412815625
20
65.78599687500001
30
0
0
VERTEX
8
0
10
10.39709375
20
63.801715625
30
0
0
VERTEX
8
0
10
10.403878125
20
63.79664375
30
0
0
VERTEX
8
0
10
10.410378125000001
20
63.791109375000005
30
0
42
0.08765145259213399
0
VERTEX
8
0
10
10.43493125
20
63.78110625
30
0
0
VERTEX
8
0
10
10.44230625
20
63.780596875
30
0
0
VERTEX
8
0
10
10.450975
20
63.779396875
30
0
0
VERTEX
8
0
10
11.173753125000001
20
63.779396875
30
0
0
VERTEX
8
0
10
11.709396875000001
20
63.243753125000005
30
0
0
VERTEX
8
0
10
11.709396875000001
20
62.48624375
30
0
0
VERTEX
8
0
10
11.198315625000001
20
61.9751625
30
0
0
VERTEX
8
0
10
11.19324375
20
61.968378125
30
0
0
VERTEX
8
0
10
11.187709375
20
61.961878125000005
30
0
42
0.08765145259213399
0
VERTEX
8
0
10
11.17770625
20
61.937325
30
0
0
VERTEX
8
0
10
11.177196875
20
61.929950000000005
30
0
0
VERTEX
8
0
10
11.175996875000001
20
61.92128125
30
0
0
VERTEX
8
0
10
11.175996875000001
20
61.466875
30
0
0
VERTEX
8
0
10
11.177212500000001
20
61.458446875
30
0
0
VERTEX
8
0
10
11.17789375
20
61.44998125
30
0
42
0.08765396656356698
0
VERTEX
8
0
10
11.188178125
20
61.42554375
30
0
0
VERTEX
8
0
10
11.193050000000001
20
61.41995
30
0
0
VERTEX
8
0
10
11.198315625000001
20
61.412993750000005
30
0
0
VERTEX
8
0
10
11.543371875
20
61.067937500000006
30
0
0
VERTEX
8
0
10
11.551128125
20
61.062137500000006
30
0
0
VERTEX
8
0
10
11.5587125
20
61.056084375000005
30
0
42
0.1443105684389176
0
VERTEX
8
0
10
11.600528125
20
61.045690625000006
30
0
0
SEQEND
0
POLYLINE
66
1
8
1_copper
10
0.0
20
0.0
30
0.0
70
1
0
VERTEX
8
0
10
29.375790625
20
67.8074
30
0
0
VERTEX
8
0
10
29.568590625000002
20
68.0002
30
0
0
VERTEX
8
0
10
29.63600625
20
68.0002
30
0
0
VERTEX
8
0
10
29.63428125
20
67.998171875
30
0
0
VERTEX
8
0
10
29.63031875
20
67.994721875
30
0
42
0.17961768370344305
0
VERTEX
8
0
10
29.6118625
20
67.94500000000001
30
0
0
VERTEX
8
0
10
29.6118625
20
67.8074
30
0
0
SEQEND
0
POLYLINE
66
1
8
1_copper
10
0.0
20
0.0
30
0.0
70
1
0
VERTEX
8
0
10
24.757865625
20
66.95100000000001
30
0
0
VERTEX
8
0
10
24.757865625
20
67.205
30
0
0
VERTEX
8
0
10
24.857865625000002
20
67.205
30
0
0
VERTEX
8
0
10
24.857865625000002
20
67.50499375
30
0
0
VERTEX
8
0
10
25.257865625
20
67.50499375
30
0
0
VERTEX
8
0
10
25.257865625
20
67.205
30
0
0
VERTEX
8
0
10
25.357859375
20
67.205
30
0
0
VERTEX
8
0
10
25.357859375
20
66.95100000000001
30
0
0
VERTEX
8
0
10
25.224421875
20
66.95100000000001
30
0
0
VERTEX
8
0
10
25.15983125
20
66.96830625
30
0
0
VERTEX
8
0
10
25.09596875
20
67.00518125
30
0
0
VERTEX
8
0
10
25.088925
20
67.007996875
30
0
0
VERTEX
8
0
10
25.0821875
20
67.011403125
30
0
42
0.1668099121517446
0
VERTEX
8
0
10
25.032721875
20
67.011121875
30
0
0
VERTEX
8
0
10
25.0267875
20
67.00803437500001
30
0
0
VERTEX
8
0
10
25.019765625
20
67.00518125
30
0
0
VERTEX
8
0
10
24.955903125000003
20
66.968309375
30
0
0
VERTEX
8
0
10
24.89130625
20
66.95100000000001
30
0
0
SEQEND
0
POLYLINE
66
1
8
1_copper
10
0.0
20
0.0
30
0.0
70
1
0
VERTEX
8
0
10
25.557865625
20
66.95100000000001
30
0
0
VERTEX
8
0
10
25.557865625
20
67.205
30
0
0
VERTEX
8
0
10
25.657865625
20
67.205
30
0
0
VERTEX
8
0
10
25.657865625
20
67.50499375
30
0
0
VERTEX
8
0
10
26.057865625
20
67.50499375
30
0
0
VERTEX
8
0
10
26.057865625
20
67.205
30
0
0
VERTEX
8
0
10
26.157859375
20
67.205
30
0
0
VERTEX
8
0
10
26.157859375
20
66.95100000000001
30
0
0
VERTEX
8
0
10
26.024421875
20
66.95100000000001
30
0
0
VERTEX
8
0
10
25.95983125
20
66.96830625
30
0
0
VERTEX
8
0
10
25.89596875
20
67.00518125
30
0
0
VERTEX
8
0
10
25.888925
20
67.007996875
30
0
0
VERTEX
8
0
10
25.8821875
20
67.011403125
30
0
42
0.1668099121517446
0
VERTEX
8
0
10
25.832721875
20
67.011121875
30
0
0
VERTEX
8
0
10
25.826787500000002
20
67.00803437500001
30
0
0
VERTEX
8
0
10
25.819765625000002
20
67.00518125
30
0
0
VERTEX
8
0
10
25.755903125
20
66.968309375
30
0
0
VERTEX
8
0
10
25.69130625
20
66.95100000000001
30
0
0
SEQEND
0
POLYLINE
66
1
8
1_copper
10
0.0
20
0.0
30
0.0
70
1
0
VERTEX
8
0
10
26.357865625000002
20
66.95100000000001
30
0
0
VERTEX
8
0
10
26.357865625000002
20
67.205
30
0
0
VERTEX
8
0
10
26.457865625
20
67.205
30
0
0
VERTEX
8
0
10
26.457865625
20
67.50499375
30
0
0
VERTEX
8
0
10
26.857865625000002
20
67.50499375
30
0
0
VERTEX
8
0
10
26.857865625000002
20
67.205
30
0
0
VERTEX
8
0
10
26.957859375
20
67.205
30
0
0
VERTEX
8
0
10
26.957859375
20
66.95100000000001
30
0
0
VERTEX
8
0
10
26.824421875000002
20
66.95100000000001
30
0
0
VERTEX
8
0
10
26.759825000000003
20
66.968309375
30
0
0
VERTEX
8
0
10
26.6959625
20
67.00518125
30
0
0
VERTEX
8
0
10
26.68894375
20
67.0079875
30
0
0
VERTEX
8
0
10
26.682184375000002
20
67.01140625000001
30
0
42
0.16681649626555345
0
VERTEX
8
0
10
26.632715625000003
20
67.011121875
30
0
0
VERTEX
8
0
10
26.626771875000003
20
67.00803125
30
0
0
VERTEX
8
0
10
26.619759375
20
67.00518125
30
0
0
VERTEX
8
0
10
26.555896875000002
20
66.96830625
30
0
0
VERTEX
8
0
10
26.49130625
20
66.95100000000001
30
0
0
SEQEND
0
POLYLINE
66
1
8
1_copper
10
0.0
20
0.0
30
0.0
70
1
0
VERTEX
8
0
10
19.957865625
20
66.95100000000001
30
0
0
VERTEX
8
0
10
19.957865625
20
67.205
30
0
0
VERTEX
8
0
10
20.057865625
20
67.205
30
0
0
VERTEX
8
0
10
20.057865625
20
67.50499375
30
0
0
VERTEX
8
0
10
20.457865625
20
67.50499375
30
0
0
VERTEX
8
0
10
20.457865625
20
67.205
30
0
0
VERTEX
8
0
10
20.557859375
20
67.205
30
0
0
VERTEX
8
0
10
20.557859375
20
66.95100000000001
30
0
0
VERTEX
8
0
10
20.424421875
20
66.95100000000001
30
0
0
VERTEX
8
0
10
20.359825
20
66.968309375
30
0
0
VERTEX
8
0
10
20.2959625
20
67.00518125
30
0
0
VERTEX
8
0
10
20.28894375
20
67.0079875
30
0
0
VERTEX
8
0
10
20.282184375
20
67.01140625000001
30
0
42
0.16681649626555345
0
VERTEX
8
0
10
20.232715625
20
67.011121875
30
0
0
VERTEX
8
0
10
20.226771875
20
67.00803125
30
0
0
VERTEX
8
0
10
20.219759375000002
20
67.00518125
30
0
0
VERTEX
8
0
10
20.155896875
20
66.96830625
30
0
0
VERTEX
8
0
10
20.091306250000002
20
66.95100000000001
30
0
0
SEQEND
0
POLYLINE
66
1
8
1_copper
10
0.0
20
0.0
30
0.0
70
1
0
VERTEX
8
0
10
20.757865625
20
66.95100000000001
30
0
0
VERTEX
8
0
10
20.757865625
20
67.205
30
0
0
VERTEX
8
0
10
20.857865625000002
20
67.205
30
0
0
VERTEX
8
0
10
20.857865625000002
20
67.50499375
30
0
0
VERTEX
8
0
10
21.257865625
20
67.50499375
30
0
0
VERTEX
8
0
10
21.257865625
20
67.205
30
0
0
VERTEX
8
0
10
21.357859375
20
67.205
30
0
0
VERTEX
8
0
10
21.357859375
20
66.95100000000001
30
0
0
VERTEX
8
0
10
21.224421875
20
66.95100000000001
30
0
0
VERTEX
8
0
10
21.159825
20
66.968309375
30
0
0
VERTEX
8
0
10
21.095962500000002
20
67.00518125
30
0
0
VERTEX
8
0
10
21.088943750000002
20
67.0079875
30
0
0
VERTEX
8
0
10
21.082184375
20
67.01140625000001
30
0
42
0.16681649626555345
0
VERTEX
8
0
10
21.032715625
20
67.011121875
30
0
0
VERTEX
8
0
10
21.026771875
20
67.00803125
30
0
0
VERTEX
8
0
10
21.019759375
20
67.00518125
30
0
0
VERTEX
8
0
10
20.955896875
20
66.96830625
30
0
0
VERTEX
8
0
10
20.89130625
20
66.95100000000001
30
0
0
SEQEND
0
POLYLINE
66
1
8
1_copper
10
0.0
20
0.0
30
0.0
70
1
0
VERTEX
8
0
10
23.957865625
20
66.95100000000001
30
0
0
VERTEX
8
0
10
23.957865625
20
67.205
30
0
0
VERTEX
8
0
10
24.057865625
20
67.205
30
0
0
VERTEX
8
0
10
24.057865625
20
67.50499375
30
0
0
VERTEX
8
0
10
24.457865625
20
67.50499375
30
0
0
VERTEX
8
0
10
24.457865625
20
67.205
30
0
0
VERTEX
8
0
10
24.557859375
20
67.205
30
0
0
VERTEX
8
0
10
24.557859375
20
66.95100000000001
30
0
0
VERTEX
8
0
10
24.424421875
20
66.95100000000001
30
0
0
VERTEX
8
0
10
24.359831250000003
20
66.96830625
30
0
0
VERTEX
8
0
10
24.29596875
20
67.00518125
30
0
0
VERTEX
8
0
10
24.288925000000003
20
67.007996875
30
0
0
VERTEX
8
0
10
24.282187500000003
20
67.011403125
30
0
42
0.1668099121517446
0
VERTEX
8
0
10
24.232721875000003
20
67.011121875
30
0
0
VERTEX
8
0
10
24.2267875
20
67.00803437500001
30
0
0
VERTEX
8
0
10
24.219765625
20
67.00518125
30
0
0
VERTEX
8
0
10
24.155903125000002
20
66.968309375
30
0
0
VERTEX
8
0
10
24.091306250000002
20
66.95100000000001
30
0
0
SEQEND
0
POLYLINE
66
1
8
1_copper
10
0.0
20
0.0
30
0.0
70
1
0
VERTEX
8
0
10
23.157865625
20
66.95100000000001
30
0
0
VERTEX
8
0
10
23.157865625
20
67.205
30
0
0
VERTEX
8
0
10
23.257865625
20
67.205
30
0
0
VERTEX
8
0
10
23.257865625
20
67.50499375
30
0
0
VERTEX
8
0
10
23.657865625
20
67.50499375
30
0
0
VERTEX
8
0
10
23.657865625
20
67.205
30
0
0
VERTEX
8
0
10
23.757859375000002
20
67.205
30
0
0
VERTEX
8
0
10
23.757859375000002
20
66.95100000000001
30
0
0
VERTEX
8
0
10
23.624421875
20
66.95100000000001
30
0
0
VERTEX
8
0
10
23.559831250000002
20
66.96830625
30
0
0
VERTEX
8
0
10
23.49596875
20
67.00518125
30
0
0
VERTEX
8
0
10
23.488925000000002
20
67.007996875
30
0
0
VERTEX
8
0
10
23.482187500000002
20
67.011403125
30
0
42
0.1668099121517446
0
VERTEX
8
0
10
23.432721875000002
20
67.011121875
30
0
0
VERTEX
8
0
10
23.4267875
20
67.00803437500001
30
0
0
VERTEX
8
0
10
23.419765625
20
67.00518125
30
0
0
VERTEX
8
0
10
23.355903125
20
66.968309375
30
0
0
VERTEX
8
0
10
23.29130625
20
66.95100000000001
30
0
0
SEQEND
0
POLYLINE
66
1
8
1_copper
10
0.0
20
0.0
30
0.0
70
1
0
VERTEX
8
0
10
27.157865625000003
20
66.95100000000001
30
0
0
VERTEX
8
0
10
27.157865625000003
20
67.205
30
0
0
VERTEX
8
0
10
27.257865625
20
67.205
30
0
0
VERTEX
8
0
10
27.257865625
20
67.50499375
30
0
0
VERTEX
8
0
10
27.657865625000003
20
67.50499375
30
0
0
VERTEX
8
0
10
27.657865625000003
20
67.205
30
0
0
VERTEX
8
0
10
27.757859375000002
20
67.205
30
0
0
VERTEX
8
0
10
27.757859375000002
20
66.95100000000001
30
0
0
VERTEX
8
0
10
27.624421875000003
20
66.95100000000001
30
0
0
VERTEX
8
0
10
27.559831250000002
20
66.96830625
30
0
0
VERTEX
8
0
10
27.495968750000003
20
67.00518125
30
0
0
VERTEX
8
0
10
27.488925000000002
20
67.007996875
30
0
0
VERTEX
8
0
10
27.482187500000002
20
67.011403125
30
0
42
0.1668099121517446
0
VERTEX
8
0
10
27.432721875000002
20
67.011121875
30
0
0
VERTEX
8
0
10
27.4267875
20
67.00803437500001
30
0
0
VERTEX
8
0
10
27.419765625
20
67.00518125
30
0
0
VERTEX
8
0
10
27.355903125
20
66.968309375
30
0
0
VERTEX
8
0
10
27.29130625
20
66.95100000000001
30
0
0
SEQEND
0
POLYLINE
66
1
8
1_copper
10
0.0
20
0.0
30
0.0
70
1
0
VERTEX
8
0
10
19.157865625
20
66.95100000000001
30
0
0
VERTEX
8
0
10
19.157865625
20
67.205
30
0
0
VERTEX
8
0
10
19.257865625
20
67.205
30
0
0
VERTEX
8
0
10
19.257865625
20
67.50499375
30
0
0
VERTEX
8
0
10
19.657865625
20
67.50499375
30
0
0
VERTEX
8
0
10
19.657865625
20
67.205
30
0
0
VERTEX
8
0
10
19.757859375000002
20
67.205
30
0
0
VERTEX
8
0
10
19.757859375000002
20
66.95100000000001
30
0
0
VERTEX
8
0
10
19.624421875
20
66.95100000000001
30
0
0
VERTEX
8
0
10
19.559831250000002
20
66.96830625
30
0
0
VERTEX
8
0
10
19.49596875
20
67.00518125
30
0
0
VERTEX
8
0
10
19.488925000000002
20
67.007996875
30
0
0
VERTEX
8
0
10
19.482187500000002
20
67.011403125
30
0
42
0.1668099121517446
0
VERTEX
8
0
10
19.432721875000002
20
67.011121875
30
0
0
VERTEX
8
0
10
19.4267875
20
67.00803437500001
30
0
0
VERTEX
8
0
10
19.419765625
20
67.00518125
30
0
0
VERTEX
8
0
10
19.355903125
20
66.968309375
30
0
0
VERTEX
8
0
10
19.29130625
20
66.95100000000001
30
0
0
SEQEND
0
POLYLINE
66
1
8
1_copper
10
0.0
20
0.0
30
0.0
70
1
0
VERTEX
8
0
10
22.357865625000002
20
66.95100000000001
30
0
0
VERTEX
8
0
10
22.357865625000002
20
67.205
30
0
0
VERTEX
8
0
10
22.457865625
20
67.205
30
0
0
VERTEX
8
0
10
22.457865625
20
67.50499375
30
0
0
VERTEX
8
0
10
22.857865625000002
20
67.50499375
30
0
0
VERTEX
8
0
10
22.857865625000002
20
67.205
30
0
0
VERTEX
8
0
10
22.957859375
20
67.205
30
0
0
VERTEX
8
0
10
22.957859375
20
66.95100000000001
30
0
0
VERTEX
8
0
10
22.824421875000002
20
66.95100000000001
30
0
0
VERTEX
8
0
10
22.75983125
20
66.96830625
30
0
0
VERTEX
8
0
10
22.695968750000002
20
67.00518125
30
0
0
VERTEX
8
0
10
22.688925
20
67.007996875
30
0
0
VERTEX
8
0
10
22.6821875
20
67.011403125
30
0
42
0.1668099121517446
0
VERTEX
8
0
10
22.632721875
20
67.011121875
30
0
0
VERTEX
8
0
10
22.626787500000002
20
67.00803437500001
30
0
0
VERTEX
8
0
10
22.619765625
20
67.00518125
30
0
0
VERTEX
8
0
10
22.555903125
20
66.968309375
30
0
0
VERTEX
8
0
10
22.49130625
20
66.95100000000001
30
0
0
SEQEND
0
POLYLINE
66
1
8
1_copper
10
0.0
20
0.0
30
0.0
70
1
0
VERTEX
8
0
10
21.557865625
20
66.95100000000001
30
0
0
VERTEX
8
0
10
21.557865625
20
67.205
30
0
0
VERTEX
8
0
10
21.657865625
20
67.205
30
0
0
VERTEX
8
0
10
21.657865625
20
67.50499375
30
0
0
VERTEX
8
0
10
22.057865625
20
67.50499375
30
0
0
VERTEX
8
0
10
22.057865625
20
67.205
30
0
0
VERTEX
8
0
10
22.157859375
20
67.205
30
0
0
VERTEX
8
0
10
22.157859375
20
66.95100000000001
30
0
0
VERTEX
8
0
10
22.024421875
20
66.95100000000001
30
0
0
VERTEX
8
0
10
21.95983125
20
66.96830625
30
0
0
VERTEX
8
0
10
21.89596875
20
67.00518125
30
0
0
VERTEX
8
0
10
21.888925
20
67.007996875
30
0
0
VERTEX
8
0
10
21.8821875
20
67.011403125
30
0
42
0.1668099121517446
0
VERTEX
8
0
10
21.832721875
20
67.011121875
30
0
0
VERTEX
8
0
10
21.826787500000002
20
67.00803437500001
30
0
0
VERTEX
8
0
10
21.819765625000002
20
67.00518125
30
0
0
VERTEX
8
0
10
21.755903125
20
66.968309375
30
0
0
VERTEX
8
0
10
21.69130625
20
66.95100000000001
30
0
0
SEQEND
0
POLYLINE
66
1
8
1_copper
10
0.0
20
0.0
30
0.0
70
1
0
VERTEX
8
0
10
16.503865625
20
66.805
30
0
0
VERTEX
8
0
10
16.503865625
20
66.938440625
30
0
0
VERTEX
8
0
10
16.521171875
20
67.00303125
30
0
0
VERTEX
8
0
10
16.558046875000002
20
67.06689375
30
0
0
VERTEX
8
0
10
16.560862500000002
20
67.0739375
30
0
0
VERTEX
8
0
10
16.56426875
20
67.080675
30
0
42
0.1668099121517446
0
VERTEX
8
0
10
16.5639875
20
67.13014062500001
30
0
0
VERTEX
8
0
10
16.5609
20
67.136075
30
0
0
VERTEX
8
0
10
16.558046875000002
20
67.143096875
30
0
0
VERTEX
8
0
10
16.521175
20
67.206959375
30
0
0
VERTEX
8
0
10
16.503865625
20
67.27155625
30
0
0
VERTEX
8
0
10
16.503865625
20
67.5026
30
0
0
VERTEX
8
0
10
16.757865625
20
67.5026
30
0
0
VERTEX
8
0
10
16.757865625
20
67.305
30
0
0
VERTEX
8
0
10
16.95546875
20
67.305
30
0
0
VERTEX
8
0
10
16.95546875
20
67.235196875
30
0
0
VERTEX
8
0
10
16.95628125
20
67.229578125
30
0
42
0.3925881563456996
0
VERTEX
8
0
10
17.03166875
20
67.158996875
30
0
0
VERTEX
8
0
10
17.057859375
20
67.158996875
30
0
0
VERTEX
8
0
10
17.057859375
20
66.905
30
0
0
VERTEX
8
0
10
16.757865625
20
66.905
30
0
0
VERTEX
8
0
10
16.757865625
20
66.805
30
0
0
SEQEND
0
POLYLINE
66
1
8
1_copper
10
0.0
20
0.0
30
0.0
70
1
0
VERTEX
8
0
10
16.503865625
20
66.0574
30
0
0
VERTEX
8
0
10
16.503865625
20
66.138440625
30
0
0
VERTEX
8
0
10
16.521175
20
66.20303750000001
30
0
0
VERTEX
8
0
10
16.558046875000002
20
66.2669
30
0
0
VERTEX
8
0
10
16.560853125
20
66.27391875
30
0
0
VERTEX
8
0
10
16.564271875
20
66.28067812500001
30
0
42
0.16681649626555345
0
VERTEX
8
0
10
16.5639875
20
66.330146875
30
0
0
VERTEX
8
0
10
16.560896875
20
66.336090625
30
0
0
VERTEX
8
0
10
16.558046875000002
20
66.343103125
30
0
0
VERTEX
8
0
10
16.521171875
20
66.406965625
30
0
0
VERTEX
8
0
10
16.503865625
20
66.47155625
30
0
0
VERTEX
8
0
10
16.5038625
20
66.60499375
30
0
0
VERTEX
8
0
10
16.757865625
20
66.60499375
30
0
0
VERTEX
8
0
10
16.757865625
20
66.50500000000001
30
0
0
VERTEX
8
0
10
17.057859375
20
66.50500000000001
30
0
0
VERTEX
8
0
10
17.057859375
20
66.105
30
0
0
VERTEX
8
0
10
16.757865625
20
66.105
30
0
0
VERTEX
8
0
10
16.757865625
20
66.0574
30
0
0
SEQEND
0
POLYLINE
66
1
8
1_copper
10
0.0
20
0.0
30
0.0
70
1
0
VERTEX
8
0
10
9.880596875
20
65.55739375
30
0
0
VERTEX
8
0
10
9.880600000000001
20
65.783753125
30
0
0
VERTEX
8
0
10
10.416243750000001
20
66.31939687500001
30
0
0
VERTEX
8
0
10
10.6426
20
66.31939687500001
30
0
0
VERTEX
8
0
10
10.6426
20
66.0654
30
0
0
VERTEX
8
0
10
10.52145625
20
66.0654
30
0
0
VERTEX
8
0
10
10.1346
20
65.67854375
30
0
0
VERTEX
8
0
10
10.1346
20
65.55739375
30
0
0
SEQEND
0
POLYLINE
66
1
8
1_copper
10
0.0
20
0.0
30
0.0
70
1
0
VERTEX
8
0
10
11.455400000000001
20
65.55739375
30
0
0
VERTEX
8
0
10
11.455400000000001
20
65.67854375
30
0
0
VERTEX
8
0
10
11.06854375
20
66.0654
30
0
0
VERTEX
8
0
10
10.94739375
20
66.0654
30
0
0
VERTEX
8
0
10
10.94739375
20
66.31939687500001
30
0
0
VERTEX
8
0
10
11.173753125000001
20
66.31939687500001
30
0
0
VERTEX
8
0
10
11.709396875000001
20
65.783753125
30
0
0
VERTEX
8
0
10
11.709396875000001
20
65.55739375
30
0
0
SEQEND
0
POLYLINE
66
1
8
1_copper
10
0.0
20
0.0
30
0.0
70
1
0
VERTEX
8
0
10
16.757865625
20
58.905
30
0
0
VERTEX
8
0
10
16.757865625
20
58.505
30
0
0
VERTEX
8
0
10
17.057859375
20
58.505
30
0
0
VERTEX
8
0
10
17.057859375
20
58.251000000000005
30
0
0
VERTEX
8
0
10
17.03166875
20
58.251000000000005
30
0
42
0.41421356237309503
0
VERTEX
8
0
10
16.95546875
20
58.174800000000005
30
0
0
VERTEX
8
0
10
16.95546875
20
58.105000000000004
30
0
0
VERTEX
8
0
10
16.757865625
20
58.105000000000004
30
0
0
VERTEX
8
0
10
16.757865625
20
57.405
30
0
0
VERTEX
8
0
10
16.95546875
20
57.405
30
0
0
VERTEX
8
0
10
16.95546875
20
57.151
30
0
0
VERTEX
8
0
10
16.878296875
20
57.151
30
0
0
VERTEX
8
0
10
16.872678125
20
57.1501875
30
0
42
0.35339689416771775
0
VERTEX
8
0
10
16.802815625
20
57.085253125
30
0
0
VERTEX
8
0
10
16.80284375
20
57.080196875000006
30
0
0
VERTEX
8
0
10
16.802096875
20
57.0748
30
0
0
VERTEX
8
0
10
16.802096875
20
57.028740625000005
30
0
0
VERTEX
8
0
10
16.723953125
20
56.8400875
30
0
0
VERTEX
8
0
10
16.72225625
20
56.83341875
30
0
0
VERTEX
8
0
10
16.7198625
20
56.826971875000005
30
0
42
0.7477870678791171
0
VERTEX
8
0
10
16.848234375
20
56.757046875
30
0
0
VERTEX
8
0
10
17.2379375
20
57.146753125000004
30
0
0
VERTEX
8
0
10
17.24301875
20
57.15355
30
0
0
VERTEX
8
0
10
17.24854375
20
57.1600375
30
0
42
0.08765145259213399
0
VERTEX
8
0
10
17.258546875
20
57.184590625000006
30
0
0
VERTEX
8
0
10
17.25905625
20
57.191965625
30
0
0
VERTEX
8
0
10
17.26025625
20
57.200634375
30
0
0
VERTEX
8
0
10
17.26025625
20
57.405
30
0
0
VERTEX
8
0
10
17.457865625
20
57.405
30
0
0
VERTEX
8
0
10
17.457865625
20
58.105000000000004
30
0
0
VERTEX
8
0
10
17.26025625
20
58.105000000000004
30
0
0
VERTEX
8
0
10
17.26025625
20
58.174800000000005
30
0
0
VERTEX
8
0
10
17.25944375
20
58.18041875
30
0
42
0.03481450923228224
0
VERTEX
8
0
10
17.257896875
20
58.191153125
30
0
0
VERTEX
8
0
10
17.257865625
20
58.191362500000004
30
0
0
VERTEX
8
0
10
17.257865625
20
58.505
30
0
0
VERTEX
8
0
10
17.557865625
20
58.505
30
0
0
VERTEX
8
0
10
17.557865625
20
58.604993750000006
30
0
0
VERTEX
8
0
10
17.8118625
20
58.604993750000006
30
0
0
VERTEX
8
0
10
17.8118625
20
58.502165625
30
0
0
VERTEX
8
0
10
17.812271875
20
58.4993375
30
0
0
VERTEX
8
0
10
17.812075
20
58.496490625
30
0
42
0.5244122392353322
0
VERTEX
8
0
10
17.920221875
20
58.433084375
30
0
0
VERTEX
8
0
10
17.9226125
20
58.434646875000006
30
0
0
VERTEX
8
0
10
17.925278125000002
20
58.435671875000004
30
0
0
VERTEX
8
0
10
17.932234375
20
58.440937500000004
30
0
0
VERTEX
8
0
10
17.938440625000002
20
58.44499375
30
0
42
0.011375550718418963
0
VERTEX
8
0
10
17.941946875
20
58.4482875
30
0
0
VERTEX
8
0
10
17.95265625
20
58.458996875000004
30
0
0
VERTEX
8
0
10
18.563071875000002
20
58.458996875000004
30
0
0
VERTEX
8
0
10
18.603978125
20
58.418087500000006
30
0
42
0.4142220557498749
0
VERTEX
8
0
10
18.71174375
20
58.418087500000006
30
0
0
VERTEX
8
0
10
18.752653125000002
20
58.458996875000004
30
0
0
VERTEX
8
0
10
19.363071875
20
58.458996875000004
30
0
0
VERTEX
8
0
10
19.404715625
20
58.417350000000006
30
0
42
0.33946327820194455
0
VERTEX
8
0
10
19.4967
20
58.405240625000005
30
0
0
VERTEX
8
0
10
19.559825
20
58.4416875
30
0
0
VERTEX
8
0
10
19.624421875
20
58.458996875000004
30
0
0
VERTEX
8
0
10
19.757859375000002
20
58.458996875000004
30
0
0
VERTEX
8
0
10
19.757859375000002
20
58.205000000000005
30
0
0
VERTEX
8
0
10
19.657865625
20
58.205000000000005
30
0
0
VERTEX
8
0
10
19.657865625
20
57.405
30
0
0
VERTEX
8
0
10
19.757859375000002
20
57.405
30
0
0
VERTEX
8
0
10
19.757859375000002
20
57.151
30
0
0
VERTEX
8
0
10
19.624421875
20
57.151
30
0
0
VERTEX
8
0
10
19.559831250000002
20
57.168309375
30
0
0
VERTEX
8
0
10
19.545303125
20
57.176696875000005
30
0
42
0.4890163805063549
0
VERTEX
8
0
10
19.433865625
20
57.131415625
30
0
0
VERTEX
8
0
10
19.43283125
20
57.12394375
30
0
0
VERTEX
8
0
10
19.431290625000003
20
57.11740625
30
0
42
0.022002990120159004
0
VERTEX
8
0
10
19.430996875
20
57.110709375000006
30
0
0
VERTEX
8
0
10
19.430996875
20
56.99218125
30
0
0
VERTEX
8
0
10
17.548328125
20
55.1095125
30
0
0
VERTEX
8
0
10
17.548315625
20
55.109503125
30
0
0
VERTEX
8
0
10
17.496390625
20
55.057581250000005
30
0
0
VERTEX
8
0
10
17.49468125
20
55.055293750000004
30
0
0
VERTEX
8
0
10
17.492528125
20
55.053418750000006
30
0
42
0.4285979922897517
0
VERTEX
8
0
10
17.529565625
20
54.930365625
30
0
0
VERTEX
8
0
10
17.5378125
20
54.929221875
30
0
0
VERTEX
8
0
10
18.097496875
20
54.3695375
30
0
0
VERTEX
8
0
10
18.097496875
20
53.580459375000004
30
0
0
VERTEX
8
0
10
17.5395375
20
53.0225
30
0
0
VERTEX
8
0
10
16.750459375000002
20
53.0225
30
0
0
VERTEX
8
0
10
16.1925
20
53.580459375000004
30
0
0
VERTEX
8
0
10
16.1925
20
53.657500000000006
30
0
0
VERTEX
8
0
10
16.1916875
20
53.66311875
30
0
42
0.3925881563456996
0
VERTEX
8
0
10
16.116300000000003
20
53.733700000000006
30
0
0
VERTEX
8
0
10
9.425046875
20
53.733700000000006
30
0
0
VERTEX
8
0
10
6.907365625000001
20
56.25138125
30
0
0
VERTEX
8
0
10
6.90058125
20
56.256453125
30
0
0
VERTEX
8
0
10
6.89408125
20
56.261987500000004
30
0
42
0.08765145259213399
0
VERTEX
8
0
10
6.869528125
20
56.271990625
30
0
0
VERTEX
8
0
10
6.862153125000001
20
56.2725
30
0
0
VERTEX
8
0
10
6.853484375000001
20
56.273700000000005
30
0
0
VERTEX
8
0
10
5.968996875
20
56.273700000000005
30
0
0
VERTEX
8
0
10
5.963378125
20
56.2728875
30
0
42
0.3151532574451969
0
VERTEX
8
0
10
5.895665625
20
56.21820625
30
0
0
VERTEX
8
0
10
5.89491875
20
56.212812500000005
30
0
42
0.03519823845934137
0
VERTEX
8
0
10
5.892796875
20
56.197500000000005
30
0
0
VERTEX
8
0
10
5.892796875
20
56.178325
30
0
0
VERTEX
8
0
10
5.4166718750000005
20
55.702200000000005
30
0
0
VERTEX
8
0
10
4.7433250000000005
20
55.702200000000005
30
0
0
VERTEX
8
0
10
4.2672
20
56.178325
30
0
0
VERTEX
8
0
10
4.2672
20
56.851671875
30
0
0
VERTEX
8
0
10
4.7433250000000005
20
57.327796875000004
30
0
0
VERTEX
8
0
10
5.4166718750000005
20
57.327796875000004
30
0
0
VERTEX
8
0
10
5.892796875
20
56.851671875
30
0
0
VERTEX
8
0
10
5.892796875
20
56.832496875000004
30
0
42
0.41421356237309503
0
VERTEX
8
0
10
5.968996875
20
56.756296875000004
30
0
0
VERTEX
8
0
10
7.08495
20
56.756296875000004
30
0
0
VERTEX
8
0
10
8.68371875
20
55.157525
30
0
0
VERTEX
8
0
10
8.685996875
20
55.155821875
30
0
0
VERTEX
8
0
10
8.687878125000001
20
55.1536625
30
0
42
0.5484095900174472
0
VERTEX
8
0
10
8.810931250000001
20
55.1907
30
0
0
VERTEX
8
0
10
8.81213125
20
55.1993625
30
0
0
VERTEX
8
0
10
8.813646875
20
55.206603125
30
0
42
0.015770375218223928
0
VERTEX
8
0
10
8.8138
20
55.21140625
30
0
0
VERTEX
8
0
10
8.8138
20
55.385818750000006
30
0
0
VERTEX
8
0
10
8.812584375
20
55.394246875
30
0
0
VERTEX
8
0
10
8.811903125
20
55.4027125
30
0
42
0.08765396656356698
0
VERTEX
8
0
10
8.801618750000001
20
55.427150000000005
30
0
0
VERTEX
8
0
10
8.796746875
20
55.43274375
30
0
0
VERTEX
8
0
10
8.79148125
20
55.4397
30
0
0
VERTEX
8
0
10
7.239000000000001
20
56.99218125
30
0
0
VERTEX
8
0
10
7.239000000000001
20
63.796146875000005
30
0
0
VERTEX
8
0
10
7.237784375
20
63.804575
30
0
0
VERTEX
8
0
10
7.237103125
20
63.813040625000006
30
0
42
0.08765396656356698
0
VERTEX
8
0
10
7.2268187500000005
20
63.837478125000004
30
0
0
VERTEX
8
0
10
7.221946875
20
63.843071875
30
0
0
VERTEX
8
0
10
7.216681250000001
20
63.850028125
30
0
0
VERTEX
8
0
10
7.017075
20
64.049634375
30
0
0
VERTEX
8
0
10
6.9088
20
64.31103125
30
0
0
VERTEX
8
0
10
6.9088
20
64.59396562500001
30
0
0
VERTEX
8
0
10
7.017071875
20
64.85535625
30
0
0
VERTEX
8
0
10
7.055634375
20
64.893915625
30
0
0
VERTEX
8
0
10
7.05734375
20
64.896203125
30
0
0
VERTEX
8
0
10
7.059496875000001
20
64.898078125
30
0
42
0.5484095900174472
0
VERTEX
8
0
10
7.022459375
20
65.02113125
30
0
0
VERTEX
8
0
10
7.01380625
20
65.02233125000001
30
0
0
VERTEX
8
0
10
7.006559375
20
65.023846875
30
0
42
0.015780610188008838
0
VERTEX
8
0
10
7.0017531250000005
20
65.024
30
0
0
VERTEX
8
0
10
4.118715625
20
65.024
30
0
0
VERTEX
8
0
10
4.1102875
20
65.022784375
30
0
0
VERTEX
8
0
10
4.101821875000001
20
65.022103125
30
0
42
0.08765396656356698
0
VERTEX
8
0
10
4.077384375
20
65.01181875
30
0
0
VERTEX
8
0
10
4.071790625
20
65.006946875
30
0
0
VERTEX
8
0
10
4.064834375
20
65.00168125
30
0
0
VERTEX
8
0
10
3.553753125
20
64.4906
30
0
0
VERTEX
8
0
10
2.79624375
20
64.4906
30
0
0
VERTEX
8
0
10
2.4160781250000003
20
64.87076875
30
0
0
VERTEX
8
0
10
2.4138
20
64.872471875
30
0
0
VERTEX
8
0
10
2.4119187500000003
20
64.87463125000001
30
0
42
0.5484095900174472
0
VERTEX
8
0
10
2.288865625
20
64.83759375
30
0
0
VERTEX
8
0
10
2.2876656250000003
20
64.82893125
30
0
0
VERTEX
8
0
10
2.28615
20
64.821690625
30
0
42
0.015770375218223928
0
VERTEX
8
0
10
2.285996875
20
64.8168875
30
0
0
VERTEX
8
0
10
2.285996875
20
63.453109375000004
30
0
0
VERTEX
8
0
10
2.28640625
20
63.450275000000005
30
0
0
VERTEX
8
0
10
2.2862093750000003
20
63.4474375
30
0
42
0.548409711059846
0
VERTEX
8
0
10
2.3994093750000003
20
63.386612500000005
30
0
0
VERTEX
8
0
10
2.4063781250000003
20
63.3918875
30
0
0
VERTEX
8
0
10
2.412575
20
63.3959375
30
0
42
0.015772426617527556
0
VERTEX
8
0
10
2.4160781250000003
20
63.399228125
30
0
0
VERTEX
8
0
10
2.79624375
20
63.779396875
30
0
0
VERTEX
8
0
10
3.553753125
20
63.779396875
30
0
0
VERTEX
8
0
10
4.089396875
20
63.243753125000005
30
0
0
VERTEX
8
0
10
4.089396875
20
62.48624375
30
0
0
VERTEX
8
0
10
3.553753125
20
61.9506
30
0
0
VERTEX
8
0
10
2.79624375
20
61.9506
30
0
0
VERTEX
8
0
10
2.4160781250000003
20
62.330768750000004
30
0
0
VERTEX
8
0
10
2.4138
20
62.332471875
30
0
0
VERTEX
8
0
10
2.4119187500000003
20
62.33463125
30
0
42
0.5484095900174472
0
VERTEX
8
0
10
2.288865625
20
62.297593750000004
30
0
0
VERTEX
8
0
10
2.2876656250000003
20
62.288931250000005
30
0
0
VERTEX
8
0
10
2.28615
20
62.281690625
30
0
42
0.015770375218223928
0
VERTEX
8
0
10
2.285996875
20
62.2768875
30
0
0
VERTEX
8
0
10
2.285996875
20
49.91678125
30
0
0
VERTEX
8
0
10
2.28640625
20
49.91395
30
0
0
VERTEX
8
0
10
2.2862093750000003
20
49.911090625
30
0
42
0.46220381194731847
0
VERTEX
8
0
10
2.39368125
20
49.847496875000004
30
0
0
VERTEX
8
0
10
3.695325
20
49.847496875000004
30
0
0
VERTEX
8
0
10
3.756115625
20
49.786703125
30
0
0
VERTEX
8
0
10
3.760665625
20
49.783300000000004
30
0
42
0.39256960445629635
0
VERTEX
8
0
10
3.8638781250000003
20
49.786703125
30
0
0
VERTEX
8
0
10
3.924671875
20
49.847496875000004
30
0
0
VERTEX
8
0
10
5.219325
20
49.847496875000004
30
0
0
VERTEX
8
0
10
5.308596875
20
49.758225
30
0
0
VERTEX
8
0
10
5.308596875
20
49.212496875
30
0
0
VERTEX
8
0
10
5.309409375
20
49.206878125
30
0
42
0.3925881563456996
0
VERTEX
8
0
10
5.384796875
20
49.136296875
30
0
0
VERTEX
8
0
10
5.7912
20
49.136296875
30
0
0
VERTEX
8
0
10
5.79681875
20
49.137109375
30
0
42
0.27464938169420694
0
VERTEX
8
0
10
5.86064375
20
49.18113125
30
0
0
VERTEX
8
0
10
5.862221875
20
49.18659375
30
0
42
0.06360984986068283
0
VERTEX
8
0
10
5.8674
20
49.212496875
30
0
0
VERTEX
8
0
10
5.8674
20
49.224825
30
0
0
VERTEX
8
0
10
5.9566718750000005
20
49.314096875000004
30
0
0
VERTEX
8
0
10
7.505325
20
49.314096875000004
30
0
0
VERTEX
8
0
10
7.594596875000001
20
49.224825
30
0
0
VERTEX
8
0
10
7.594596875000001
20
48.564796875
30
0
0
VERTEX
8
0
10
7.595409375
20
48.559178125
30
0
42
0.3925881563456996
0
VERTEX
8
0
10
7.670796875000001
20
48.488596875
30
0
0
VERTEX
8
0
10
11.303746875
20
48.488596875
30
0
0
VERTEX
8
0
10
11.312175
20
48.4898125
30
0
0
VERTEX
8
0
10
11.320640625000001
20
48.49049375
30
0
42
0.08765396656356698
0
VERTEX
8
0
10
11.345078125
20
48.500778125000004
30
0
0
VERTEX
8
0
10
11.350671875
20
48.50565
30
0
0
VERTEX
8
0
10
11.357628125
20
48.510915625
30
0
0
VERTEX
8
0
10
11.43308125
20
48.586368750000005
30
0
0
VERTEX
8
0
10
11.4363875
20
48.590790625000004
30
0
0
VERTEX
8
0
10
11.436943750000001
20
48.591275
30
0
0
VERTEX
8
0
10
11.438062500000001
20
48.59303125
30
0
0
VERTEX
8
0
10
11.438153125000001
20
48.593153125
30
0
0
VERTEX
8
0
10
11.443687500000001
20
48.599653125
30
0
42
0.015769721011977475
0
VERTEX
8
0
10
11.446115625000001
20
48.6038
30
0
0
VERTEX
8
0
10
11.447771875
20
48.608265625
30
0
0
VERTEX
8
0
10
11.44864375
20
48.60963125
30
0
0
VERTEX
8
0
10
11.44960625
20
48.612965625
30
0
0
VERTEX
8
0
10
11.45253125
20
48.619543750000005
30
0
42
0.015766932116074574
0
VERTEX
8
0
10
11.453690625
20
48.62420625
30
0
0
VERTEX
8
0
10
11.453953125
20
48.628025
30
0
0
VERTEX
8
0
10
11.45468125
20
48.63054375
30
0
0
VERTEX
8
0
10
11.454656250000001
20
48.63488125
30
0
0
VERTEX
8
0
10
11.455400000000001
20
48.64025
30
0
0
VERTEX
8
0
10
11.455400000000001
20
49.224825
30
0
0
VERTEX
8
0
10
11.544671875
20
49.314096875000004
30
0
0
VERTEX
8
0
10
12.27548125
20
49.314096875000004
30
0
0
VERTEX
8
0
10
12.283909375
20
49.315312500000005
30
0
0
VERTEX
8
0
10
12.292375
20
49.315993750000004
30
0
42
0.08765396656356698
0
VERTEX
8
0
10
12.316812500000001
20
49.326278125
30
0
0
VERTEX
8
0
10
12.32240625
20
49.33115
30
0
0
VERTEX
8
0
10
12.3293625
20
49.336415625
30
0
0
VERTEX
8
0
10
12.82774375
20
49.834796875
30
0
0
VERTEX
8
0
10
14.6555125
20
49.834796875
30
0
0
VERTEX
8
0
10
14.65715625
20
49.835034375
30
0
0
VERTEX
8
0
10
14.658806250000001
20
49.834868750000005
30
0
42
0.2031782006671504
0
VERTEX
8
0
10
14.715353125
20
49.86381875
30
0
0
VERTEX
8
0
10
14.720500000000001
20
49.872603125000005
30
0
0
VERTEX
8
0
10
14.8946875
20
50.046790625
30
0
0
VERTEX
8
0
10
15.118740625000001
20
50.139596875
30
0
0
VERTEX
8
0
10
15.36125625
20
50.139596875
30
0
0
VERTEX
8
0
10
15.585309375000001
20
50.046790625
30
0
0
VERTEX
8
0
10
15.756790625
20
49.875309375
30
0
0
VERTEX
8
0
10
15.849596875000001
20
49.65125625
30
0
0
VERTEX
8
0
10
15.849596875000001
20
49.408740625
30
0
0
VERTEX
8
0
10
15.756790625
20
49.1846875
30
0
0
VERTEX
8
0
10
15.585309375000001
20
49.01320625
30
0
0
VERTEX
8
0
10
15.36125625
20
48.9204
30
0
0
VERTEX
8
0
10
15.118740625000001
20
48.9204
30
0
0
VERTEX
8
0
10
14.8946875
20
49.01320625
30
0
0
VERTEX
8
0
10
14.720553125
20
49.187340625000004
30
0
0
VERTEX
8
0
10
14.719540625
20
49.1888875
30
0
0
VERTEX
8
0
10
14.714809375000002
20
49.196859375
30
0
42
0.1553650101904322
0
VERTEX
8
0
10
14.67621875
20
49.22233125
30
0
0
VERTEX
8
0
10
14.665700000000001
20
49.2237875
30
0
0
VERTEX
8
0
10
14.657937500000001
20
49.2251625
30
0
42
0.007957433766569523
0
VERTEX
8
0
10
14.6555125
20
49.2252
30
0
0
VERTEX
8
0
10
13.258796875
20
49.2252
30
0
0
VERTEX
8
0
10
13.253178125
20
49.2243875
30
0
42
0.3925881563456996
0
VERTEX
8
0
10
13.182596875
20
49.149
30
0
0
VERTEX
8
0
10
13.182596875
20
48.565171875000004
30
0
0
VERTEX
8
0
10
13.093325
20
48.4759
30
0
0
VERTEX
8
0
10
12.00075
20
48.4759
30
0
0
VERTEX
8
0
10
11.99231875
20
48.474684375
30
0
0
VERTEX
8
0
10
11.98385625
20
48.474003125
30
0
42
0.08765396656356698
0
VERTEX
8
0
10
11.959418750000001
20
48.463718750000005
30
0
0
VERTEX
8
0
10
11.953825
20
48.458846875
30
0
0
VERTEX
8
0
10
11.94686875
20
48.45358125
30
0
0
VERTEX
8
0
10
11.7690625
20
48.275778125
30
0
0
VERTEX
8
0
10
11.767359375
20
48.273500000000006
30
0
0
VERTEX
8
0
10
11.7652
20
48.27161875
30
0
42
0.5484095900174472
0
VERTEX
8
0
10
11.8022375
20
48.148565625
30
0
0
VERTEX
8
0
10
11.81089375
20
48.147365625
30
0
0
VERTEX
8
0
10
11.8181375
20
48.14585
30
0
42
0.015780610188008838
0
VERTEX
8
0
10
11.82294375
20
48.145696875000006
30
0
0
VERTEX
8
0
10
12.18564375
20
48.145696875000006
30
0
0
VERTEX
8
0
10
12.18564375
20
47.8917
30
0
0
VERTEX
8
0
10
11.607800000000001
20
47.8917
30
0
0
VERTEX
8
0
10
11.607800000000001
20
47.75835
30
0
0
VERTEX
8
0
10
11.353796875
20
47.75835
30
0
0
VERTEX
8
0
10
11.3538
20
47.925143750000004
30
0
0
VERTEX
8
0
10
11.356568750000001
20
47.935471875000005
30
0
42
0.029502960574837003
0
VERTEX
8
0
10
11.358315625000001
20
47.94428125
30
0
0
VERTEX
8
0
10
11.358450000000001
20
47.944746875
30
0
42
0.45511795353706486
0
VERTEX
8
0
10
11.28296875
20
48.031400000000005
30
0
0
VERTEX
8
0
10
7.670796875000001
20
48.031400000000005
30
0
0
VERTEX
8
0
10
7.665178125000001
20
48.0305875
30
0
42
0.3925881563456996
0
VERTEX
8
0
10
7.594596875000001
20
47.955200000000005
30
0
0
VERTEX
8
0
10
7.594596875000001
20
47.295171875
30
0
0
VERTEX
8
0
10
7.505325
20
47.2059
30
0
0
VERTEX
8
0
10
5.986212500000001
20
47.2059
30
0
0
VERTEX
8
0
10
5.977784375000001
20
47.204684375
30
0
0
VERTEX
8
0
10
5.96931875
20
47.204003125
30
0
42
0.08765396656356698
0
VERTEX
8
0
10
5.94488125
20
47.19371875
30
0
0
VERTEX
8
0
10
5.939287500000001
20
47.188846875
30
0
0
VERTEX
8
0
10
5.932331250000001
20
47.18358125
30
0
0
VERTEX
8
0
10
5.330915625
20
46.582165625
30
0
0
VERTEX
8
0
10
5.325843750000001
20
46.57538125
30
0
0
VERTEX
8
0
10
5.320309375
20
46.568881250000004
30
0
42
0.08765145259213399
0
VERTEX
8
0
10
5.31030625
20
46.544328125
30
0
0
VERTEX
8
0
10
5.309796875
20
46.536953125000004
30
0
0
VERTEX
8
0
10
5.308596875
20
46.528284375000005
30
0
0
VERTEX
8
0
10
5.308596875
20
45.52130625
30
0
0
VERTEX
8
0
10
5.30900625
20
45.518475
30
0
0
VERTEX
8
0
10
5.308809375
20
45.515634375000005
30
0
42
0.548409711059846
0
VERTEX
8
0
10
5.422009375
20
45.454809375
30
0
0
VERTEX
8
0
10
5.428978125
20
45.460084375
30
0
0
VERTEX
8
0
10
5.435175
20
45.464134375
30
0
42
0.015772426617527556
0
VERTEX
8
0
10
5.438678125
20
45.467425
30
0
0
VERTEX
8
0
10
5.87803125
20
45.90678125
30
0
0
VERTEX
8
0
10
5.88143125
20
45.911328125000004
30
0
42
0.2947874737043994
0
VERTEX
8
0
10
5.892684375
20
45.992565625000005
30
0
0
VERTEX
8
0
10
5.890643750000001
20
45.997878125
30
0
42
0.04846793073628397
0
VERTEX
8
0
10
5.878028125
20
46.014546875
30
0
0
VERTEX
8
0
10
5.8674
20
46.025175000000004
30
0
0
VERTEX
8
0
10
5.8674
20
46.684825000000004
30
0
0
VERTEX
8
0
10
5.9566718750000005
20
46.774096875000005
30
0
0
VERTEX
8
0
10
7.505325
20
46.774096875000005
30
0
0
VERTEX
8
0
10
7.594596875000001
20
46.684825000000004
30
0
0
VERTEX
8
0
10
7.594596875000001
20
46.025171875000005
30
0
0
VERTEX
8
0
10
7.505325
20
45.935900000000004
30
0
0
VERTEX
8
0
10
6.6212125
20
45.935900000000004
30
0
0
VERTEX
8
0
10
6.61278125
20
45.934684375
30
0
0
VERTEX
8
0
10
6.60431875
20
45.934003125000004
30
0
42
0.08765396656356698
0
VERTEX
8
0
10
6.579881250000001
20
45.92371875
30
0
0
VERTEX
8
0
10
6.5742875000000005
20
45.918846875
30
0
0
VERTEX
8
0
10
6.5673312500000005
20
45.91358125
30
0
0
VERTEX
8
0
10
6.389525
20
45.735778125
30
0
0
VERTEX
8
0
10
6.387821875
20
45.7335
30
0
0
VERTEX
8
0
10
6.3856625000000005
20
45.73161875
30
0
42
0.5484095900174472
0
VERTEX
8
0
10
6.422700000000001
20
45.608565625000004
30
0
0
VERTEX
8
0
10
6.43135625
20
45.607365625
30
0
0
VERTEX
8
0
10
6.4386
20
45.605850000000004
30
0
42
0.015780610188008838
0
VERTEX
8
0
10
6.443406250000001
20
45.605696875
30
0
0
VERTEX
8
0
10
6.5976437500000005
20
45.605696875
30
0
0
VERTEX
8
0
10
6.5976437500000005
20
45.3517
30
0
0
VERTEX
8
0
10
6.0198
20
45.3517
30
0
0
VERTEX
8
0
10
6.0198
20
44.8183
30
0
0
VERTEX
8
0
10
6.5976437500000005
20
44.8183
30
0
0
VERTEX
8
0
10
6.5976437500000005
20
44.5643
30
0
0
VERTEX
8
0
10
5.98635625
20
44.5643
30
0
0
VERTEX
8
0
10
5.921759375000001
20
44.581609375
30
0
0
VERTEX
8
0
10
5.863837500000001
20
44.615050000000004
30
0
0
VERTEX
8
0
10
5.81655
20
44.6623375
30
0
0
VERTEX
8
0
10
5.783109375
20
44.720259375000005
30
0
0
VERTEX
8
0
10
5.7658000000000005
20
44.784856250000004
30
0
0
VERTEX
8
0
10
5.7658000000000005
20
44.928090625
30
0
0
VERTEX
8
0
10
5.765390625
20
44.930921875
30
0
0
VERTEX
8
0
10
5.7655875000000005
20
44.9337625
30
0
42
0.548409711059846
0
VERTEX
8
0
10
5.652387500000001
20
44.9945875
30
0
0
VERTEX
8
0
10
5.64541875
20
44.989312500000004
30
0
0
VERTEX
8
0
10
5.6392218750000005
20
44.985262500000005
30
0
42
0.015772426617527556
0
VERTEX
8
0
10
5.6357187500000006
20
44.981971875
30
0
0
VERTEX
8
0
10
5.330915625
20
44.677165625
30
0
0
VERTEX
8
0
10
5.325834375
20
44.67036875
30
0
0
VERTEX
8
0
10
5.320309375
20
44.66388125
30
0
42
0.08765145259213399
0
VERTEX
8
0
10
5.31030625
20
44.639328125
30
0
0
VERTEX
8
0
10
5.309796875
20
44.631953125
30
0
0
VERTEX
8
0
10
5.308596875
20
44.623284375000004
30
0
0
VERTEX
8
0
10
5.308596875
20
42.951771875
30
0
0
VERTEX
8
0
10
5.219325
20
42.862500000000004
30
0
0
VERTEX
8
0
10
3.924671875
20
42.862500000000004
30
0
0
VERTEX
8
0
10
3.8638781250000003
20
42.92329375
30
0
0
VERTEX
8
0
10
3.8593187500000004
20
42.926703125
30
0
42
0.39252692588609156
0
VERTEX
8
0
10
3.756115625
20
42.92329375
30
0
0
VERTEX
8
0
10
3.695325
20
42.862500000000004
30
0
0
VERTEX
8
0
10
3.4797968750000003
20
42.862500000000004
30
0
0
VERTEX
8
0
10
3.4741781250000003
20
42.8616875
30
0
42
0.3925881563456996
0
VERTEX
8
0
10
3.4035968750000003
20
42.786300000000004
30
0
0
VERTEX
8
0
10
3.4035968750000003
20
40.13125
30
0
0
VERTEX
8
0
10
3.4048125000000002
20
40.122821875
30
0
0
VERTEX
8
0
10
3.40549375
20
40.11435625
30
0
42
0.08765396656356698
0
VERTEX
8
0
10
3.415778125
20
40.08991875
30
0
0
VERTEX
8
0
10
3.42065
20
40.084325
30
0
0
VERTEX
8
0
10
3.425915625
20
40.077368750000005
30
0
0
VERTEX
8
0
10
5.7111656250000005
20
37.792115625
30
0
0
VERTEX
8
0
10
5.71795
20
37.78704375
30
0
0
VERTEX
8
0
10
5.72445
20
37.781509375
30
0
42
0.08765145259213399
0
VERTEX
8
0
10
5.749003125000001
20
37.77150625
30
0
0
VERTEX
8
0
10
5.756378125
20
37.770996875
30
0
0
VERTEX
8
0
10
5.765046875
20
37.769796875000004
30
0
0
VERTEX
8
0
10
5.841253125000001
20
37.769796875000004
30
0
0
VERTEX
8
0
10
10.898934375000001
20
32.712115625
30
0
0
VERTEX
8
0
10
10.90571875
20
32.707043750000004
30
0
0
VERTEX
8
0
10
10.912218750000001
20
32.701509375
30
0
42
0.08765145259213399
0
VERTEX
8
0
10
10.936771875
20
32.69150625
30
0
0
VERTEX
8
0
10
10.944146875000001
20
32.690996875
30
0
0
VERTEX
8
0
10
10.952815625000001
20
32.689796875
30
0
0
VERTEX
8
0
10
12.191253125000001
20
32.689796875
30
0
0
VERTEX
8
0
10
12.245134375000001
20
32.635915625
30
0
0
VERTEX
8
0
10
12.25191875
20
32.630843750000004
30
0
0
VERTEX
8
0
10
12.25841875
20
32.625309375
30
0
42
0.08765145259213399
0
VERTEX
8
0
10
12.282971875000001
20
32.61530625
30
0
0
VERTEX
8
0
10
12.290346875000001
20
32.614796875
30
0
0
VERTEX
8
0
10
12.299015625000001
20
32.613596875
30
0
0
VERTEX
8
0
10
15.489646875
20
32.613596875
30
0
0
VERTEX
8
0
10
15.496465625
20
32.61458125
30
0
0
VERTEX
8
0
10
15.50333125
20
32.6148375
30
0
42
0.7477896963417208
0
VERTEX
8
0
10
15.51880625
20
32.760196875
30
0
0
VERTEX
8
0
10
15.230031250000001
20
32.879809375
30
0
0
VERTEX
8
0
10
14.972809375
20
33.13703125
30
0
0
VERTEX
8
0
10
14.8336
20
33.4731125
30
0
0
VERTEX
8
0
10
14.8336
20
33.836884375000004
30
0
0
VERTEX
8
0
10
14.972809375
20
34.172965625
30
0
0
VERTEX
8
0
10
15.230031250000001
20
34.4301875
30
0
0
VERTEX
8
0
10
15.566112500000001
20
34.569396875
30
0
0
VERTEX
8
0
10
17.453884375
20
34.569396875
30
0
0
VERTEX
8
0
10
17.789965625
20
34.4301875
30
0
0
VERTEX
8
0
10
18.0471875
20
34.172965625
30
0
0
VERTEX
8
0
10
18.186396875
20
33.836884375000004
30
0
0
VERTEX
8
0
10
18.186396875
20
33.4731125
30
0
0
VERTEX
8
0
10
18.0471875
20
33.13703125
30
0
0
VERTEX
8
0
10
17.789965625
20
32.879809375
30
0
0
VERTEX
8
0
10
17.501190625
20
32.760196875
30
0
0
VERTEX
8
0
10
17.495278125000002
20
32.756684375
30
0
0
VERTEX
8
0
10
17.48901875
20
32.753815625
30
0
42
0.7477774313238661
0
VERTEX
8
0
10
17.530350000000002
20
32.613596875
30
0
0
VERTEX
8
0
10
18.923746875000003
20
32.613596875
30
0
0
VERTEX
8
0
10
18.932175
20
32.6148125
30
0
0
VERTEX
8
0
10
18.940640625
20
32.61549375
30
0
42
0.08765396656356698
0
VERTEX
8
0
10
18.965078125
20
32.625778125000004
30
0
0
VERTEX
8
0
10
18.970671875
20
32.63065
30
0
0
VERTEX
8
0
10
18.977628125000003
20
32.635915625
30
0
0
VERTEX
8
0
10
20.538875
20
34.197159375
30
0
0
VERTEX
8
0
10
20.54299375
20
34.202665625
30
0
0
VERTEX
8
0
10
20.547678125
20
34.207715625
30
0
42
0.037218725559461346
0
VERTEX
8
0
10
20.55430625
20
34.22104375
30
0
0
VERTEX
8
0
10
20.557368750000002
20
34.22720625
30
0
0
VERTEX
8
0
10
20.558075000000002
20
34.231196875
30
0
0
VERTEX
8
0
10
20.559484375
20
34.234996875
30
0
42
0.34453517734696104
0
VERTEX
8
0
10
20.518531250000002
20
34.3194625
30
0
0
VERTEX
8
0
10
20.514678125
20
34.32070625
30
0
0
VERTEX
8
0
10
20.511103125
20
34.322628125
30
0
42
0.14790636239253824
0
VERTEX
8
0
10
20.455828125
20
34.3214375
30
0
0
VERTEX
8
0
10
20.441253125
20
34.315400000000004
30
0
0
VERTEX
8
0
10
20.198740625
20
34.315400000000004
30
0
0
VERTEX
8
0
10
19.9746875
20
34.40820625
30
0
0
VERTEX
8
0
10
19.803206250000002
20
34.5796875
30
0
0
VERTEX
8
0
10
19.7104
20
34.803740625
30
0
0
VERTEX
8
0
10
19.7104
20
35.04625625
30
0
0
VERTEX
8
0
10
19.803206250000002
20
35.270309375000004
30
0
0
VERTEX
8
0
10
19.9746875
20
35.441790625
30
0
0
VERTEX
8
0
10
20.198740625
20
35.534596875
30
0
0
VERTEX
8
0
10
20.445018750000003
20
35.534596875
30
0
0
VERTEX
8
0
10
20.446825
20
35.53421875
30
0
0
VERTEX
8
0
10
20.455815625
20
35.531928125
30
0
42
0.15531149043276926
0
VERTEX
8
0
10
20.5011
20
35.541203125
30
0
0
VERTEX
8
0
10
20.509625
20
35.547653125000004
30
0
0
VERTEX
8
0
10
20.5160375
20
35.552140625
30
0
42
0.007910890105774627
0
VERTEX
8
0
10
20.517768750000002
20
35.553818750000005
30
0
0
VERTEX
8
0
10
21.34874375
20
36.384796875
30
0
0
VERTEX
8
0
10
21.364265625
20
36.384796875
30
0
42
0.41421356237309503
0
VERTEX
8
0
10
21.440465625
20
36.460996875
30
0
0
VERTEX
8
0
10
21.440465625
20
36.76686875
30
0
0
VERTEX
8
0
10
21.449715625
20
36.77611875
30
0
42
0.30497159941601226
0
VERTEX
8
0
10
21.46573125
20
36.859440625000005
30
0
0
VERTEX
8
0
10
21.4649125
20
36.862156250000005
30
0
42
0.06248709269643987
0
VERTEX
8
0
10
21.4497125
20
36.883884375
30
0
0
VERTEX
8
0
10
21.440465625
20
36.89313125
30
0
0
VERTEX
8
0
10
21.440465625
20
37.199000000000005
30
0
0
VERTEX
8
0
10
21.439653125
20
37.20461875
30
0
42
0.3925881563456996
0
VERTEX
8
0
10
21.364265625
20
37.275200000000005
30
0
0
VERTEX
8
0
10
20.592815625
20
37.275200000000005
30
0
0
VERTEX
8
0
10
20.584387500000002
20
37.273984375000005
30
0
0
VERTEX
8
0
10
20.575921875000002
20
37.273303125000005
30
0
42
0.08765396656356698
0
VERTEX
8
0
10
20.551484375
20
37.26301875
30
0
0
VERTEX
8
0
10
20.545890625000002
20
37.258146875
30
0
0
VERTEX
8
0
10
20.538934375
20
37.25288125
30
0
0
VERTEX
8
0
10
20.31381875
20
37.02776875
30
0
0
VERTEX
8
0
10
20.312828125
20
37.026446875000005
30
0
0
VERTEX
8
0
10
20.31155
20
37.025400000000005
30
0
42
0.2031703873700634
0
VERTEX
8
0
10
20.292025000000002
20
36.96495
30
0
0
VERTEX
8
0
10
20.294596875
20
36.95509375
30
0
0
VERTEX
8
0
10
20.294596875
20
36.708740625000004
30
0
0
VERTEX
8
0
10
20.201790625
20
36.4846875
30
0
0
VERTEX
8
0
10
20.030309375
20
36.31320625
30
0
0
VERTEX
8
0
10
19.80625625
20
36.220400000000005
30
0
0
VERTEX
8
0
10
19.563740625
20
36.220400000000005
30
0
0
VERTEX
8
0
10
19.3396875
20
36.31320625
30
0
0
VERTEX
8
0
10
19.16820625
20
36.4846875
30
0
0
VERTEX
8
0
10
19.075400000000002
20
36.708740625000004
30
0
0
VERTEX
8
0
10
19.075400000000002
20
36.95125625
30
0
0
VERTEX
8
0
10
19.16820625
20
37.175309375000005
30
0
0
VERTEX
8
0
10
19.3396875
20
37.346790625000004
30
0
0
VERTEX
8
0
10
19.563740625
20
37.439596875
30
0
0
VERTEX
8
0
10
19.81001875
20
37.439596875
30
0
0
VERTEX
8
0
10
19.811825000000002
20
37.43921875
30
0
0
VERTEX
8
0
10
19.820815625
20
37.436928125
30
0
42
0.15531149043276926
0
VERTEX
8
0
10
19.8661
20
37.446203125000004
30
0
0
VERTEX
8
0
10
19.874625
20
37.452653125000005
30
0
0
VERTEX
8
0
10
19.8810375
20
37.457140625
30
0
42
0.007910890105774627
0
VERTEX
8
0
10
19.88276875
20
37.45881875
30
0
0
VERTEX
8
0
10
20.30874375
20
37.884796875
30
0
0
VERTEX
8
0
10
21.52683125
20
37.884796875
30
0
0
VERTEX
8
0
10
21.535259375000003
20
37.8860125
30
0
0
VERTEX
8
0
10
21.543725000000002
20
37.88669375
30
0
42
0.06805181656327144
0
VERTEX
8
0
10
21.5681625
20
37.896978125000004
30
0
0
VERTEX
8
0
10
21.573756250000002
20
37.90185
30
0
0
VERTEX
8
0
10
21.5807125
20
37.907115625
30
0
0
VERTEX
8
0
10
21.58099375
20
37.907396875
30
0
0
VERTEX
8
0
10
21.81524375
20
37.907396875
30
0
0
VERTEX
8
0
10
21.818075
20
37.90780625
30
0
0
VERTEX
8
0
10
21.820915625
20
37.907609375
30
0
42
0.548409711059846
0
VERTEX
8
0
10
21.881740625000003
20
38.020809375
30
0
0
VERTEX
8
0
10
21.876465625
20
38.027778125000005
30
0
0
VERTEX
8
0
10
21.872415625000002
20
38.033975000000005
30
0
42
0.015772426617527556
0
VERTEX
8
0
10
21.869125
20
38.037478125
30
0
0
VERTEX
8
0
10
21.498718750000002
20
38.40788125
30
0
0
VERTEX
8
0
10
21.491921875000003
20
38.4129625
30
0
0
VERTEX
8
0
10
21.485434375
20
38.418487500000005
30
0
42
0.08765145259213399
0
VERTEX
8
0
10
21.46088125
20
38.428490625
30
0
0
VERTEX
8
0
10
21.45350625
20
38.429
30
0
0
VERTEX
8
0
10
21.444837500000002
20
38.4302
30
0
0
VERTEX
8
0
10
18.186400000000003
20
38.4302
30
0
0
VERTEX
8
0
10
18.1847625
20
38.4299625
30
0
0
VERTEX
8
0
10
18.183125
20
38.430128125
30
0
42
0.21834638570063183
0
VERTEX
8
0
10
18.126575000000003
20
38.401193750000004
30
0
0
VERTEX
8
0
10
18.1211875
20
38.392003125
30
0
0
VERTEX
8
0
10
18.116953125000002
20
38.3853625
30
0
42
0.007876004456603554
0
VERTEX
8
0
10
18.116
20
38.383159375000005
30
0
0
VERTEX
8
0
10
18.0471875
20
38.217031250000005
30
0
0
VERTEX
8
0
10
17.789965625
20
37.959809375
30
0
0
VERTEX
8
0
10
17.453884375
20
37.8206
30
0
0
VERTEX
8
0
10
15.566112500000001
20
37.8206
30
0
0
VERTEX
8
0
10
15.230031250000001
20
37.959809375
30
0
0
VERTEX
8
0
10
14.972809375
20
38.217031250000005
30
0
0
VERTEX
8
0
10
14.8336
20
38.553112500000005
30
0
0
VERTEX
8
0
10
14.8336
20
38.916884375
30
0
0
VERTEX
8
0
10
14.972809375
20
39.252965625
30
0
0
VERTEX
8
0
10
15.213015625
20
39.49316875
30
0
0
VERTEX
8
0
10
15.21641875
20
39.497718750000004
30
0
42
0.39256960445629635
0
VERTEX
8
0
10
15.213015625
20
39.60093125
30
0
0
VERTEX
8
0
10
10.7418625
20
44.072081250000004
30
0
0
VERTEX
8
0
10
10.541
20
44.27294375
30
0
0
VERTEX
8
0
10
10.541
20
46.417003125
30
0
0
VERTEX
8
0
10
11.34278125
20
47.21878125
30
0
0
VERTEX
8
0
10
11.347312500000001
20
47.224840625
30
0
0
VERTEX
8
0
10
11.352359375
20
47.230481250000004
30
0
42
0.09389923662287458
0
VERTEX
8
0
10
11.363390625000001
20
47.25661875
30
0
0
VERTEX
8
0
10
11.363909375
20
47.26415
30
0
0
VERTEX
8
0
10
11.36509375
20
47.27164375
30
0
42
0.015624365041573097
0
VERTEX
8
0
10
11.3648875
20
47.278334375
30
0
0
VERTEX
8
0
10
11.36344375
20
47.2848625
30
0
0
VERTEX
8
0
10
11.362503125
20
47.292387500000004
30
0
0
VERTEX
8
0
10
11.3538
20
47.324859375
30
0
0
VERTEX
8
0
10
11.3538
20
47.49164375
30
0
0
VERTEX
8
0
10
11.607800000000001
20
47.49164375
30
0
0
VERTEX
8
0
10
11.607800000000001
20
47.3583
30
0
0
VERTEX
8
0
10
13.0302
20
47.3583
30
0
0
VERTEX
8
0
10
13.0302
20
47.49164375
30
0
0
VERTEX
8
0
10
13.284196875000001
20
47.49164375
30
0
0
VERTEX
8
0
10
13.284196875000001
20
47.324859375
30
0
0
VERTEX
8
0
10
13.27549375
20
47.292387500000004
30
0
42
0.21834506157763672
0
VERTEX
8
0
10
13.286121875000001
20
47.229759375
30
0
0
VERTEX
8
0
10
13.290646875
20
47.224818750000004
30
0
0
VERTEX
8
0
10
13.295215625
20
47.21878125
30
0
0
VERTEX
8
0
10
13.438934375
20
47.075065625
30
0
0
VERTEX
8
0
10
13.640634375000001
20
46.873365625000005
30
0
0
VERTEX
8
0
10
13.641753125000001
20
46.8683125
30
0
0
VERTEX
8
0
10
13.642906250000001
20
46.860315625000005
30
0
42
0.4813150286803805
0
VERTEX
8
0
10
13.753209375
20
46.8153625
30
0
0
VERTEX
8
0
10
13.760178125000001
20
46.820637500000004
30
0
0
VERTEX
8
0
10
13.766375
20
46.8246875
30
0
42
0.015772426617527556
0
VERTEX
8
0
10
13.769878125
20
46.827978125
30
0
0
VERTEX
8
0
10
18.68169375
20
51.739796875
30
0
0
VERTEX
8
0
10
20.79718125
20
51.739796875
30
0
0
VERTEX
8
0
10
20.805615625
20
51.741012500000004
30
0
0
VERTEX
8
0
10
20.814071875
20
51.74169375
30
0
42
0.08766404102912091
0
VERTEX
8
0
10
20.8385125
20
51.751978125
30
0
0
VERTEX
8
0
10
20.844115625
20
51.756859375000005
30
0
0
VERTEX
8
0
10
20.8510625
20
51.762115625
30
0
0
VERTEX
8
0
10
20.95266875
20
51.863718750000004
30
0
0
VERTEX
8
0
10
20.954371875
20
51.865996875
30
0
0
VERTEX
8
0
10
20.95653125
20
51.867878125000004
30
0
42
0.5484095900174472
0
VERTEX
8
0
10
20.91949375
20
51.99093125
30
0
0
VERTEX
8
0
10
20.9108375
20
51.99213125
30
0
0
VERTEX
8
0
10
20.903593750000002
20
51.993646875
30
0
42
0.015780610188008838
0
VERTEX
8
0
10
20.8987875
20
51.9938
30
0
0
VERTEX
8
0
10
20.81353125
20
51.9938
30
0
0
VERTEX
8
0
10
20.552134375
20
52.102075
30
0
0
VERTEX
8
0
10
20.352075
20
52.302134375
30
0
0
VERTEX
8
0
10
20.2438
20
52.563531250000004
30
0
0
VERTEX
8
0
10
20.2438
20
52.859121875
30
0
0
VERTEX
8
0
10
20.243390625
20
52.861953125
30
0
0
VERTEX
8
0
10
20.2435875
20
52.864803125
30
0
42
0.4306707318037769
0
VERTEX
8
0
10
20.13038125
20
52.9256125
30
0
0
VERTEX
8
0
10
20.124156250000002
20
52.9209
30
0
0
VERTEX
8
0
10
19.83739375
20
52.9209
30
0
0
VERTEX
8
0
10
19.83739375
20
53.1749
30
0
0
VERTEX
8
0
10
20.016409375000002
20
53.1749
30
0
0
VERTEX
8
0
10
20.485100000000003
20
53.643590625
30
0
0
VERTEX
8
0
10
20.485100000000003
20
54.306409375
30
0
0
VERTEX
8
0
10
20.016409375000002
20
54.7751
30
0
0
VERTEX
8
0
10
19.83739375
20
54.7751
30
0
0
VERTEX
8
0
10
19.83739375
20
55.029096875
30
0
0
VERTEX
8
0
10
20.12161875
20
55.029096875
30
0
0
VERTEX
8
0
10
20.74206875
20
54.40864375
30
0
0
VERTEX
8
0
10
20.74661875
20
54.405240625000005
30
0
42
0.39256960445629635
0
VERTEX
8
0
10
20.84983125
20
54.40864375
30
0
0
VERTEX
8
0
10
23.40918125
20
56.967996875000004
30
0
0
VERTEX
8
0
10
23.414253125000002
20
56.97478125
30
0
0
VERTEX
8
0
10
23.4197875
20
56.98128125
30
0
42
0.015769721011977475
0
VERTEX
8
0
10
23.422215625
20
56.985428125000006
30
0
0
VERTEX
8
0
10
23.424203125000002
20
56.990784375000004
30
0
0
VERTEX
8
0
10
23.42474375
20
56.991631250000005
30
0
0
VERTEX
8
0
10
23.4254
20
56.993903125
30
0
0
VERTEX
8
0
10
23.428631250000002
20
57.001171875000004
30
0
42
0.015766932116074574
0
VERTEX
8
0
10
23.429790625000003
20
57.005834375000006
30
0
0
VERTEX
8
0
10
23.430087500000003
20
57.010140625000005
30
0
42
0.013824039460929529
0
VERTEX
8
0
10
23.430759375
20
57.016525
30
0
0
VERTEX
8
0
10
23.4315
20
57.021878125
30
0
0
VERTEX
8
0
10
23.4315
20
57.0748
30
0
42
0.41421356237309503
0
VERTEX
8
0
10
23.3553
20
57.151
30
0
0
VERTEX
8
0
10
22.752653125000002
20
57.151
30
0
0
VERTEX
8
0
10
22.639903125
20
57.263753125
30
0
0
VERTEX
8
0
10
22.63535625
20
57.267153125
30
0
42
0.2947874737043994
0
VERTEX
8
0
10
22.55411875
20
57.27840625
30
0
0
VERTEX
8
0
10
22.548806250000002
20
57.276365625000004
30
0
42
0.04807110015351782
0
VERTEX
8
0
10
22.5321375
20
57.26375
30
0
0
VERTEX
8
0
10
22.5209875
20
57.2526
30
0
0
VERTEX
8
0
10
21.9947375
20
57.2526
30
0
0
VERTEX
8
0
10
21.91174375
20
57.33559375
30
0
0
VERTEX
8
0
10
21.90719375
20
57.338996875
30
0
42
0.39256960445629635
0
VERTEX
8
0
10
21.80398125
20
57.33559375
30
0
0
VERTEX
8
0
10
21.720990625000002
20
57.2526
30
0
0
VERTEX
8
0
10
21.194737500000002
20
57.2526
30
0
0
VERTEX
8
0
10
21.111743750000002
20
57.33559375
30
0
0
VERTEX
8
0
10
21.10719375
20
57.338996875
30
0
42
0.39256960445629635
0
VERTEX
8
0
10
21.003981250000002
20
57.33559375
30
0
0
VERTEX
8
0
10
20.920990625
20
57.2526
30
0
0
VERTEX
8
0
10
20.394740625
20
57.2526
30
0
0
VERTEX
8
0
10
20.38155
20
57.265790625
30
0
42
0.43883517126213045
0
VERTEX
8
0
10
20.261671875
20
57.250009375000005
30
0
0
VERTEX
8
0
10
20.261109375
20
57.249034375
30
0
0
VERTEX
8
0
10
20.213825
20
57.201750000000004
30
0
0
VERTEX
8
0
10
20.155903125000002
20
57.168309375
30
0
0
VERTEX
8
0
10
20.091306250000002
20
57.151
30
0
0
VERTEX
8
0
10
19.957865625
20
57.151
30
0
0
VERTEX
8
0
10
19.957865625
20
57.405
30
0
0
VERTEX
8
0
10
20.057865625
20
57.405
30
0
0
VERTEX
8
0
10
20.057865625
20
58.205000000000005
30
0
0
VERTEX
8
0
10
19.957865625
20
58.205000000000005
30
0
0
VERTEX
8
0
10
19.957865625
20
58.458996875000004
30
0
0
VERTEX
8
0
10
20.091306250000002
20
58.458996875000004
30
0
0
VERTEX
8
0
10
20.155903125000002
20
58.4416875
30
0
0
VERTEX
8
0
10
20.213825
20
58.408246875
30
0
0
VERTEX
8
0
10
20.261109375
20
58.3609625
30
0
0
VERTEX
8
0
10
20.261671875
20
58.3599875
30
0
42
0.4103243583702492
0
VERTEX
8
0
10
20.36488125
20
58.331590625000004
30
0
0
VERTEX
8
0
10
20.37005625
20
58.33550625
30
0
0
VERTEX
8
0
10
20.375140625
20
58.33848125
30
0
42
0.019400196565354702
0
VERTEX
8
0
10
20.38155
20
58.344206250000006
30
0
0
VERTEX
8
0
10
20.394740625
20
58.357396875000006
30
0
0
VERTEX
8
0
10
20.920990625
20
58.357396875000006
30
0
0
VERTEX
8
0
10
21.003981250000002
20
58.274403125000006
30
0
0
VERTEX
8
0
10
21.00853125
20
58.271
30
0
42
0.39256960445629635
0
VERTEX
8
0
10
21.111743750000002
20
58.274403125000006
30
0
0
VERTEX
8
0
10
21.194737500000002
20
58.357396875000006
30
0
0
VERTEX
8
0
10
21.720990625000002
20
58.357396875000006
30
0
0
VERTEX
8
0
10
21.80398125
20
58.274403125000006
30
0
0
VERTEX
8
0
10
21.80853125
20
58.271
30
0
42
0.39256960445629635
0
VERTEX
8
0
10
21.91174375
20
58.274403125000006
30
0
0
VERTEX
8
0
10
21.9947375
20
58.357396875000006
30
0
0
VERTEX
8
0
10
22.199825
20
58.357396875000006
30
0
0
VERTEX
8
0
10
22.20265625
20
58.35780625
30
0
0
VERTEX
8
0
10
22.205496875
20
58.357609375
30
0
42
0.548409711059846
0
VERTEX
8
0
10
22.266321875000003
20
58.470809375
30
0
0
VERTEX
8
0
10
22.261046875
20
58.477778125
30
0
0
VERTEX
8
0
10
22.256996875000002
20
58.483975
30
0
42
0.015772426617527556
0
VERTEX
8
0
10
22.25370625
20
58.487478125
30
0
0
VERTEX
8
0
10
21.772000000000002
20
58.969181250000005
30
0
0
VERTEX
8
0
10
21.765215625
20
58.974253125000004
30
0
0
VERTEX
8
0
10
21.758715625
20
58.9797875
30
0
42
0.08765145259213399
0
VERTEX
8
0
10
21.7341625
20
58.989790625000005
30
0
0
VERTEX
8
0
10
21.7267875
20
58.990300000000005
30
0
0
VERTEX
8
0
10
21.718118750000002
20
58.9915
30
0
0
VERTEX
8
0
10
20.16218125
20
58.9915
30
0
0
VERTEX
8
0
10
18.034000000000002
20
61.119681250000006
30
0
0
VERTEX
8
0
10
18.034000000000002
20
65.70115
30
0
0
VERTEX
8
0
10
18.032784375000002
20
65.70957812500001
30
0
0
VERTEX
8
0
10
18.032103125000003
20
65.71804375
30
0
42
0.08765396656356698
0
VERTEX
8
0
10
18.02181875
20
65.74248125
30
0
0
VERTEX
8
0
10
18.016946875000002
20
65.748075
30
0
0
VERTEX
8
0
10
18.011681250000002
20
65.75503125
30
0
0
VERTEX
8
0
10
17.94194375
20
65.82476875
30
0
0
VERTEX
8
0
10
17.939665625
20
65.82647187500001
30
0
0
VERTEX
8
0
10
17.937784375
20
65.82863125
30
0
42
0.5484095900174472
0
VERTEX
8
0
10
17.81473125
20
65.79159375
30
0
0
VERTEX
8
0
10
17.81353125
20
65.78293125
30
0
0
VERTEX
8
0
10
17.812015625
20
65.77569062500001
30
0
42
0.015770375218223928
0
VERTEX
8
0
10
17.8118625
20
65.7708875
30
0
0
VERTEX
8
0
10
17.8118625
20
65.67155625000001
30
0
0
VERTEX
8
0
10
17.794553125
20
65.606959375
30
0
0
VERTEX
8
0
10
17.7611125
20
65.5490375
30
0
0
VERTEX
8
0
10
17.713828125
20
65.50175312500001
30
0
0
VERTEX
8
0
10
17.712853125000002
20
65.501190625
30
0
42
0.4103243583702492
0
VERTEX
8
0
10
17.68445625
20
65.39798125
30
0
0
VERTEX
8
0
10
17.688375
20
65.392803125
30
0
0
VERTEX
8
0
10
17.691346875
20
65.387721875
30
0
42
0.019400196565354702
0
VERTEX
8
0
10
17.697071875000002
20
65.3813125
30
0
0
VERTEX
8
0
10
17.710262500000002
20
65.368121875
30
0
0
VERTEX
8
0
10
17.710262500000002
20
64.84187187500001
30
0
0
VERTEX
8
0
10
17.627268750000002
20
64.75888125
30
0
0
VERTEX
8
0
10
17.623865625
20
64.75433125
30
0
42
0.39256960445629635
0
VERTEX
8
0
10
17.627268750000002
20
64.65111875000001
30
0
0
VERTEX
8
0
10
17.710262500000002
20
64.56812500000001
30
0
0
VERTEX
8
0
10
17.710262500000002
20
64.041875
30
0
0
VERTEX
8
0
10
17.699112500000002
20
64.030725
30
0
42
0.414230549670253
0
VERTEX
8
0
10
17.699109375000003
20
63.922959375000005
30
0
0
VERTEX
8
0
10
17.8118625
20
63.81020937500001
30
0
0
VERTEX
8
0
10
17.8118625
20
63.199790625000006
30
0
0
VERTEX
8
0
10
17.770953125000002
20
63.158884375
30
0
42
0.4142220557498749
0
VERTEX
8
0
10
17.770953125000002
20
63.05111875
30
0
0
VERTEX
8
0
10
17.8118625
20
63.010209375
30
0
0
VERTEX
8
0
10
17.8118625
20
62.3997875
30
0
0
VERTEX
8
0
10
17.699109375000003
20
62.287037500000004
30
0
0
VERTEX
8
0
10
17.695709375
20
62.282490625
30
0
42
0.2947874737043994
0
VERTEX
8
0
10
17.68445625
20
62.201253125
30
0
0
VERTEX
8
0
10
17.686496875
20
62.195940625000006
30
0
42
0.04807110015351782
0
VERTEX
8
0
10
17.699112500000002
20
62.179271875000005
30
0
0
VERTEX
8
0
10
17.710262500000002
20
62.168121875000004
30
0
0
VERTEX
8
0
10
17.710262500000002
20
61.641871875
30
0
0
VERTEX
8
0
10
17.627268750000002
20
61.558881250000006
30
0
0
VERTEX
8
0
10
17.623865625
20
61.554331250000004
30
0
42
0.39256960445629635
0
VERTEX
8
0
10
17.627268750000002
20
61.451118750000006
30
0
0
VERTEX
8
0
10
17.710262500000002
20
61.368125000000006
30
0
0
VERTEX
8
0
10
17.710262500000002
20
60.841871875
30
0
0
VERTEX
8
0
10
17.627268750000002
20
60.75888125
30
0
0
VERTEX
8
0
10
17.623865625
20
60.75433125
30
0
42
0.39256960445629635
0
VERTEX
8
0
10
17.627268750000002
20
60.65111875
30
0
0
VERTEX
8
0
10
17.710262500000002
20
60.568125
30
0
0
VERTEX
8
0
10
17.710262500000002
20
60.041871875000005
30
0
0
VERTEX
8
0
10
17.627268750000002
20
59.958881250000005
30
0
0
VERTEX
8
0
10
17.623865625
20
59.95433125
30
0
42
0.39256960445629635
0
VERTEX
8
0
10
17.627268750000002
20
59.851118750000005
30
0
0
VERTEX
8
0
10
17.710262500000002
20
59.768125000000005
30
0
0
VERTEX
8
0
10
17.710262500000002
20
59.241875
30
0
0
VERTEX
8
0
10
17.697071875000002
20
59.228684375
30
0
42
0.43883517126213045
0
VERTEX
8
0
10
17.712853125000002
20
59.10880625
30
0
0
VERTEX
8
0
10
17.713828125
20
59.10824375
30
0
0
VERTEX
8
0
10
17.7611125
20
59.060959375
30
0
0
VERTEX
8
0
10
17.794553125
20
59.003037500000005
30
0
0
VERTEX
8
0
10
17.8118625
20
58.938440625000005
30
0
0
VERTEX
8
0
10
17.8118625
20
58.805
30
0
0
VERTEX
8
0
10
17.557865625
20
58.805
30
0
0
VERTEX
8
0
10
17.557865625
20
58.905
30
0
0
SEQEND
0
POLYLINE
66
1
8
1_copper
10
0.0
20
0.0
30
0.0
70
1
0
VERTEX
8
0
10
20.0988625
20
64.83
30
0
0
VERTEX
8
0
10
20.0988625
20
64.83909687500001
30
0
0
VERTEX
8
0
10
20.116512500000002
20
64.90496875000001
30
0
0
VERTEX
8
0
10
20.150609375000002
20
64.964028125
30
0
0
VERTEX
8
0
10
20.743515625
20
65.55693125
30
0
0
VERTEX
8
0
10
20.743525
20
65.55694375
30
0
0
VERTEX
8
0
10
20.798828125
20
65.612246875
30
0
0
VERTEX
8
0
10
20.857903125
20
65.64635
30
0
0
VERTEX
8
0
10
20.923762500000002
20
65.66399687500001
30
0
0
VERTEX
8
0
10
20.932859375
20
65.66399687500001
30
0
0
VERTEX
8
0
10
20.932859375
20
65.354584375
30
0
0
VERTEX
8
0
10
20.715790625
20
64.83
30
0
0
SEQEND
0
POLYLINE
66
1
8
1_copper
10
0.0
20
0.0
30
0.0
70
1
0
VERTEX
8
0
10
21.812865625
20
64.83
30
0
0
VERTEX
8
0
10
21.812865625
20
65.407071875
30
0
0
VERTEX
8
0
10
21.8099375
20
65.41
30
0
0
VERTEX
8
0
10
21.232865625000002
20
65.41
30
0
0
VERTEX
8
0
10
21.232865625000002
20
65.66399687500001
30
0
0
VERTEX
8
0
10
21.8419625
20
65.66399687500001
30
0
0
VERTEX
8
0
10
21.907834375
20
65.646346875
30
0
0
VERTEX
8
0
10
21.96689375
20
65.61225
30
0
0
VERTEX
8
0
10
22.020018750000002
20
65.55912500000001
30
0
0
VERTEX
8
0
10
22.02456875
20
65.555721875
30
0
42
0.39256960445629635
0
VERTEX
8
0
10
22.12778125
20
65.55912500000001
30
0
0
VERTEX
8
0
10
22.176903125000003
20
65.608246875
30
0
0
VERTEX
8
0
10
22.234825
20
65.6416875
30
0
0
VERTEX
8
0
10
22.299421875
20
65.658996875
30
0
0
VERTEX
8
0
10
22.90546875
20
65.658996875
30
0
0
VERTEX
8
0
10
22.90546875
20
65.405
30
0
0
VERTEX
8
0
10
22.332865625
20
65.405
30
0
0
VERTEX
8
0
10
22.332865625
20
64.832390625
30
0
0
VERTEX
8
0
10
22.143062500000003
20
64.832390625
30
0
0
VERTEX
8
0
10
22.137443750000003
20
64.83157812500001
30
0
42
0.03481450923228224
0
VERTEX
8
0
10
22.126709375
20
64.83003125
30
0
0
VERTEX
8
0
10
22.1265
20
64.83
30
0
0
SEQEND
0
POLYLINE
66
1
8
1_copper
10
0.0
20
0.0
30
0.0
70
1
0
VERTEX
8
0
10
23.782865625
20
64.832390625
30
0
0
VERTEX
8
0
10
23.782865625
20
65.405
30
0
0
VERTEX
8
0
10
23.21025625
20
65.405
30
0
0
VERTEX
8
0
10
23.21025625
20
65.658996875
30
0
0
VERTEX
8
0
10
23.81630625
20
65.658996875
30
0
0
VERTEX
8
0
10
23.880903125
20
65.6416875
30
0
0
VERTEX
8
0
10
23.938825
20
65.608246875
30
0
0
VERTEX
8
0
10
23.991484375000002
20
65.5555875
30
0
0
VERTEX
8
0
10
23.996040625000003
20
65.55218125
30
0
42
0.39255211274152707
0
VERTEX
8
0
10
24.09925
20
65.5555875
30
0
0
VERTEX
8
0
10
24.1519125
20
65.608253125
30
0
0
VERTEX
8
0
10
24.209825000000002
20
65.6416875
30
0
0
VERTEX
8
0
10
24.274421875
20
65.658996875
30
0
0
VERTEX
8
0
10
24.880468750000002
20
65.658996875
30
0
0
VERTEX
8
0
10
24.880468750000002
20
65.405
30
0
0
VERTEX
8
0
10
24.307865625
20
65.405
30
0
0
VERTEX
8
0
10
24.307865625
20
64.832390625
30
0
0
SEQEND
0
POLYLINE
66
1
8
1_copper
10
0.0
20
0.0
30
0.0
70
1
0
VERTEX
8
0
10
25.757865625
20
64.832390625
30
0
0
VERTEX
8
0
10
25.757865625
20
65.405
30
0
0
VERTEX
8
0
10
25.185256250000002
20
65.405
30
0
0
VERTEX
8
0
10
25.185256250000002
20
65.658996875
30
0
0
VERTEX
8
0
10
25.79130625
20
65.658996875
30
0
0
VERTEX
8
0
10
25.855903125
20
65.6416875
30
0
0
VERTEX
8
0
10
25.913825000000003
20
65.608246875
30
0
0
VERTEX
8
0
10
25.961112500000002
20
65.56095937500001
30
0
0
VERTEX
8
0
10
25.994553125
20
65.5030375
30
0
0
VERTEX
8
0
10
26.011862500000003
20
65.438440625
30
0
0
VERTEX
8
0
10
26.011862500000003
20
64.832390625
30
0
0
SEQEND
0
POLYLINE
66
1
8
1_copper
10
0.0
20
0.0
30
0.0
70
1
0
VERTEX
8
0
10
10.416243750000001
20
64.4906
30
0
0
VERTEX
8
0
10
9.880600000000001
20
65.02624375
30
0
0
VERTEX
8
0
10
9.880600000000001
20
65.2526
30
0
0
VERTEX
8
0
10
10.1346
20
65.2526
30
0
0
VERTEX
8
0
10
10.1346
20
65.13145625
30
0
0
VERTEX
8
0
10
10.52145625
20
64.7446
30
0
0
VERTEX
8
0
10
10.6426
20
64.7446
30
0
0
VERTEX
8
0
10
10.6426
20
64.4906
30
0
0
SEQEND
0
POLYLINE
66
1
8
1_copper
10
0.0
20
0.0
30
0.0
70
1
0
VERTEX
8
0
10
10.94739375
20
64.4906
30
0
0
VERTEX
8
0
10
10.94739375
20
64.7446
30
0
0
VERTEX
8
0
10
11.06854375
20
64.7446
30
0
0
VERTEX
8
0
10
11.455400000000001
20
65.13145625
30
0
0
VERTEX
8
0
10
11.455400000000001
20
65.2526
30
0
0
VERTEX
8
0
10
11.709396875000001
20
65.2526
30
0
0
VERTEX
8
0
10
11.709396875000001
20
65.02624375
30
0
0
VERTEX
8
0
10
11.173753125000001
20
64.4906
30
0
0
SEQEND
0
POLYLINE
66
1
8
1_copper
10
0.0
20
0.0
30
0.0
70
1
0
VERTEX
8
0
10
20.103865625
20
62.857390625
30
0
0
VERTEX
8
0
10
20.103865625
20
63.463440625000004
30
0
0
VERTEX
8
0
10
20.121175
20
63.5280375
30
0
0
VERTEX
8
0
10
20.154609375
20
63.585950000000004
30
0
0
VERTEX
8
0
10
20.203737500000003
20
63.635075
30
0
0
VERTEX
8
0
10
20.207153125
20
63.639643750000005
30
0
42
0.3925016528155702
0
VERTEX
8
0
10
20.203737500000003
20
63.742843750000006
30
0
0
VERTEX
8
0
10
20.150606250000003
20
63.795975000000006
30
0
0
VERTEX
8
0
10
20.116512500000002
20
63.855025000000005
30
0
0
VERTEX
8
0
10
20.0988625
20
63.920896875000004
30
0
0
VERTEX
8
0
10
20.098859375
20
64.52999375
30
0
0
VERTEX
8
0
10
20.59165
20
64.52999375
30
0
0
VERTEX
8
0
10
20.3528625
20
63.952925
30
0
0
VERTEX
8
0
10
20.355790625
20
63.949996875000004
30
0
0
VERTEX
8
0
10
20.932859375
20
63.949996875000004
30
0
0
VERTEX
8
0
10
20.932859375
20
63.637053125
30
0
0
VERTEX
8
0
10
20.932590625
20
63.635109375000006
30
0
42
0.04944807205693077
0
VERTEX
8
0
10
20.93046875
20
63.619796875000006
30
0
0
VERTEX
8
0
10
20.93046875
20
63.43
30
0
0
VERTEX
8
0
10
20.357865625000002
20
63.43
30
0
0
VERTEX
8
0
10
20.357865625000002
20
62.857390625
30
0
0
SEQEND
0
POLYLINE
66
1
8
1_copper
10
0.0
20
0.0
30
0.0
70
1
0
VERTEX
8
0
10
21.807865625
20
62.857390625
30
0
0
VERTEX
8
0
10
21.807865625
20
63.43
30
0
0
VERTEX
8
0
10
21.235256250000003
20
63.43
30
0
0
VERTEX
8
0
10
21.235256250000003
20
63.619796875000006
30
0
0
VERTEX
8
0
10
21.23444375
20
63.625415625
30
0
42
0.03481450923228224
0
VERTEX
8
0
10
21.232896875
20
63.63615
30
0
0
VERTEX
8
0
10
21.232865625000002
20
63.636359375000005
30
0
0
VERTEX
8
0
10
21.232865625000002
20
63.949996875000004
30
0
0
VERTEX
8
0
10
21.8099375
20
63.949996875000004
30
0
0
VERTEX
8
0
10
21.812865625
20
63.952925
30
0
0
VERTEX
8
0
10
21.812865625
20
64.52999375
30
0
0
VERTEX
8
0
10
22.12580625
20
64.52999375
30
0
0
VERTEX
8
0
10
22.127750000000002
20
64.529725
30
0
42
0.051003314064063915
0
VERTEX
8
0
10
22.143062500000003
20
64.527603125
30
0
0
VERTEX
8
0
10
22.332865625
20
64.527603125
30
0
0
VERTEX
8
0
10
22.332865625
20
63.955000000000005
30
0
0
VERTEX
8
0
10
22.90546875
20
63.955000000000005
30
0
0
VERTEX
8
0
10
22.90546875
20
63.43
30
0
0
VERTEX
8
0
10
22.332865625
20
63.43
30
0
0
VERTEX
8
0
10
22.332865625
20
62.857390625
30
0
0
SEQEND
0
POLYLINE
66
1
8
1_copper
10
0.0
20
0.0
30
0.0
70
1
0
VERTEX
8
0
10
23.782865625
20
62.857390625
30
0
0
VERTEX
8
0
10
23.782865625
20
63.43
30
0
0
VERTEX
8
0
10
23.21025625
20
63.43
30
0
0
VERTEX
8
0
10
23.21025625
20
63.955000000000005
30
0
0
VERTEX
8
0
10
23.782865625
20
63.955000000000005
30
0
0
VERTEX
8
0
10
23.782865625
20
64.527603125
30
0
0
VERTEX
8
0
10
24.307865625
20
64.527603125
30
0
0
VERTEX
8
0
10
24.307865625
20
63.955000000000005
30
0
0
VERTEX
8
0
10
24.880468750000002
20
63.955000000000005
30
0
0
VERTEX
8
0
10
24.880468750000002
20
63.43
30
0
0
VERTEX
8
0
10
24.307865625
20
63.43
30
0
0
VERTEX
8
0
10
24.307865625
20
62.857390625
30
0
0
SEQEND
0
POLYLINE
66
1
8
1_copper
10
0.0
20
0.0
30
0.0
70
1
0
VERTEX
8
0
10
25.757865625
20
62.857390625
30
0
0
VERTEX
8
0
10
25.757865625
20
63.43
30
0
0
VERTEX
8
0
10
25.185256250000002
20
63.43
30
0
0
VERTEX
8
0
10
25.185256250000002
20
63.955000000000005
30
0
0
VERTEX
8
0
10
25.757865625
20
63.955000000000005
30
0
0
VERTEX
8
0
10
25.757865625
20
64.527603125
30
0
0
VERTEX
8
0
10
26.011862500000003
20
64.527603125
30
0
0
VERTEX
8
0
10
26.011862500000003
20
63.92155625
30
0
0
VERTEX
8
0
10
25.994553125
20
63.856959375
30
0
0
VERTEX
8
0
10
25.96111875
20
63.799046875
30
0
0
VERTEX
8
0
10
25.908453125
20
63.746384375000005
30
0
0
VERTEX
8
0
10
25.90504375
20
63.74182187500001
30
0
42
0.39252692588609156
0
VERTEX
8
0
10
25.908453125
20
63.638618750000006
30
0
0
VERTEX
8
0
10
25.961112500000002
20
63.585959375
30
0
0
VERTEX
8
0
10
25.994553125
20
63.5280375
30
0
0
VERTEX
8
0
10
26.011862500000003
20
63.463440625000004
30
0
0
VERTEX
8
0
10
26.011862500000003
20
62.857390625
30
0
0
SEQEND
0
POLYLINE
66
1
8
1_copper
10
0.0
20
0.0
30
0.0
70
1
0
VERTEX
8
0
10
20.103865625
20
60.882390625000006
30
0
0
VERTEX
8
0
10
20.103865625
20
61.488440625
30
0
0
VERTEX
8
0
10
20.121175
20
61.5530375
30
0
0
VERTEX
8
0
10
20.154615625
20
61.610959375
30
0
0
VERTEX
8
0
10
20.207275
20
61.663618750000005
30
0
0
VERTEX
8
0
10
20.21068125
20
61.668175000000005
30
0
42
0.39255211274152707
0
VERTEX
8
0
10
20.207275
20
61.771384375000004
30
0
0
VERTEX
8
0
10
20.154609375
20
61.824046875
30
0
0
VERTEX
8
0
10
20.121175
20
61.881959375
30
0
0
VERTEX
8
0
10
20.103865625
20
61.94655625
30
0
0
VERTEX
8
0
10
20.103865625
20
62.552603125000005
30
0
0
VERTEX
8
0
10
20.357865625000002
20
62.552603125000005
30
0
0
VERTEX
8
0
10
20.357865625000002
20
61.980000000000004
30
0
0
VERTEX
8
0
10
20.93046875
20
61.980000000000004
30
0
0
VERTEX
8
0
10
20.93046875
20
61.455000000000005
30
0
0
VERTEX
8
0
10
20.357865625000002
20
61.455000000000005
30
0
0
VERTEX
8
0
10
20.357865625000002
20
60.882390625000006
30
0
0
SEQEND
0
POLYLINE
66
1
8
1_copper
10
0.0
20
0.0
30
0.0
70
1
0
VERTEX
8
0
10
25.757865625
20
60.882390625000006
30
0
0
VERTEX
8
0
10
25.757865625
20
61.455000000000005
30
0
0
VERTEX
8
0
10
25.185256250000002
20
61.455000000000005
30
0
0
VERTEX
8
0
10
25.185256250000002
20
61.980000000000004
30
0
0
VERTEX
8
0
10
25.757865625
20
61.980000000000004
30
0
0
VERTEX
8
0
10
25.757865625
20
62.552603125000005
30
0
0
VERTEX
8
0
10
26.011862500000003
20
62.552603125000005
30
0
0
VERTEX
8
0
10
26.011862500000003
20
61.94655625
30
0
0
VERTEX
8
0
10
25.994553125
20
61.881959375
30
0
0
VERTEX
8
0
10
25.961112500000002
20
61.8240375
30
0
0
VERTEX
8
0
10
25.908453125
20
61.771378125000005
30
0
0
VERTEX
8
0
10
25.905046875
20
61.766821875000005
30
0
42
0.39255211274152707
0
VERTEX
8
0
10
25.908453125
20
61.663612500000006
30
0
0
VERTEX
8
0
10
25.96111875
20
61.61095
30
0
0
VERTEX
8
0
10
25.994553125
20
61.5530375
30
0
0
VERTEX
8
0
10
26.011862500000003
20
61.488440625
30
0
0
VERTEX
8
0
10
26.011862500000003
20
60.882390625000006
30
0
0
SEQEND
0
POLYLINE
66
1
8
1_copper
10
0.0
20
0.0
30
0.0
70
1
0
VERTEX
8
0
10
21.807865625
20
60.882390625000006
30
0
0
VERTEX
8
0
10
21.807865625
20
61.455000000000005
30
0
0
VERTEX
8
0
10
21.235256250000003
20
61.455000000000005
30
0
0
VERTEX
8
0
10
21.235256250000003
20
61.980000000000004
30
0
0
VERTEX
8
0
10
21.807865625
20
61.980000000000004
30
0
0
VERTEX
8
0
10
21.807865625
20
62.552603125000005
30
0
0
VERTEX
8
0
10
22.332865625
20
62.552603125000005
30
0
0
VERTEX
8
0
10
22.332865625
20
61.980000000000004
30
0
0
VERTEX
8
0
10
22.90546875
20
61.980000000000004
30
0
0
VERTEX
8
0
10
22.90546875
20
61.455000000000005
30
0
0
VERTEX
8
0
10
22.332865625
20
61.455000000000005
30
0
0
VERTEX
8
0
10
22.332865625
20
60.882390625000006
30
0
0
SEQEND
0
POLYLINE
66
1
8
1_copper
10
0.0
20
0.0
30
0.0
70
1
0
VERTEX
8
0
10
23.782865625
20
60.882390625000006
30
0
0
VERTEX
8
0
10
23.782865625
20
61.455000000000005
30
0
0
VERTEX
8
0
10
23.21025625
20
61.455000000000005
30
0
0
VERTEX
8
0
10
23.21025625
20
61.980000000000004
30
0
0
VERTEX
8
0
10
23.782865625
20
61.980000000000004
30
0
0
VERTEX
8
0
10
23.782865625
20
62.552603125000005
30
0
0
VERTEX
8
0
10
24.307865625
20
62.552603125000005
30
0
0
VERTEX
8
0
10
24.307865625
20
61.980000000000004
30
0
0
VERTEX
8
0
10
24.880468750000002
20
61.980000000000004
30
0
0
VERTEX
8
0
10
24.880468750000002
20
61.455000000000005
30
0
0
VERTEX
8
0
10
24.307865625
20
61.455000000000005
30
0
0
VERTEX
8
0
10
24.307865625
20
60.882390625000006
30
0
0
SEQEND
0
POLYLINE
66
1
8
1_copper
10
0.0
20
0.0
30
0.0
70
1
0
VERTEX
8
0
10
24.274421875
20
59.751000000000005
30
0
0
VERTEX
8
0
10
24.209825000000002
20
59.768309375
30
0
0
VERTEX
8
0
10
24.151903125
20
59.801750000000006
30
0
0
VERTEX
8
0
10
24.09924375
20
59.854409375
30
0
0
VERTEX
8
0
10
24.094687500000003
20
59.857815625
30
0
42
0.39255211274152707
0
VERTEX
8
0
10
23.991478125
20
59.854409375
30
0
0
VERTEX
8
0
10
23.938815625
20
59.80174375
30
0
0
VERTEX
8
0
10
23.880903125
20
59.768309375
30
0
0
VERTEX
8
0
10
23.81630625
20
59.751000000000005
30
0
0
VERTEX
8
0
10
23.21025625
20
59.751000000000005
30
0
0
VERTEX
8
0
10
23.21025625
20
60.005
30
0
0
VERTEX
8
0
10
23.782865625
20
60.005
30
0
0
VERTEX
8
0
10
23.782865625
20
60.577603125
30
0
0
VERTEX
8
0
10
24.307865625
20
60.577603125
30
0
0
VERTEX
8
0
10
24.307865625
20
60.005
30
0
0
VERTEX
8
0
10
24.880468750000002
20
60.005
30
0
0
VERTEX
8
0
10
24.880468750000002
20
59.750996875000006
30
0
0
SEQEND
0
POLYLINE
66
1
8
1_copper
10
0.0
20
0.0
30
0.0
70
1
0
VERTEX
8
0
10
25.185256250000002
20
59.751000000000005
30
0
0
VERTEX
8
0
10
25.185256250000002
20
60.005
30
0
0
VERTEX
8
0
10
25.757865625
20
60.005
30
0
0
VERTEX
8
0
10
25.757865625
20
60.577603125
30
0
0
VERTEX
8
0
10
26.011862500000003
20
60.577603125
30
0
0
VERTEX
8
0
10
26.011862500000003
20
59.971556250000006
30
0
0
VERTEX
8
0
10
25.994553125
20
59.906959375
30
0
0
VERTEX
8
0
10
25.961112500000002
20
59.8490375
30
0
0
VERTEX
8
0
10
25.913825000000003
20
59.801750000000006
30
0
0
VERTEX
8
0
10
25.855903125
20
59.768309375
30
0
0
VERTEX
8
0
10
25.79130625
20
59.751000000000005
30
0
0
SEQEND
0
POLYLINE
66
1
8
1_copper
10
0.0
20
0.0
30
0.0
70
1
0
VERTEX
8
0
10
28.624421875000003
20
57.151
30
0
0
VERTEX
8
0
10
28.559825
20
57.168309375
30
0
0
VERTEX
8
0
10
28.501903125000002
20
57.201750000000004
30
0
0
VERTEX
8
0
10
28.454615625000002
20
57.2490375
30
0
0
VERTEX
8
0
10
28.421175
20
57.306959375000005
30
0
0
VERTEX
8
0
10
28.403865625
20
57.371556250000005
30
0
0
VERTEX
8
0
10
28.403865625
20
57.602603125
30
0
0
VERTEX
8
0
10
28.657865625000003
20
57.602603125
30
0
0
VERTEX
8
0
10
28.657865625000003
20
57.405
30
0
0
VERTEX
8
0
10
28.85546875
20
57.405
30
0
0
VERTEX
8
0
10
28.85546875
20
57.151
30
0
0
SEQEND
0
POLYLINE
66
1
8
1_copper
10
0.0
20
0.0
30
0.0
70
1
0
VERTEX
8
0
10
29.16025625
20
57.151
30
0
0
VERTEX
8
0
10
29.16025625
20
57.405
30
0
0
VERTEX
8
0
10
29.357865625000002
20
57.405
30
0
0
VERTEX
8
0
10
29.357865625000002
20
57.602603125
30
0
0
VERTEX
8
0
10
29.6118625
20
57.602603125
30
0
0
VERTEX
8
0
10
29.6118625
20
57.371556250000005
30
0
0
VERTEX
8
0
10
29.594553125
20
57.306959375000005
30
0
0
VERTEX
8
0
10
29.5611125
20
57.2490375
30
0
0
VERTEX
8
0
10
29.513825
20
57.201750000000004
30
0
0
VERTEX
8
0
10
29.455903125000003
20
57.168309375
30
0
0
VERTEX
8
0
10
29.391306250000003
20
57.151
30
0
0
SEQEND
0
POLYLINE
66
1
8
1_copper
10
0.0
20
0.0
30
0.0
70
1
0
VERTEX
8
0
10
36.201221875
20
38.988665625
30
0
0
VERTEX
8
0
10
36.202184375
20
38.988621875
30
0
42
0.4585695399305796
0
VERTEX
8
0
10
36.2684875
20
39.08318125
30
0
0
VERTEX
8
0
10
36.263628125000004
20
39.095134375
30
0
0
VERTEX
8
0
10
36.261121875
20
39.101659375000004
30
0
42
0.003352173540737924
0
VERTEX
8
0
10
36.260615625
20
39.102546875
30
0
0
VERTEX
8
0
10
35.9452
20
39.648859375
30
0
0
VERTEX
8
0
10
35.773740625
20
40.288759375000005
30
0
0
VERTEX
8
0
10
35.773740625
20
40.951237500000005
30
0
0
VERTEX
8
0
10
35.9452
20
41.5911375
30
0
0
VERTEX
8
0
10
36.2764375
20
42.16485625
30
0
0
VERTEX
8
0
10
36.744878125
20
42.633296875
30
0
0
VERTEX
8
0
10
37.318596875000004
20
42.964534375
30
0
0
VERTEX
8
0
10
37.958496875
20
43.135993750000004
30
0
0
VERTEX
8
0
10
38.620975
20
43.135993750000004
30
0
0
VERTEX
8
0
10
39.260875
20
42.964534375
30
0
0
VERTEX
8
0
10
39.83459375
20
42.633296875
30
0
0
VERTEX
8
0
10
40.303034375
20
42.16485625
30
0
0
VERTEX
8
0
10
40.634271875
20
41.5911375
30
0
0
VERTEX
8
0
10
40.744196875
20
41.180878125
30
0
0
VERTEX
8
0
10
40.744571875000005
20
41.18
30
0
0
VERTEX
8
0
10
40.744709375
20
41.17905625
30
0
42
0.7522484879196556
0
VERTEX
8
0
10
40.89113125
20
41.179893750000005
30
0
0
VERTEX
8
0
10
40.89289375
20
41.19261875
30
0
0
VERTEX
8
0
10
40.89399375
20
41.199578125
30
0
42
0.0033526948313799946
0
VERTEX
8
0
10
40.894000000000005
20
41.2006
30
0
0
VERTEX
8
0
10
40.894000000000005
20
42.355618750000005
30
0
0
VERTEX
8
0
10
40.892784375000005
20
42.364046875
30
0
0
VERTEX
8
0
10
40.892103125
20
42.3725125
30
0
42
0.08765396656356698
0
VERTEX
8
0
10
40.88181875
20
42.396950000000004
30
0
0
VERTEX
8
0
10
40.876946875
20
42.40254375
30
0
0
VERTEX
8
0
10
40.87168125
20
42.4095
30
0
0
VERTEX
8
0
10
29.124178125
20
54.15700625
30
0
0
VERTEX
8
0
10
29.1219
20
54.158709375
30
0
0
VERTEX
8
0
10
29.12001875
20
54.160868750000006
30
0
42
0.5244169159134558
0
VERTEX
8
0
10
28.998709375
20
54.129234375
30
0
0
VERTEX
8
0
10
28.998325
20
54.12739375
30
0
0
VERTEX
8
0
10
28.7401
20
54.12739375
30
0
0
VERTEX
8
0
10
28.7401
20
54.306409375
30
0
0
VERTEX
8
0
10
28.271409375
20
54.7751
30
0
0
VERTEX
8
0
10
28.092393750000003
20
54.7751
30
0
0
VERTEX
8
0
10
28.092393750000003
20
55.033425
30
0
0
VERTEX
8
0
10
28.09505
20
55.0340125
30
0
42
0.45857357158561096
0
VERTEX
8
0
10
28.134621875
20
55.142509375
30
0
0
VERTEX
8
0
10
28.129346875000003
20
55.149478125
30
0
0
VERTEX
8
0
10
28.125296875
20
55.155675
30
0
42
0.015772426617527556
0
VERTEX
8
0
10
28.122006250000002
20
55.159178125000004
30
0
0
VERTEX
8
0
10
26.69274375
20
56.588440625000004
30
0
0
VERTEX
8
0
10
26.690465625
20
56.59014375
30
0
0
VERTEX
8
0
10
26.688584375
20
56.592303125
30
0
42
0.5484095900174472
0
VERTEX
8
0
10
26.565531250000003
20
56.555265625000004
30
0
0
VERTEX
8
0
10
26.564331250000002
20
56.546603125000004
30
0
0
VERTEX
8
0
10
26.562815625000002
20
56.5393625
30
0
42
0.015770375218223928
0
VERTEX
8
0
10
26.562662500000002
20
56.534559375
30
0
0
VERTEX
8
0
10
26.562662500000002
20
54.83751875
30
0
0
VERTEX
8
0
10
26.563878125000002
20
54.829090625
30
0
0
VERTEX
8
0
10
26.564559375
20
54.820625
30
0
42
0.08765396656356698
0
VERTEX
8
0
10
26.574843750000003
20
54.7961875
30
0
0
VERTEX
8
0
10
26.579715625000002
20
54.79059375
30
0
0
VERTEX
8
0
10
26.584981250000002
20
54.783637500000005
30
0
0
VERTEX
8
0
10
26.809696875
20
54.558921875
30
0
0
VERTEX
8
0
10
26.809696875
20
54.519375000000004
30
0
42
0.5728904509318501
0
VERTEX
8
0
10
26.923109375000003
20
54.452878125000005
30
0
0
VERTEX
8
0
10
26.930078125
20
54.458153125
30
0
0
VERTEX
8
0
10
26.936275000000002
20
54.462203125
30
0
42
0.015772426617527556
0
VERTEX
8
0
10
26.939778125
20
54.46549375
30
0
0
VERTEX
8
0
10
27.503378125
20
55.029096875
30
0
0
VERTEX
8
0
10
27.7876
20
55.029096875
30
0
0
VERTEX
8
0
10
27.7876
20
54.7751
30
0
0
VERTEX
8
0
10
27.608590625
20
54.7751
30
0
0
VERTEX
8
0
10
27.1399
20
54.306409375
30
0
0
VERTEX
8
0
10
27.1399
20
53.643590625
30
0
0
VERTEX
8
0
10
27.608590625
20
53.1749
30
0
0
VERTEX
8
0
10
27.7876
20
53.1749
30
0
0
VERTEX
8
0
10
27.7876
20
52.9209
30
0
0
VERTEX
8
0
10
27.503378125
20
52.9209
30
0
0
VERTEX
8
0
10
26.939778125
20
53.484503125
30
0
0
VERTEX
8
0
10
26.9375
20
53.48620625
30
0
0
VERTEX
8
0
10
26.93561875
20
53.488365625
30
0
42
0.5484095900174472
0
VERTEX
8
0
10
26.812565625
20
53.451328125
30
0
0
VERTEX
8
0
10
26.811365625
20
53.442665625000004
30
0
0
VERTEX
8
0
10
26.80985
20
53.435425
30
0
42
0.015770375218223928
0
VERTEX
8
0
10
26.809696875
20
53.430621875
30
0
0
VERTEX
8
0
10
26.809696875
20
53.391075
30
0
0
VERTEX
8
0
10
25.983921875
20
52.5653
30
0
0
VERTEX
8
0
10
24.09175
20
52.5653
30
0
0
VERTEX
8
0
10
24.08493125
20
52.564315625
30
0
0
VERTEX
8
0
10
24.0780625
20
52.564059375
30
0
42
0.747773970328163
0
VERTEX
8
0
10
24.062590625000002
20
52.4187
30
0
0
VERTEX
8
0
10
24.2153625
20
52.355421875000005
30
0
0
VERTEX
8
0
10
24.415421875
20
52.1553625
30
0
0
VERTEX
8
0
10
24.523696875000002
20
51.893965625
30
0
0
VERTEX
8
0
10
24.523696875000002
20
51.61103125
30
0
0
VERTEX
8
0
10
24.415421875
20
51.349634375
30
0
0
VERTEX
8
0
10
24.215815625
20
51.150028125000006
30
0
0
VERTEX
8
0
10
24.210743750000002
20
51.14324375
30
0
0
VERTEX
8
0
10
24.205209375000003
20
51.13674375
30
0
42
0.08765145259213399
0
VERTEX
8
0
10
24.195206250000002
20
51.112190625000004
30
0
0
VERTEX
8
0
10
24.194696875
20
51.104815625
30
0
0
VERTEX
8
0
10
24.193496875
20
51.096146875
30
0
0
VERTEX
8
0
10
24.193496875
20
50.989378125
30
0
0
VERTEX
8
0
10
24.1947125
20
50.98095
30
0
0
VERTEX
8
0
10
24.19539375
20
50.972484375
30
0
42
0.08765396656356698
0
VERTEX
8
0
10
24.205678125000002
20
50.948046875
30
0
0
VERTEX
8
0
10
24.21055
20
50.942453125
30
0
0
VERTEX
8
0
10
24.215815625
20
50.935496875000005
30
0
0
VERTEX
8
0
10
36.14074375
20
39.010565625000005
30
0
0
VERTEX
8
0
10
36.141509375
20
39.009990625
30
0
0
VERTEX
8
0
10
36.1421
20
39.00924375
30
0
42
0.21184835976584446
0
VERTEX
8
0
10
36.200296875
20
38.988459375000005
30
0
0
SEQEND
0
POLYLINE
66
1
8
1_copper
10
0.0
20
0.0
30
0.0
70
1
0
VERTEX
8
0
10
36.9951
20
54.12739375
30
0
0
VERTEX
8
0
10
36.9951
20
54.306409375
30
0
0
VERTEX
8
0
10
36.526409375
20
54.7751
30
0
0
VERTEX
8
0
10
36.34739375
20
54.7751
30
0
0
VERTEX
8
0
10
36.34739375
20
55.029096875
30
0
0
VERTEX
8
0
10
36.63161875
20
55.029096875
30
0
0
VERTEX
8
0
10
37.249096875
20
54.41161875
30
0
0
VERTEX
8
0
10
37.249096875
20
54.12739375
30
0
0
SEQEND
0
POLYLINE
66
1
8
1_copper
10
0.0
20
0.0
30
0.0
70
1
0
VERTEX
8
0
10
18.6309
20
54.12739375
30
0
0
VERTEX
8
0
10
18.6309
20
54.41161875
30
0
0
VERTEX
8
0
10
19.248378125000002
20
55.029096875
30
0
0
VERTEX
8
0
10
19.532600000000002
20
55.029096875
30
0
0
VERTEX
8
0
10
19.532600000000002
20
54.7751
30
0
0
VERTEX
8
0
10
19.353590625000002
20
54.7751
30
0
0
VERTEX
8
0
10
18.884900000000002
20
54.306409375
30
0
0
VERTEX
8
0
10
18.884900000000002
20
54.12739375
30
0
0
SEQEND
0
POLYLINE
66
1
8
1_copper
10
0.0
20
0.0
30
0.0
70
1
0
VERTEX
8
0
10
35.1409
20
54.12739375
30
0
0
VERTEX
8
0
10
35.1409
20
54.41161875
30
0
0
VERTEX
8
0
10
35.758378125
20
55.029096875
30
0
0
VERTEX
8
0
10
36.0426
20
55.029096875
30
0
0
VERTEX
8
0
10
36.0426
20
54.7751
30
0
0
VERTEX
8
0
10
35.863590625
20
54.7751
30
0
0
VERTEX
8
0
10
35.3949
20
54.306409375
30
0
0
VERTEX
8
0
10
35.3949
20
54.12739375
30
0
0
SEQEND
0
POLYLINE
66
1
8
1_copper
10
0.0
20
0.0
30
0.0
70
1
0
VERTEX
8
0
10
35.758378125
20
52.9209
30
0
0
VERTEX
8
0
10
35.1409
20
53.538378125
30
0
0
VERTEX
8
0
10
35.1409
20
53.8226
30
0
0
VERTEX
8
0
10
35.3949
20
53.8226
30
0
0
VERTEX
8
0
10
35.3949
20
53.643590625
30
0
0
VERTEX
8
0
10
35.863590625
20
53.1749
30
0
0
VERTEX
8
0
10
36.0426
20
53.1749
30
0
0
VERTEX
8
0
10
36.0426
20
52.9209
30
0
0
SEQEND
0
POLYLINE
66
1
8
1_copper
10
0.0
20
0.0
30
0.0
70
1
0
VERTEX
8
0
10
19.248378125000002
20
52.9209
30
0
0
VERTEX
8
0
10
18.6309
20
53.538378125
30
0
0
VERTEX
8
0
10
18.6309
20
53.8226
30
0
0
VERTEX
8
0
10
18.884900000000002
20
53.8226
30
0
0
VERTEX
8
0
10
18.884900000000002
20
53.643590625
30
0
0
VERTEX
8
0
10
19.353590625000002
20
53.1749
30
0
0
VERTEX
8
0
10
19.532600000000002
20
53.1749
30
0
0
VERTEX
8
0
10
19.532600000000002
20
52.9209
30
0
0
SEQEND
0
POLYLINE
66
1
8
1_copper
10
0.0
20
0.0
30
0.0
70
1
0
VERTEX
8
0
10
28.092393750000003
20
52.9209
30
0
0
VERTEX
8
0
10
28.092393750000003
20
53.1749
30
0
0
VERTEX
8
0
10
28.271409375
20
53.1749
30
0
0
VERTEX
8
0
10
28.7401
20
53.643590625
30
0
0
VERTEX
8
0
10
28.7401
20
53.8226
30
0
0
VERTEX
8
0
10
28.99409375
20
53.8226
30
0
0
VERTEX
8
0
10
28.994096875
20
53.538378125
30
0
0
VERTEX
8
0
10
28.376618750000002
20
52.9209
30
0
0
SEQEND
0
POLYLINE
66
1
8
1_copper
10
0.0
20
0.0
30
0.0
70
1
0
VERTEX
8
0
10
36.34739375
20
52.9209
30
0
0
VERTEX
8
0
10
36.34739375
20
53.1749
30
0
0
VERTEX
8
0
10
36.526409375
20
53.1749
30
0
0
VERTEX
8
0
10
36.9951
20
53.643590625
30
0
0
VERTEX
8
0
10
36.9951
20
53.8226
30
0
0
VERTEX
8
0
10
37.24909375
20
53.8226
30
0
0
VERTEX
8
0
10
37.249096875
20
53.538378125
30
0
0
VERTEX
8
0
10
36.63161875
20
52.9209
30
0
0
SEQEND
0
POLYLINE
66
1
8
1_copper
10
0.0
20
0.0
30
0.0
70
1
0
VERTEX
8
0
10
39.65785
20
15.651734375
30
0
0
VERTEX
8
0
10
39.660715625
20
15.651750000000002
30
0
42
0.29475366676537273
0
VERTEX
8
0
10
39.72273125
20
15.7064
30
0
0
VERTEX
8
0
10
39.72393125
20
15.7150625
30
0
0
VERTEX
8
0
10
39.725446875
20
15.722303125000002
30
0
42
0.015770375218223928
0
VERTEX
8
0
10
39.7256
20
15.72710625
30
0
0
VERTEX
8
0
10
39.7256
20
16.21901875
30
0
0
VERTEX
8
0
10
39.724384375
20
16.227446875000002
30
0
0
VERTEX
8
0
10
39.723703125
20
16.2359125
30
0
42
0.08765396656356698
0
VERTEX
8
0
10
39.71341875
20
16.260350000000003
30
0
0
VERTEX
8
0
10
39.708546875
20
16.26594375
30
0
0
VERTEX
8
0
10
39.70328125
20
16.2729
30
0
0
VERTEX
8
0
10
38.354
20
17.62218125
30
0
0
VERTEX
8
0
10
38.354
20
34.73561875
30
0
0
VERTEX
8
0
10
38.352784375
20
34.744046875
30
0
0
VERTEX
8
0
10
38.352103125
20
34.7525125
30
0
42
0.08765396656356698
0
VERTEX
8
0
10
38.34181875
20
34.77695
30
0
0
VERTEX
8
0
10
38.336946875
20
34.78254375
30
0
0
VERTEX
8
0
10
38.33168125
20
34.789500000000004
30
0
0
VERTEX
8
0
10
23.0547
20
50.06648125
30
0
0
VERTEX
8
0
10
23.047915625
20
50.071553125
30
0
0
VERTEX
8
0
10
23.041415625000003
20
50.077087500000005
30
0
42
0.08765145259213399
0
VERTEX
8
0
10
23.016862500000002
20
50.087090625
30
0
0
VERTEX
8
0
10
23.009487500000002
20
50.0876
30
0
0
VERTEX
8
0
10
23.00081875
20
50.0888
30
0
0
VERTEX
8
0
10
22.71853125
20
50.0888
30
0
0
VERTEX
8
0
10
22.457134375000003
20
50.197075000000005
30
0
0
VERTEX
8
0
10
22.257075
20
50.397134375
30
0
0
VERTEX
8
0
10
22.1488
20
50.65853125
30
0
0
VERTEX
8
0
10
22.1488
20
50.7437875
30
0
0
VERTEX
8
0
10
22.148390625
20
50.74661875
30
0
0
VERTEX
8
0
10
22.1485875
20
50.749459375
30
0
42
0.548409711059846
0
VERTEX
8
0
10
22.035387500000002
20
50.810284375
30
0
0
VERTEX
8
0
10
22.02841875
20
50.805009375000004
30
0
0
VERTEX
8
0
10
22.022221875
20
50.800959375000005
30
0
42
0.015772426617527556
0
VERTEX
8
0
10
22.01871875
20
50.79766875
30
0
0
VERTEX
8
0
10
21.917115625
20
50.696065625
30
0
0
VERTEX
8
0
10
21.91710625
20
50.696053125000006
30
0
0
VERTEX
8
0
10
21.716253125
20
50.495200000000004
30
0
0
VERTEX
8
0
10
19.207815625000002
20
50.495200000000004
30
0
0
VERTEX
8
0
10
19.1993875
20
50.493984375000004
30
0
0
VERTEX
8
0
10
19.190921875
20
50.493303125000004
30
0
42
0.08765396656356698
0
VERTEX
8
0
10
19.166484375
20
50.48301875
30
0
0
VERTEX
8
0
10
19.160890625
20
50.478146875
30
0
0
VERTEX
8
0
10
19.153934375000002
20
50.47288125
30
0
0
VERTEX
8
0
10
18.665915625
20
49.984862500000006
30
0
0
VERTEX
8
0
10
18.66084375
20
49.978078125
30
0
0
VERTEX
8
0
10
18.655309375
20
49.971578125
30
0
42
0.08765145259213399
0
VERTEX
8
0
10
18.64530625
20
49.947025000000004
30
0
0
VERTEX
8
0
10
18.644796875
20
49.93965
30
0
0
VERTEX
8
0
10
18.643596875
20
49.93098125
30
0
0
VERTEX
8
0
10
18.643596875
20
45.78685625
30
0
0
VERTEX
8
0
10
17.840140625
20
44.9834
30
0
0
VERTEX
8
0
10
14.088965625
20
44.9834
30
0
0
VERTEX
8
0
10
14.0805375
20
44.982184375
30
0
0
VERTEX
8
0
10
14.072071875
20
44.981503125
30
0
42
0.08765396656356698
0
VERTEX
8
0
10
14.047634375000001
20
44.971218750000006
30
0
0
VERTEX
8
0
10
14.047628125000001
20
44.971215625
30
0
0
VERTEX
8
0
10
14.04201875
20
44.96633125
30
0
0
VERTEX
8
0
10
14.035084375
20
44.96108125
30
0
0
VERTEX
8
0
10
13.69890625
20
44.62490625
30
0
0
VERTEX
8
0
10
13.695503125
20
44.62035625
30
0
42
0.39256960445629635
0
VERTEX
8
0
10
13.69890625
20
44.51714375
30
0
0
VERTEX
8
0
10
14.61340625
20
43.60264375
30
0
0
VERTEX
8
0
10
14.620440625
20
43.597384375000004
30
0
0
VERTEX
8
0
10
14.6272125
20
43.5917125
30
0
42
0.5664377484520776
0
VERTEX
8
0
10
14.743334375
20
43.651721875
30
0
0
VERTEX
8
0
10
14.742728125000001
20
43.659259375000005
30
0
0
VERTEX
8
0
10
14.742662500000002
20
43.662600000000005
30
0
0
VERTEX
8
0
10
15.001384375
20
43.662600000000005
30
0
0
VERTEX
8
0
10
15.00794375
20
43.629625000000004
30
0
42
0.3303552833504715
0
VERTEX
8
0
10
15.710565625000001
20
43.053000000000004
30
0
0
VERTEX
8
0
10
16.3576
20
43.053000000000004
30
0
0
VERTEX
8
0
10
16.3576
20
42.799
30
0
0
VERTEX
8
0
10
15.66804375
20
42.799
30
0
0
VERTEX
8
0
10
15.601446875
20
42.80955
30
0
0
VERTEX
8
0
10
15.592603125
20
42.809671875
30
0
0
VERTEX
8
0
10
15.583853125000001
20
42.810275000000004
30
0
42
0.5664365277584458
0
VERTEX
8
0
10
15.525175
20
42.693475
30
0
0
VERTEX
8
0
10
15.530115625
20
42.687709375000004
30
0
0
VERTEX
8
0
10
15.53564375
20
42.680406250000004
30
0
0
VERTEX
8
0
10
16.00433125
20
42.211715625000004
30
0
0
VERTEX
8
0
10
16.011115625000002
20
42.206643750000005
30
0
0
VERTEX
8
0
10
16.017615625
20
42.201109375
30
0
42
0.08765145259213399
0
VERTEX
8
0
10
16.042168750000002
20
42.191106250000004
30
0
0
VERTEX
8
0
10
16.04954375
20
42.190596875000004
30
0
0
VERTEX
8
0
10
16.0582125
20
42.189396875
30
0
0
VERTEX
8
0
10
17.453884375
20
42.189396875
30
0
0
VERTEX
8
0
10
17.789965625
20
42.0501875
30
0
0
VERTEX
8
0
10
18.0471875
20
41.792965625
30
0
0
VERTEX
8
0
10
18.116
20
41.6268375
30
0
0
VERTEX
8
0
10
18.11684375
20
41.62541875
30
0
0
VERTEX
8
0
10
18.117318750000003
20
41.6238375
30
0
42
0.2183495123382137
0
VERTEX
8
0
10
18.165693750000003
20
41.582665625000004
30
0
0
VERTEX
8
0
10
18.176253125000002
20
41.581203125
30
0
0
VERTEX
8
0
10
18.183996875000002
20
41.579834375000004
30
0
42
0.00788569762177906
0
VERTEX
8
0
10
18.186400000000003
20
41.579796875
30
0
0
VERTEX
8
0
10
20.008909375
20
41.579796875
30
0
0
VERTEX
8
0
10
20.209771875
20
41.378934375
30
0
0
VERTEX
8
0
10
21.212578125
20
40.376125
30
0
0
VERTEX
8
0
10
21.217128125000002
20
40.372721875
30
0
42
0.39256960445629635
0
VERTEX
8
0
10
21.320340625
20
40.376125
30
0
0
VERTEX
8
0
10
22.765309375
20
41.821096875
30
0
0
VERTEX
8
0
10
23.907187500000003
20
41.821096875
30
0
0
VERTEX
8
0
10
24.063415625
20
41.664868750000004
30
0
0
VERTEX
8
0
10
33.982118750000005
20
31.7461625
30
0
0
VERTEX
8
0
10
33.984396875
20
31.744459375
30
0
0
VERTEX
8
0
10
33.986278125
20
31.7423
30
0
0
VERTEX
8
0
10
33.991603125000005
20
31.738906250000003
30
0
0
VERTEX
8
0
10
33.994653125
20
31.736309375
30
0
0
VERTEX
8
0
10
33.9962375
20
31.73560625
30
0
0
VERTEX
8
0
10
33.99955
20
31.733128125
30
0
42
0.018636103048466017
0
VERTEX
8
0
10
34.004634375
20
31.730600000000003
30
0
0
VERTEX
8
0
10
34.0124
20
31.728359375
30
0
0
VERTEX
8
0
10
34.013228125000005
20
31.728050000000003
30
0
0
VERTEX
8
0
10
34.01454375
20
31.727465625
30
0
0
VERTEX
8
0
10
34.014959375000004
20
31.727409375
30
0
0
VERTEX
8
0
10
34.01995625
20
31.725553125
30
0
42
0.2379578153841819
0
VERTEX
8
0
10
34.086378125
20
31.742871875000002
30
0
0
VERTEX
8
0
10
34.091621875
20
31.749034375
30
0
0
VERTEX
8
0
10
34.093009375
20
31.750434375
30
0
0
VERTEX
8
0
10
34.09374375
20
31.751075
30
0
0
VERTEX
8
0
10
34.093928125000005
20
31.751365625000002
30
0
0
VERTEX
8
0
10
34.097284375
20
31.754759375000003
30
0
42
0.0186327957548483
0
VERTEX
8
0
10
34.1004875
20
31.759446875000002
30
0
0
VERTEX
8
0
10
34.103734375
20
31.766750000000002
30
0
0
VERTEX
8
0
10
34.10544375
20
31.76943125
30
0
0
VERTEX
8
0
10
34.105765625000004
20
31.770540625000002
30
0
0
VERTEX
8
0
10
34.1075875
20
31.773934375000003
30
0
42
0.018633707920689132
0
VERTEX
8
0
10
34.109331250000004
20
31.7793375
30
0
0
VERTEX
8
0
10
34.110278125
20
31.786181250000002
30
0
0
VERTEX
8
0
10
34.111481250000004
20
31.79034375
30
0
0
VERTEX
8
0
10
34.11146875
20
31.792478125000002
30
0
0
VERTEX
8
0
10
34.112046875000004
20
31.795240625
30
0
42
0.015770375218223928
0
VERTEX
8
0
10
34.1122
20
31.80004375
30
0
0
VERTEX
8
0
10
34.1122
20
32.086671875
30
0
0
VERTEX
8
0
10
34.588325000000005
20
32.562796875000004
30
0
0
VERTEX
8
0
10
35.261671875000005
20
32.562796875000004
30
0
0
VERTEX
8
0
10
35.50611875
20
32.318346875
30
0
0
VERTEX
8
0
10
35.508396875
20
32.316643750000004
30
0
0
VERTEX
8
0
10
35.510278125
20
32.314484375
30
0
42
0.5484095900174472
0
VERTEX
8
0
10
35.633331250000005
20
32.351521875
30
0
0
VERTEX
8
0
10
35.63453125
20
32.360184375
30
0
0
VERTEX
8
0
10
35.636046875000005
20
32.367425000000004
30
0
42
0.015770375218223928
0
VERTEX
8
0
10
35.6362
20
32.372228125
30
0
0
VERTEX
8
0
10
35.6362
20
33.5240875
30
0
0
VERTEX
8
0
10
35.635790625
20
33.526915625
30
0
0
VERTEX
8
0
10
35.6359875
20
33.529762500000004
30
0
42
0.5483964118425825
0
VERTEX
8
0
10
35.5227875
20
33.590584375
30
0
0
VERTEX
8
0
10
35.51581875
20
33.585309375
30
0
0
VERTEX
8
0
10
35.509621875
20
33.581259375
30
0
42
0.015772426617527556
0
VERTEX
8
0
10
35.50611875
20
33.577968750000004
30
0
0
VERTEX
8
0
10
35.303753125
20
33.3756
30
0
0
VERTEX
8
0
10
35.07739375
20
33.3756
30
0
0
VERTEX
8
0
10
35.07739375
20
33.6296
30
0
0
VERTEX
8
0
10
35.19854375
20
33.6296
30
0
0
VERTEX
8
0
10
35.5854
20
34.016456250000005
30
0
0
VERTEX
8
0
10
35.5854
20
34.56354375
30
0
0
VERTEX
8
0
10
35.19854375
20
34.9504
30
0
0
VERTEX
8
0
10
35.07739375
20
34.9504
30
0
0
VERTEX
8
0
10
35.07739375
20
35.204396875
30
0
0
VERTEX
8
0
10
35.303753125
20
35.204396875
30
0
0
VERTEX
8
0
10
35.50611875
20
35.002028125
30
0
0
VERTEX
8
0
10
35.508396875
20
35.000325000000004
30
0
0
VERTEX
8
0
10
35.510278125
20
34.998165625
30
0
42
0.5484095900174472
0
VERTEX
8
0
10
35.633331250000005
20
35.035203125
30
0
0
VERTEX
8
0
10
35.63453125
20
35.043865625
30
0
0
VERTEX
8
0
10
35.636046875000005
20
35.051106250000004
30
0
42
0.015770375218223928
0
VERTEX
8
0
10
35.6362
20
35.055909375
30
0
0
VERTEX
8
0
10
35.6362
20
35.745984375
30
0
0
VERTEX
8
0
10
35.634984375
20
35.7544125
30
0
0
VERTEX
8
0
10
35.634303125
20
35.762878125
30
0
42
0.08765396656356698
0
VERTEX
8
0
10
35.624018750000005
20
35.787315625000005
30
0
0
VERTEX
8
0
10
35.619146875
20
35.792909375
30
0
0
VERTEX
8
0
10
35.61388125
20
35.799865625
30
0
0
VERTEX
8
0
10
35.382990625000005
20
36.030759375
30
0
0
VERTEX
8
0
10
35.37844375
20
36.034159375
30
0
42
0.31516602510654185
0
VERTEX
8
0
10
35.29189375
20
36.043371875
30
0
0
VERTEX
8
0
10
35.287540625
20
36.040075
30
0
42
0.03516754107576733
0
VERTEX
8
0
10
35.275225
20
36.03075625
30
0
0
VERTEX
8
0
10
35.26166875
20
36.0172
30
0
0
VERTEX
8
0
10
34.588325000000005
20
36.0172
30
0
0
VERTEX
8
0
10
34.1122
20
36.493325
30
0
0
VERTEX
8
0
10
34.1122
20
37.166671875
30
0
0
VERTEX
8
0
10
34.588325000000005
20
37.642796875
30
0
0
VERTEX
8
0
10
35.261671875000005
20
37.642796875
30
0
0
VERTEX
8
0
10
35.737796875
20
37.166671875
30
0
0
VERTEX
8
0
10
35.737796875
20
36.493328125000005
30
0
0
VERTEX
8
0
10
35.724240625
20
36.479771875000004
30
0
42
0.03752802994699992
0
VERTEX
8
0
10
35.71435
20
36.466546875
30
0
0
VERTEX
8
0
10
35.711203125000004
20
36.462340625
30
0
42
0.33255828390844017
0
VERTEX
8
0
10
35.7242375
20
36.37200625
30
0
0
VERTEX
8
0
10
36.118796875
20
35.977450000000005
30
0
0
VERTEX
8
0
10
36.118796875
20
19.1815125
30
0
0
VERTEX
8
0
10
36.1200125
20
19.173084375000002
30
0
0
VERTEX
8
0
10
36.12069375
20
19.164618750000002
30
0
42
0.08765396656356698
0
VERTEX
8
0
10
36.130978125
20
19.14018125
30
0
0
VERTEX
8
0
10
36.135850000000005
20
19.134587500000002
30
0
0
VERTEX
8
0
10
36.141115625000005
20
19.12763125
30
0
0
VERTEX
8
0
10
39.595518750000004
20
15.673225
30
0
0
VERTEX
8
0
10
39.597796875
20
15.671521875000002
30
0
0
VERTEX
8
0
10
39.599678125000004
20
15.6693625
30
0
42
0.19891139780372522
0
VERTEX
8
0
10
39.655071875000004
20
15.65111875
30
0
0
SEQEND
0
POLYLINE
66
1
8
1_copper
10
0.0
20
0.0
30
0.0
70
1
0
VERTEX
8
0
10
13.0302
20
47.75835
30
0
0
VERTEX
8
0
10
13.0302
20
47.8917
30
0
0
VERTEX
8
0
10
12.452350000000001
20
47.8917
30
0
0
VERTEX
8
0
10
12.452350000000001
20
48.145696875000006
30
0
0
VERTEX
8
0
10
13.063640625000001
20
48.145696875000006
30
0
0
VERTEX
8
0
10
13.128237500000001
20
48.1283875
30
0
0
VERTEX
8
0
10
13.186159375
20
48.094946875000005
30
0
0
VERTEX
8
0
10
13.233446875
20
48.047659375
30
0
0
VERTEX
8
0
10
13.266887500000001
20
47.989737500000004
30
0
0
VERTEX
8
0
10
13.284196875000001
20
47.925140625000004
30
0
0
VERTEX
8
0
10
13.284196875000001
20
47.75835
30
0
0
SEQEND
0
POLYLINE
66
1
8
1_copper
10
0.0
20
0.0
30
0.0
70
1
0
VERTEX
8
0
10
7.442200000000001
20
45.21835
30
0
0
VERTEX
8
0
10
7.442200000000001
20
45.3517
30
0
0
VERTEX
8
0
10
6.86435
20
45.3517
30
0
0
VERTEX
8
0
10
6.86435
20
45.605696875
30
0
0
VERTEX
8
0
10
7.4756406250000005
20
45.605696875
30
0
0
VERTEX
8
0
10
7.5402375
20
45.5883875
30
0
0
VERTEX
8
0
10
7.598159375000001
20
45.554946875
30
0
0
VERTEX
8
0
10
7.645446875
20
45.507659375
30
0
0
VERTEX
8
0
10
7.6788875
20
45.449737500000005
30
0
0
VERTEX
8
0
10
7.696196875
20
45.385140625000005
30
0
0
VERTEX
8
0
10
7.696196875
20
45.21835
30
0
0
SEQEND
0
POLYLINE
66
1
8
1_copper
10
0.0
20
0.0
30
0.0
70
1
0
VERTEX
8
0
10
6.86435
20
44.5643
30
0
0
VERTEX
8
0
10
6.86435
20
44.8183
30
0
0
VERTEX
8
0
10
7.442200000000001
20
44.8183
30
0
0
VERTEX
8
0
10
7.442200000000001
20
44.95164375
30
0
0
VERTEX
8
0
10
7.696196875
20
44.95164375
30
0
0
VERTEX
8
0
10
7.696196875
20
44.784856250000004
30
0
0
VERTEX
8
0
10
7.6788875
20
44.720259375000005
30
0
0
VERTEX
8
0
10
7.645446875
20
44.6623375
30
0
0
VERTEX
8
0
10
7.598159375000001
20
44.615050000000004
30
0
0
VERTEX
8
0
10
7.5402375
20
44.581609375
30
0
0
VERTEX
8
0
10
7.4756406250000005
20
44.5643
30
0
0
SEQEND
0
POLYLINE
66
1
8
1_copper
10
0.0
20
0.0
30
0.0
70
1
0
VERTEX
8
0
10
14.743475
20
43.96739375
30
0
0
VERTEX
8
0
10
14.75701875
20
44.052909375
30
0
0
VERTEX
8
0
10
14.806440625
20
44.205021875
30
0
0
VERTEX
8
0
10
14.8790375
20
44.347500000000004
30
0
0
VERTEX
8
0
10
14.973034375000001
20
44.476875
30
0
0
VERTEX
8
0
10
15.086121875
20
44.5899625
30
0
0
VERTEX
8
0
10
15.215496875000001
20
44.683959375
30
0
0
VERTEX
8
0
10
15.357975000000001
20
44.75655625
30
0
0
VERTEX
8
0
10
15.510087500000001
20
44.805978125
30
0
0
VERTEX
8
0
10
15.66804375
20
44.830996875000004
30
0
0
VERTEX
8
0
10
16.3576
20
44.830996875000004
30
0
0
VERTEX
8
0
10
16.3576
20
44.577000000000005
30
0
0
VERTEX
8
0
10
15.710565625000001
20
44.577000000000005
30
0
0
VERTEX
8
0
10
15.636056250000001
20
44.5696625
30
0
42
0.30334643882340373
0
VERTEX
8
0
10
15.00794375
20
44.000375000000005
30
0
0
VERTEX
8
0
10
15.001384375
20
43.96739375
30
0
0
SEQEND
0
POLYLINE
66
1
8
1_copper
10
0.0
20
0.0
30
0.0
70
1
0
VERTEX
8
0
10
18.018615625000002
20
43.96739375
30
0
0
VERTEX
8
0
10
18.01205625
20
44.000375000000005
30
0
42
0.3303552833504715
0
VERTEX
8
0
10
17.309434375000002
20
44.577000000000005
30
0
0
VERTEX
8
0
10
16.66239375
20
44.577000000000005
30
0
0
VERTEX
8
0
10
16.66239375
20
44.830993750000005
30
0
0
VERTEX
8
0
10
17.351953125
20
44.830996875000004
30
0
0
VERTEX
8
0
10
17.509909375
20
44.805978125
30
0
0
VERTEX
8
0
10
17.662021875
20
44.75655625
30
0
0
VERTEX
8
0
10
17.8045
20
44.683959375
30
0
0
VERTEX
8
0
10
17.933875
20
44.5899625
30
0
0
VERTEX
8
0
10
18.0469625
20
44.476875
30
0
0
VERTEX
8
0
10
18.140959375
20
44.347500000000004
30
0
0
VERTEX
8
0
10
18.21355625
20
44.205021875
30
0
0
VERTEX
8
0
10
18.262978125
20
44.052909375
30
0
0
VERTEX
8
0
10
18.276521875
20
43.96739375
30
0
0
SEQEND
0
POLYLINE
66
1
8
1_copper
10
0.0
20
0.0
30
0.0
70
1
0
VERTEX
8
0
10
16.66239375
20
42.799
30
0
0
VERTEX
8
0
10
16.66239375
20
43.053000000000004
30
0
0
VERTEX
8
0
10
17.309434375000002
20
43.053000000000004
30
0
0
VERTEX
8
0
10
17.38394375
20
43.0603375
30
0
42
0.30334643882340373
0
VERTEX
8
0
10
18.01205625
20
43.629625000000004
30
0
0
VERTEX
8
0
10
18.018615625000002
20
43.662600000000005
30
0
0
VERTEX
8
0
10
18.276521875
20
43.662600000000005
30
0
0
VERTEX
8
0
10
18.262978125
20
43.577087500000005
30
0
0
VERTEX
8
0
10
18.21355625
20
43.424975
30
0
0
VERTEX
8
0
10
18.140959375
20
43.282496875
30
0
0
VERTEX
8
0
10
18.0469625
20
43.153121875000004
30
0
0
VERTEX
8
0
10
17.933875
20
43.040034375000005
30
0
0
VERTEX
8
0
10
17.8045
20
42.9460375
30
0
0
VERTEX
8
0
10
17.662021875
20
42.873440625
30
0
0
VERTEX
8
0
10
17.509909375
20
42.82401875
30
0
0
VERTEX
8
0
10
17.351953125
20
42.799
30
0
0
SEQEND
0
POLYLINE
66
1
8
1_copper
10
0.0
20
0.0
30
0.0
70
1
0
VERTEX
8
0
10
7.4587593750000005
20
38.104003125
30
0
0
VERTEX
8
0
10
6.818859375000001
20
38.2754625
30
0
0
VERTEX
8
0
10
6.245140625
20
38.606700000000004
30
0
0
VERTEX
8
0
10
5.7767
20
39.075140625
30
0
0
VERTEX
8
0
10
5.4454625000000005
20
39.648859375
30
0
0
VERTEX
8
0
10
5.274003125
20
40.288759375000005
30
0
0
VERTEX
8
0
10
5.274003125
20
40.951237500000005
30
0
0
VERTEX
8
0
10
5.4454625000000005
20
41.5911375
30
0
0
VERTEX
8
0
10
5.7767
20
42.16485625
30
0
0
VERTEX
8
0
10
6.245140625
20
42.633296875
30
0
0
VERTEX
8
0
10
6.818859375000001
20
42.964534375
30
0
0
VERTEX
8
0
10
7.4587593750000005
20
43.135993750000004
30
0
0
VERTEX
8
0
10
8.121237500000001
20
43.135993750000004
30
0
0
VERTEX
8
0
10
8.7611375
20
42.964534375
30
0
0
VERTEX
8
0
10
9.33485625
20
42.633296875
30
0
0
VERTEX
8
0
10
9.803296875000001
20
42.16485625
30
0
0
VERTEX
8
0
10
10.134534375000001
20
41.5911375
30
0
0
VERTEX
8
0
10
10.30599375
20
40.951237500000005
30
0
0
VERTEX
8
0
10
10.30599375
20
40.288759375000005
30
0
0
VERTEX
8
0
10
10.134534375000001
20
39.648859375
30
0
0
VERTEX
8
0
10
9.803296875000001
20
39.075140625
30
0
0
VERTEX
8
0
10
9.33485625
20
38.606700000000004
30
0
0
VERTEX
8
0
10
8.7611375
20
38.2754625
30
0
0
VERTEX
8
0
10
8.121237500000001
20
38.104003125
30
0
0
SEQEND
0
POLYLINE
66
1
8
1_copper
10
0.0
20
0.0
30
0.0
70
1
0
VERTEX
8
0
10
15.984
20
12.44640625
30
0
0
VERTEX
8
0
10
15.986840625000001
20
12.446209375
30
0
42
0.548409711059846
0
VERTEX
8
0
10
16.047665625
20
12.559409375000001
30
0
0
VERTEX
8
0
10
16.042390625
20
12.566378125
30
0
0
VERTEX
8
0
10
16.038340625
20
12.572575
30
0
42
0.015772426617527556
0
VERTEX
8
0
10
16.035050000000002
20
12.576078125
30
0
0
VERTEX
8
0
10
15.537128125
20
13.073996875
30
0
0
VERTEX
8
0
10
15.336265625000001
20
13.274859375
30
0
0
VERTEX
8
0
10
15.336265625000001
20
24.02231875
30
0
0
VERTEX
8
0
10
19.99288125
20
28.678934375
30
0
0
VERTEX
8
0
10
19.997953125000002
20
28.685718750000003
30
0
0
VERTEX
8
0
10
20.003487500000002
20
28.692218750000002
30
0
42
0.08765145259213399
0
VERTEX
8
0
10
20.013490625
20
28.716771875000003
30
0
0
VERTEX
8
0
10
20.014
20
28.724146875000002
30
0
0
VERTEX
8
0
10
20.0152
20
28.732815625
30
0
0
VERTEX
8
0
10
20.0152
20
31.165512500000002
30
0
0
VERTEX
8
0
10
20.0149625
20
31.16715625
30
0
0
VERTEX
8
0
10
20.015128125
20
31.168806250000003
30
0
42
0.2031782006671504
0
VERTEX
8
0
10
19.986178125000002
20
31.225353125
30
0
0
VERTEX
8
0
10
19.97739375
20
31.230500000000003
30
0
0
VERTEX
8
0
10
19.803206250000002
20
31.4046875
30
0
0
VERTEX
8
0
10
19.7104
20
31.628740625000002
30
0
0
VERTEX
8
0
10
19.7104
20
31.871256250000002
30
0
0
VERTEX
8
0
10
19.803206250000002
20
32.095309375
30
0
0
VERTEX
8
0
10
19.9746875
20
32.266790625
30
0
0
VERTEX
8
0
10
20.198740625
20
32.359596875
30
0
0
VERTEX
8
0
10
20.441256250000002
20
32.359596875
30
0
0
VERTEX
8
0
10
20.665309375
20
32.266790625
30
0
0
VERTEX
8
0
10
20.836790625000003
20
32.095309375
30
0
0
VERTEX
8
0
10
20.929596875
20
31.871256250000002
30
0
0
VERTEX
8
0
10
20.929596875
20
31.628740625000002
30
0
0
VERTEX
8
0
10
20.836790625000003
20
31.4046875
30
0
0
VERTEX
8
0
10
20.66265625
20
31.230553125
30
0
0
VERTEX
8
0
10
20.661109375000002
20
31.229540625000002
30
0
0
VERTEX
8
0
10
20.6531375
20
31.224809375000003
30
0
42
0.1553650101904322
0
VERTEX
8
0
10
20.627665625000002
20
31.186218750000002
30
0
0
VERTEX
8
0
10
20.626209375000002
20
31.175700000000003
30
0
0
VERTEX
8
0
10
20.624834375000002
20
31.1679375
30
0
42
0.007957433766569523
0
VERTEX
8
0
10
20.624796875
20
31.165512500000002
30
0
0
VERTEX
8
0
10
20.624796875
20
28.448743750000002
30
0
0
VERTEX
8
0
10
15.96818125
20
23.792128125
30
0
0
VERTEX
8
0
10
15.963109375
20
23.785343750000003
30
0
0
VERTEX
8
0
10
15.957575
20
23.77884375
30
0
42
0.08765145259213399
0
VERTEX
8
0
10
15.947571875000001
20
23.754290625
30
0
0
VERTEX
8
0
10
15.947062500000001
20
23.746915625
30
0
0
VERTEX
8
0
10
15.9458625
20
23.738246875
30
0
0
VERTEX
8
0
10
15.9458625
20
16.0821125
30
0
0
VERTEX
8
0
10
15.946271875
20
16.079284375
30
0
0
VERTEX
8
0
10
15.946075
20
16.0764375
30
0
42
0.5483964118425825
0
VERTEX
8
0
10
16.059275
20
16.015615625000002
30
0
0
VERTEX
8
0
10
16.06624375
20
16.020890625
30
0
0
VERTEX
8
0
10
16.072440625000002
20
16.024940625
30
0
42
0.015772426617527556
0
VERTEX
8
0
10
16.07594375
20
16.02823125
30
0
0
VERTEX
8
0
10
16.189896875000002
20
16.142187500000002
30
0
0
VERTEX
8
0
10
16.527731250000002
20
16.282121875
30
0
0
VERTEX
8
0
10
16.52831875
20
16.282209375
30
0
42
0.3488897216851382
0
VERTEX
8
0
10
16.5989
20
16.357596875000002
30
0
0
VERTEX
8
0
10
16.5989
20
20.4146875
30
0
0
VERTEX
8
0
10
24.51408125
20
28.329868750000003
30
0
0
VERTEX
8
0
10
24.519153125000003
20
28.336653125
30
0
0
VERTEX
8
0
10
24.524687500000002
20
28.343153125
30
0
42
0.08765145259213399
0
VERTEX
8
0
10
24.534690625
20
28.36770625
30
0
0
VERTEX
8
0
10
24.5352
20
28.37508125
30
0
0
VERTEX
8
0
10
24.5364
20
28.383750000000003
30
0
0
VERTEX
8
0
10
24.5364
20
34.27375625
30
0
0
VERTEX
8
0
10
24.535990625
20
34.276587500000005
30
0
0
VERTEX
8
0
10
24.5361875
20
34.279428125
30
0
42
0.548409711059846
0
VERTEX
8
0
10
24.4229875
20
34.340253125000004
30
0
0
VERTEX
8
0
10
24.416018750000003
20
34.334978125
30
0
0
VERTEX
8
0
10
24.409821875000002
20
34.330928125
30
0
42
0.015772426617527556
0
VERTEX
8
0
10
24.40631875
20
34.3276375
30
0
0
VERTEX
8
0
10
24.137746875
20
34.0590625
30
0
0
VERTEX
8
0
10
23.936884375
20
33.858200000000004
30
0
0
VERTEX
8
0
10
23.0531125
20
33.858200000000004
30
0
0
VERTEX
8
0
10
22.273265625
20
34.638046875
30
0
0
VERTEX
8
0
10
22.273265625
20
35.10101875
30
0
0
VERTEX
8
0
10
22.27285625
20
35.10385
30
0
0
VERTEX
8
0
10
22.273053125
20
35.106690625
30
0
42
0.548409711059846
0
VERTEX
8
0
10
22.159853125
20
35.167515625
30
0
0
VERTEX
8
0
10
22.152884375
20
35.162240625
30
0
0
VERTEX
8
0
10
22.146687500000002
20
35.158190625
30
0
42
0.015772426617527556
0
VERTEX
8
0
10
22.143184375
20
35.154900000000005
30
0
0
VERTEX
8
0
10
19.300915625000002
20
32.312628125
30
0
0
VERTEX
8
0
10
19.1446875
20
32.156400000000005
30
0
0
VERTEX
8
0
10
17.530350000000002
20
32.156400000000005
30
0
0
VERTEX
8
0
10
17.52353125
20
32.155415625
30
0
0
VERTEX
8
0
10
17.516665625
20
32.155159375000004
30
0
42
0.7477896963417208
0
VERTEX
8
0
10
17.501190625
20
32.0098
30
0
0
VERTEX
8
0
10
17.789965625
20
31.890187500000003
30
0
0
VERTEX
8
0
10
18.0471875
20
31.632965625
30
0
0
VERTEX
8
0
10
18.186396875
20
31.296884375
30
0
0
VERTEX
8
0
10
18.186396875
20
30.9331125
30
0
0
VERTEX
8
0
10
18.0471875
20
30.59703125
30
0
0
VERTEX
8
0
10
17.789965625
20
30.339809375
30
0
0
VERTEX
8
0
10
17.453884375
20
30.2006
30
0
0
VERTEX
8
0
10
15.566112500000001
20
30.2006
30
0
0
VERTEX
8
0
10
15.230031250000001
20
30.339809375
30
0
0
VERTEX
8
0
10
14.972809375
20
30.59703125
30
0
0
VERTEX
8
0
10
14.8336
20
30.9331125
30
0
0
VERTEX
8
0
10
14.8336
20
31.296884375
30
0
0
VERTEX
8
0
10
14.972809375
20
31.632965625
30
0
0
VERTEX
8
0
10
15.230031250000001
20
31.890187500000003
30
0
0
VERTEX
8
0
10
15.51880625
20
32.0098
30
0
0
VERTEX
8
0
10
15.52471875
20
32.013312500000005
30
0
0
VERTEX
8
0
10
15.530978125
20
32.01618125
30
0
42
0.7477774313238661
0
VERTEX
8
0
10
15.489646875
20
32.156400000000005
30
0
0
VERTEX
8
0
10
12.299015625000001
20
32.156400000000005
30
0
0
VERTEX
8
0
10
12.2905875
20
32.155184375000005
30
0
0
VERTEX
8
0
10
12.282121875000001
20
32.154503125000005
30
0
42
0.08765396656356698
0
VERTEX
8
0
10
12.257684375
20
32.14421875
30
0
0
VERTEX
8
0
10
12.252090625000001
20
32.139346875
30
0
0
VERTEX
8
0
10
12.245134375000001
20
32.13408125
30
0
0
VERTEX
8
0
10
12.191253125000001
20
32.080200000000005
30
0
0
VERTEX
8
0
10
10.66874375
20
32.080200000000005
30
0
0
VERTEX
8
0
10
10.467881250000001
20
32.281062500000004
30
0
0
VERTEX
8
0
10
6.149878125
20
36.59906875
30
0
0
VERTEX
8
0
10
6.147600000000001
20
36.600771875
30
0
0
VERTEX
8
0
10
6.14571875
20
36.602931250000005
30
0
42
0.5484095900174472
0
VERTEX
8
0
10
6.022665625
20
36.56589375
30
0
0
VERTEX
8
0
10
6.021465625
20
36.55723125
30
0
0
VERTEX
8
0
10
6.019950000000001
20
36.549990625
30
0
42
0.015770375218223928
0
VERTEX
8
0
10
6.019796875
20
36.545187500000004
30
0
0
VERTEX
8
0
10
6.019796875
20
29.480740625000003
30
0
0
VERTEX
8
0
10
6.020034375000001
20
29.479103125
30
0
0
VERTEX
8
0
10
6.0198687500000005
20
29.477465625
30
0
42
0.21834638570063183
0
VERTEX
8
0
10
6.048803125
20
29.420915625000003
30
0
0
VERTEX
8
0
10
6.058015625
20
29.415512500000002
30
0
0
VERTEX
8
0
10
6.064631250000001
20
29.411296875
30
0
42
0.007889569284554799
0
VERTEX
8
0
10
6.0668375
20
29.410340625
30
0
0
VERTEX
8
0
10
6.228434375
20
29.34340625
30
0
0
VERTEX
8
0
10
6.483406250000001
20
29.088434375000002
30
0
0
VERTEX
8
0
10
6.621396875
20
28.75529375
30
0
0
VERTEX
8
0
10
6.621396875
20
28.394703125000003
30
0
0
VERTEX
8
0
10
6.483406250000001
20
28.0615625
30
0
0
VERTEX
8
0
10
6.228434375
20
27.806590625000002
30
0
0
VERTEX
8
0
10
5.89529375
20
27.6686
30
0
0
VERTEX
8
0
10
5.53470625
20
27.6686
30
0
0
VERTEX
8
0
10
5.3731125
20
27.735537500000003
30
0
0
VERTEX
8
0
10
5.3715093750000005
20
27.735946875
30
0
0
VERTEX
8
0
10
5.370059375
20
27.736725
30
0
42
0.21835452448693754
0
VERTEX
8
0
10
5.3067375000000006
20
27.731634375000002
30
0
0
VERTEX
8
0
10
5.298215625
20
27.725184375
30
0
0
VERTEX
8
0
10
5.291796875
20
27.720693750000002
30
0
42
0.007896397064631891
0
VERTEX
8
0
10
5.2900687500000005
20
27.71901875
30
0
0
VERTEX
8
0
10
4.7721156250000005
20
27.201062500000003
30
0
0
VERTEX
8
0
10
4.76704375
20
27.194278125
30
0
0
VERTEX
8
0
10
4.761509375
20
27.187778125
30
0
42
0.08765145259213399
0
VERTEX
8
0
10
4.75150625
20
27.163225
30
0
0
VERTEX
8
0
10
4.750996875
20
27.15585
30
0
0
VERTEX
8
0
10
4.749796875
20
27.147181250000003
30
0
0
VERTEX
8
0
10
4.749796875
20
26.428696875
30
0
0
VERTEX
8
0
10
4.750609375
20
26.423078125
30
0
42
0.27464938169420694
0
VERTEX
8
0
10
4.79463125
20
26.359253125000002
30
0
0
VERTEX
8
0
10
4.80009375
20
26.357675
30
0
42
0.062792952187334
0
VERTEX
8
0
10
4.825996875
20
26.352496875
30
0
0
VERTEX
8
0
10
4.8395375000000005
20
26.352496875
30
0
0
VERTEX
8
0
10
5.397496875
20
25.7945375
30
0
0
VERTEX
8
0
10
5.397496875
20
25.005459375
30
0
0
VERTEX
8
0
10
4.8395375000000005
20
24.4475
30
0
0
VERTEX
8
0
10
4.050459375
20
24.4475
30
0
0
VERTEX
8
0
10
3.4925
20
25.005459375
30
0
0
VERTEX
8
0
10
3.4925
20
25.7945375
30
0
0
VERTEX
8
0
10
4.050459375
20
26.352496875
30
0
0
VERTEX
8
0
10
4.064
20
26.352496875
30
0
42
0.41421356237309503
0
VERTEX
8
0
10
4.1402
20
26.428696875
30
0
0
VERTEX
8
0
10
4.1402
20
27.431253125
30
0
0
VERTEX
8
0
10
4.3410625000000005
20
27.632115625
30
0
0
VERTEX
8
0
10
4.859018750000001
20
28.150068750000003
30
0
0
VERTEX
8
0
10
4.8600062500000005
20
28.151390625
30
0
0
VERTEX
8
0
10
4.861284375
20
28.152434375000002
30
0
42
0.21835602199983406
0
VERTEX
8
0
10
4.8808125
20
28.212884375
30
0
0
VERTEX
8
0
10
4.878109375
20
28.223253125000003
30
0
0
VERTEX
8
0
10
4.876421875
20
28.230875
30
0
42
0.007893929092387245
0
VERTEX
8
0
10
4.8755375
20
28.2331125
30
0
0
VERTEX
8
0
10
4.8086
20
28.394706250000002
30
0
0
VERTEX
8
0
10
4.8086
20
28.75529375
30
0
0
VERTEX
8
0
10
4.946590625
20
29.088434375000002
30
0
0
VERTEX
8
0
10
5.2015625000000005
20
29.34340625
30
0
0
VERTEX
8
0
10
5.363159375
20
29.410340625
30
0
0
VERTEX
8
0
10
5.364578125
20
29.411184375
30
0
0
VERTEX
8
0
10
5.3661593750000005
20
29.411659375000003
30
0
42
0.2183495123382137
0
VERTEX
8
0
10
5.40733125
20
29.460034375000003
30
0
0
VERTEX
8
0
10
5.40879375
20
29.470593750000003
30
0
0
VERTEX
8
0
10
5.4101625
20
29.478337500000002
30
0
42
0.00788569762177906
0
VERTEX
8
0
10
5.410200000000001
20
29.480740625000003
30
0
0
VERTEX
8
0
10
5.410200000000001
20
37.414950000000005
30
0
0
VERTEX
8
0
10
5.408984375
20
37.423378125
30
0
0
VERTEX
8
0
10
5.408303125000001
20
37.43184375
30
0
42
0.08765396656356698
0
VERTEX
8
0
10
5.39801875
20
37.45628125
30
0
0
VERTEX
8
0
10
5.393146875
20
37.461875
30
0
0
VERTEX
8
0
10
5.38788125
20
37.46883125
30
0
0
VERTEX
8
0
10
3.1026281250000003
20
39.75408125
30
0
0
VERTEX
8
0
10
2.9464
20
39.910309375000004
30
0
0
VERTEX
8
0
10
2.9464
20
42.786300000000004
30
0
0
VERTEX
8
0
10
2.9455875000000002
20
42.79191875
30
0
42
0.3925881563456996
0
VERTEX
8
0
10
2.8702
20
42.862500000000004
30
0
0
VERTEX
8
0
10
2.3938125
20
42.862500000000004
30
0
0
VERTEX
8
0
10
2.3935625000000003
20
42.862659375
30
0
42
0.45857153234275605
0
VERTEX
8
0
10
2.288865625
20
42.813921875000005
30
0
0
VERTEX
8
0
10
2.28766875
20
42.80528125
30
0
0
VERTEX
8
0
10
2.28615
20
42.7980375
30
0
42
0.015831784291606064
0
VERTEX
8
0
10
2.285996875
20
42.793215625
30
0
0
VERTEX
8
0
10
2.285996875
20
12.522196875
30
0
0
VERTEX
8
0
10
2.2868093750000003
20
12.516578125
30
0
42
0.3925881563456996
0
VERTEX
8
0
10
2.362196875
20
12.445996875
30
0
0
VERTEX
8
0
10
15.98116875
20
12.445996875
30
0
0
SEQEND
0
POLYLINE
66
1
8
1_copper
10
0.0
20
0.0
30
0.0
70
1
0
VERTEX
8
0
10
43.205400000000004
20
36.98239375
30
0
0
VERTEX
8
0
10
43.205400000000004
20
37.10354375
30
0
0
VERTEX
8
0
10
42.81854375
20
37.4904
30
0
0
VERTEX
8
0
10
42.69739375
20
37.4904
30
0
0
VERTEX
8
0
10
42.69739375
20
37.744396875
30
0
0
VERTEX
8
0
10
42.923753125000005
20
37.744396875
30
0
0
VERTEX
8
0
10
43.459396875
20
37.208753125
30
0
0
VERTEX
8
0
10
43.459396875
20
36.98239375
30
0
0
SEQEND
0
POLYLINE
66
1
8
1_copper
10
0.0
20
0.0
30
0.0
70
1
0
VERTEX
8
0
10
15.566112500000001
20
35.2806
30
0
0
VERTEX
8
0
10
15.230031250000001
20
35.419809375
30
0
0
VERTEX
8
0
10
14.972809375
20
35.67703125
30
0
0
VERTEX
8
0
10
14.8336
20
36.0131125
30
0
0
VERTEX
8
0
10
14.8336
20
36.376884375
30
0
0
VERTEX
8
0
10
14.972809375
20
36.712965625
30
0
0
VERTEX
8
0
10
15.230031250000001
20
36.9701875
30
0
0
VERTEX
8
0
10
15.566112500000001
20
37.109396875
30
0
0
VERTEX
8
0
10
17.453884375
20
37.109396875
30
0
0
VERTEX
8
0
10
17.789965625
20
36.9701875
30
0
0
VERTEX
8
0
10
18.0471875
20
36.712965625
30
0
0
VERTEX
8
0
10
18.186396875
20
36.376884375
30
0
0
VERTEX
8
0
10
18.186396875
20
36.0131125
30
0
0
VERTEX
8
0
10
18.0471875
20
35.67703125
30
0
0
VERTEX
8
0
10
17.789965625
20
35.419809375
30
0
0
VERTEX
8
0
10
17.453884375
20
35.2806
30
0
0
SEQEND
0
POLYLINE
66
1
8
1_copper
10
0.0
20
0.0
30
0.0
70
1
0
VERTEX
8
0
10
42.69739375
20
35.915600000000005
30
0
0
VERTEX
8
0
10
42.69739375
20
36.1696
30
0
0
VERTEX
8
0
10
42.81854375
20
36.1696
30
0
0
VERTEX
8
0
10
43.205400000000004
20
36.556456250000004
30
0
0
VERTEX
8
0
10
43.205400000000004
20
36.677600000000005
30
0
0
VERTEX
8
0
10
43.459396875
20
36.677600000000005
30
0
0
VERTEX
8
0
10
43.459396875
20
36.45124375
30
0
0
VERTEX
8
0
10
42.923753125000005
20
35.915600000000005
30
0
0
SEQEND
0
POLYLINE
66
1
8
1_copper
10
0.0
20
0.0
30
0.0
70
1
0
VERTEX
8
0
10
23.661240625
20
34.469012500000005
30
0
0
VERTEX
8
0
10
23.66970625
20
34.469693750000005
30
0
42
0.08765396656356698
0
VERTEX
8
0
10
23.694143750000002
20
34.479978125
30
0
0
VERTEX
8
0
10
23.6997375
20
34.48485
30
0
0
VERTEX
8
0
10
23.70669375
20
34.490115625
30
0
0
VERTEX
8
0
10
23.92988125
20
34.713303125
30
0
0
VERTEX
8
0
10
23.934953125
20
34.7200875
30
0
0
VERTEX
8
0
10
23.9404875
20
34.7265875
30
0
42
0.08765145259213399
0
VERTEX
8
0
10
23.950490625
20
34.751140625000005
30
0
0
VERTEX
8
0
10
23.951
20
34.758515625
30
0
0
VERTEX
8
0
10
23.9522
20
34.767184375
30
0
0
VERTEX
8
0
10
23.9522
20
35.0828125
30
0
0
VERTEX
8
0
10
23.95135625
20
35.08865625
30
0
42
0.00035441535772266265
0
VERTEX
8
0
10
23.951340625
20
35.0887625
30
0
0
VERTEX
8
0
10
23.950984375
20
35.091240625000005
30
0
0
VERTEX
8
0
10
23.950303125
20
35.099706250000004
30
0
42
0.08765396656356698
0
VERTEX
8
0
10
23.94001875
20
35.12414375
30
0
0
VERTEX
8
0
10
23.935146875
20
35.129737500000005
30
0
0
VERTEX
8
0
10
23.92988125
20
35.13669375
30
0
0
VERTEX
8
0
10
23.913065625
20
35.153509375
30
0
0
VERTEX
8
0
10
23.913065625
20
35.330746875
30
0
0
VERTEX
8
0
10
23.912521875
20
35.334503125000005
30
0
0
VERTEX
8
0
10
23.912690625
20
35.338309375
30
0
42
0.3463779719433896
0
VERTEX
8
0
10
23.84731875
20
35.406228125
30
0
0
VERTEX
8
0
10
23.84350625
20
35.406206250000004
30
0
0
VERTEX
8
0
10
23.839775
20
35.406890625
30
0
42
0.05379596234542379
0
VERTEX
8
0
10
23.818128125
20
35.40460625
30
0
0
VERTEX
8
0
10
23.811121875
20
35.401759375000005
30
0
0
VERTEX
8
0
10
23.804706250000002
20
35.399828125
30
0
42
0.0179375681199141
0
VERTEX
8
0
10
23.798762500000002
20
35.3967375
30
0
0
VERTEX
8
0
10
23.777171875
20
35.384268750000004
30
0
0
VERTEX
8
0
10
23.690325
20
35.361000000000004
30
0
0
VERTEX
8
0
10
23.645365625
20
35.361000000000004
30
0
0
VERTEX
8
0
10
23.645365625
20
35.615
30
0
0
VERTEX
8
0
10
23.656884375
20
35.615
30
0
0
VERTEX
8
0
10
23.679140625000002
20
35.620962500000005
30
0
0
VERTEX
8
0
10
23.699090625
20
35.632481250000005
30
0
0
VERTEX
8
0
10
23.715384375000003
20
35.648775
30
0
0
VERTEX
8
0
10
23.726903125
20
35.668725
30
0
0
VERTEX
8
0
10
23.732865625000002
20
35.69098125
30
0
0
VERTEX
8
0
10
23.732865625000002
20
36.14901875
30
0
0
VERTEX
8
0
10
23.726903125
20
36.171275
30
0
0
VERTEX
8
0
10
23.715384375000003
20
36.191225
30
0
0
VERTEX
8
0
10
23.699090625
20
36.20751875
30
0
0
VERTEX
8
0
10
23.679140625000002
20
36.2190375
30
0
0
VERTEX
8
0
10
23.656884375
20
36.225
30
0
0
VERTEX
8
0
10
23.458846875000003
20
36.225
30
0
0
VERTEX
8
0
10
23.436590625
20
36.2190375
30
0
0
VERTEX
8
0
10
23.416640625
20
36.20751875
30
0
0
VERTEX
8
0
10
23.400346875
20
36.191225
30
0
0
VERTEX
8
0
10
23.388828125
20
36.171275
30
0
0
VERTEX
8
0
10
23.382865625
20
36.14901875
30
0
0
VERTEX
8
0
10
23.382865625
20
36.0075
30
0
0
VERTEX
8
0
10
23.232865625000002
20
36.0075
30
0
0
VERTEX
8
0
10
23.232865625000002
20
36.14901875
30
0
0
VERTEX
8
0
10
23.226903125
20
36.171275
30
0
0
VERTEX
8
0
10
23.215384375000003
20
36.191225
30
0
0
VERTEX
8
0
10
23.199090625
20
36.20751875
30
0
0
VERTEX
8
0
10
23.179140625000002
20
36.2190375
30
0
0
VERTEX
8
0
10
23.156884375
20
36.225
30
0
0
VERTEX
8
0
10
22.958846875000003
20
36.225
30
0
0
VERTEX
8
0
10
22.936590625
20
36.2190375
30
0
0
VERTEX
8
0
10
22.916640625
20
36.20751875
30
0
0
VERTEX
8
0
10
22.900346875
20
36.191225
30
0
0
VERTEX
8
0
10
22.888828125
20
36.171275
30
0
0
VERTEX
8
0
10
22.882865625
20
36.14901875
30
0
0
VERTEX
8
0
10
22.882865625
20
35.69098125
30
0
0
VERTEX
8
0
10
22.888828125
20
35.668725
30
0
0
VERTEX
8
0
10
22.900346875
20
35.648775
30
0
0
VERTEX
8
0
10
22.916640625
20
35.632481250000005
30
0
0
VERTEX
8
0
10
22.936590625
20
35.620962500000005
30
0
0
VERTEX
8
0
10
22.958846875000003
20
35.615
30
0
0
VERTEX
8
0
10
22.970359375
20
35.615
30
0
0
VERTEX
8
0
10
22.970359375
20
35.361000000000004
30
0
0
VERTEX
8
0
10
22.9590625
20
35.361000000000004
30
0
42
0.41421356237309503
0
VERTEX
8
0
10
22.8828625
20
35.284800000000004
30
0
0
VERTEX
8
0
10
22.8828625
20
34.92211875
30
0
0
VERTEX
8
0
10
22.883690625
20
34.91638125
30
0
0
VERTEX
8
0
10
22.88370625
20
34.91368125
30
0
0
VERTEX
8
0
10
22.884215625
20
34.9119875
30
0
0
VERTEX
8
0
10
22.884759375
20
34.905225
30
0
42
0.08765396656356698
0
VERTEX
8
0
10
22.895043750000003
20
34.880787500000004
30
0
0
VERTEX
8
0
10
22.899915625000002
20
34.87519375
30
0
0
VERTEX
8
0
10
22.905181250000002
20
34.8682375
30
0
0
VERTEX
8
0
10
23.283303125
20
34.490115625
30
0
0
VERTEX
8
0
10
23.290087500000002
20
34.48504375
30
0
0
VERTEX
8
0
10
23.2965875
20
34.479509375
30
0
42
0.08765145259213399
0
VERTEX
8
0
10
23.321140625
20
34.46950625
30
0
0
VERTEX
8
0
10
23.328515625
20
34.468996875
30
0
0
VERTEX
8
0
10
23.337184375
20
34.467796875000005
30
0
0
VERTEX
8
0
10
23.6528125
20
34.467796875000005
30
0
0
SEQEND
0
POLYLINE
66
1
8
1_copper
10
0.0
20
0.0
30
0.0
70
1
0
VERTEX
8
0
10
23.145365625
20
35.361000000000004
30
0
0
VERTEX
8
0
10
23.145365625
20
35.585928125
30
0
0
VERTEX
8
0
10
23.144371875
20
35.5928125
30
0
0
VERTEX
8
0
10
23.142768750000002
20
35.605650000000004
30
0
0
VERTEX
8
0
10
23.140262500000002
20
35.615
30
0
0
VERTEX
8
0
10
23.156884375
20
35.615
30
0
0
VERTEX
8
0
10
23.179140625000002
20
35.620962500000005
30
0
0
VERTEX
8
0
10
23.199090625
20
35.632481250000005
30
0
0
VERTEX
8
0
10
23.215384375000003
20
35.648775
30
0
0
VERTEX
8
0
10
23.226903125
20
35.668725
30
0
0
VERTEX
8
0
10
23.232865625000002
20
35.69098125
30
0
0
VERTEX
8
0
10
23.232865625000002
20
35.832493750000005
30
0
0
VERTEX
8
0
10
23.382865625
20
35.832493750000005
30
0
0
VERTEX
8
0
10
23.382865625
20
35.69098125
30
0
0
VERTEX
8
0
10
23.388828125
20
35.668725
30
0
0
VERTEX
8
0
10
23.400346875
20
35.648775
30
0
0
VERTEX
8
0
10
23.416640625
20
35.632481250000005
30
0
0
VERTEX
8
0
10
23.436590625
20
35.620962500000005
30
0
0
VERTEX
8
0
10
23.458846875000003
20
35.615
30
0
0
VERTEX
8
0
10
23.475465625000002
20
35.615
30
0
0
VERTEX
8
0
10
23.472956250000003
20
35.605640625
30
0
0
VERTEX
8
0
10
23.47211875
20
35.598615625
30
0
0
VERTEX
8
0
10
23.470359375
20
35.585918750000005
30
0
0
VERTEX
8
0
10
23.470359375
20
35.382200000000005
30
0
0
VERTEX
8
0
10
23.465034375000002
20
35.382200000000005
30
0
0
VERTEX
8
0
10
23.4056125
20
35.374378125
30
0
0
VERTEX
8
0
10
23.390543750000003
20
35.370340625000004
30
0
0
VERTEX
8
0
10
23.33310625
20
35.38573125
30
0
0
VERTEX
8
0
10
23.332050000000002
20
35.3862625
30
0
0
VERTEX
8
0
10
23.32916875
20
35.386787500000004
30
0
0
VERTEX
8
0
10
23.328859375
20
35.386868750000005
30
0
0
VERTEX
8
0
10
23.328746875
20
35.38688125
30
0
0
VERTEX
8
0
10
23.325809375000002
20
35.388059375000005
30
0
42
0.12142047195354612
0
VERTEX
8
0
10
23.288990625
20
35.387828125
30
0
0
VERTEX
8
0
10
23.286209375000002
20
35.38669375
30
0
0
VERTEX
8
0
10
23.28525
20
35.386434375
30
0
0
VERTEX
8
0
10
23.282775
20
35.385953125
30
0
0
VERTEX
8
0
10
23.282053125
20
35.385578125
30
0
0
VERTEX
8
0
10
23.190325
20
35.361000000000004
30
0
0
SEQEND
0
POLYLINE
66
1
8
1_copper
10
0.0
20
0.0
30
0.0
70
1
0
VERTEX
8
0
10
34.010596875000005
20
34.44239375
30
0
0
VERTEX
8
0
10
34.010600000000004
20
34.668753125
30
0
0
VERTEX
8
0
10
34.54624375
20
35.204396875
30
0
0
VERTEX
8
0
10
34.772600000000004
20
35.204396875
30
0
0
VERTEX
8
0
10
34.772600000000004
20
34.9504
30
0
0
VERTEX
8
0
10
34.65145625
20
34.9504
30
0
0
VERTEX
8
0
10
34.2646
20
34.56354375
30
0
0
VERTEX
8
0
10
34.2646
20
34.44239375
30
0
0
SEQEND
0
POLYLINE
66
1
8
1_copper
10
0.0
20
0.0
30
0.0
70
1
0
VERTEX
8
0
10
32.06793125
20
20.992921875
30
0
42
0.18105028528674108
0
VERTEX
8
0
10
32.12138125
20
21.014665625
30
0
0
VERTEX
8
0
10
32.130956250000004
20
21.024240625
30
0
42
0.41421356237309503
0
VERTEX
8
0
10
32.130956250000004
20
21.132003125
30
0
0
VERTEX
8
0
10
32.0675
20
21.195459375000002
30
0
0
VERTEX
8
0
10
32.0675
20
21.984537500000002
30
0
0
VERTEX
8
0
10
32.625459375
20
22.542496875
30
0
0
VERTEX
8
0
10
33.4145375
20
22.542496875
30
0
0
VERTEX
8
0
10
33.93131875
20
22.0257125
30
0
0
VERTEX
8
0
10
33.933596875
20
22.024009375000002
30
0
0
VERTEX
8
0
10
33.935478125
20
22.02185
30
0
42
0.5484095900174472
0
VERTEX
8
0
10
34.05853125
20
22.0588875
30
0
0
VERTEX
8
0
10
34.05973125
20
22.06755
30
0
0
VERTEX
8
0
10
34.061246875
20
22.074790625000002
30
0
42
0.015770375218223928
0
VERTEX
8
0
10
34.0614
20
22.07959375
30
0
0
VERTEX
8
0
10
34.0614
20
23.496721875000002
30
0
0
VERTEX
8
0
10
34.060990625
20
23.499553125000002
30
0
42
0.01873563053808682
0
VERTEX
8
0
10
34.0605625
20
23.50521875
30
0
0
VERTEX
8
0
10
34.060556250000005
20
23.5063125
30
0
0
VERTEX
8
0
10
34.059665625
20
23.509271875
30
0
0
VERTEX
8
0
10
34.05944375
20
23.51026875
30
0
0
VERTEX
8
0
10
34.058290625000005
20
23.518265625
30
0
42
0.4813150286803805
0
VERTEX
8
0
10
33.9479875
20
23.56321875
30
0
0
VERTEX
8
0
10
33.94288125
20
23.559353125
30
0
0
VERTEX
8
0
10
33.94214375
20
23.559015625
30
0
0
VERTEX
8
0
10
33.9406
20
23.557671875
30
0
0
VERTEX
8
0
10
33.934821875000004
20
23.55389375
30
0
42
0.015772426617527556
0
VERTEX
8
0
10
33.93131875
20
23.550603125000002
30
0
0
VERTEX
8
0
10
33.456618750000004
20
23.0759
30
0
0
VERTEX
8
0
10
33.172393750000005
20
23.0759
30
0
0
VERTEX
8
0
10
33.172393750000005
20
23.329900000000002
30
0
0
VERTEX
8
0
10
33.351409375
20
23.329900000000002
30
0
0
VERTEX
8
0
10
33.820100000000004
20
23.798590625000003
30
0
0
VERTEX
8
0
10
33.820100000000004
20
24.461409375000002
30
0
0
VERTEX
8
0
10
33.351409375
20
24.9301
30
0
0
VERTEX
8
0
10
33.172393750000005
20
24.9301
30
0
0
VERTEX
8
0
10
33.172393750000005
20
25.184093750000002
30
0
0
VERTEX
8
0
10
33.456618750000004
20
25.184096875
30
0
0
VERTEX
8
0
10
33.93131875
20
24.70939375
30
0
0
VERTEX
8
0
10
33.933596875
20
24.707690625
30
0
0
VERTEX
8
0
10
33.935478125
20
24.70553125
30
0
42
0.5484095900174472
0
VERTEX
8
0
10
34.05853125
20
24.74256875
30
0
0
VERTEX
8
0
10
34.05973125
20
24.75123125
30
0
0
VERTEX
8
0
10
34.061246875
20
24.758471875
30
0
42
0.015770375218223928
0
VERTEX
8
0
10
34.0614
20
24.763275
30
0
0
VERTEX
8
0
10
34.0614
20
26.036721875
30
0
0
VERTEX
8
0
10
34.060990625
20
26.039553125
30
0
0
VERTEX
8
0
10
34.0611875
20
26.042393750000002
30
0
42
0.548409711059846
0
VERTEX
8
0
10
33.9479875
20
26.10321875
30
0
0
VERTEX
8
0
10
33.941018750000005
20
26.097943750000002
30
0
0
VERTEX
8
0
10
33.934821875000004
20
26.093893750000003
30
0
42
0.015772426617527556
0
VERTEX
8
0
10
33.93131875
20
26.090603125
30
0
0
VERTEX
8
0
10
33.456618750000004
20
25.6159
30
0
0
VERTEX
8
0
10
33.172393750000005
20
25.6159
30
0
0
VERTEX
8
0
10
33.172393750000005
20
25.8699
30
0
0
VERTEX
8
0
10
33.351409375
20
25.8699
30
0
0
VERTEX
8
0
10
33.820100000000004
20
26.338590625000002
30
0
0
VERTEX
8
0
10
33.820100000000004
20
27.001409375
30
0
0
VERTEX
8
0
10
33.351409375
20
27.470100000000002
30
0
0
VERTEX
8
0
10
33.172393750000005
20
27.470100000000002
30
0
0
VERTEX
8
0
10
33.172393750000005
20
27.72409375
30
0
0
VERTEX
8
0
10
33.456618750000004
20
27.724096875
30
0
0
VERTEX
8
0
10
33.93131875
20
27.249393750000003
30
0
0
VERTEX
8
0
10
33.933596875
20
27.247690625
30
0
0
VERTEX
8
0
10
33.935478125
20
27.245531250000003
30
0
0
VERTEX
8
0
10
33.941475000000004
20
27.241709375000003
30
0
0
VERTEX
8
0
10
33.942884375
20
27.240509375000002
30
0
0
VERTEX
8
0
10
33.9436625
20
27.2401625
30
0
0
VERTEX
8
0
10
33.948750000000004
20
27.236359375000003
30
0
42
0.48132099806188294
0
VERTEX
8
0
10
34.05853125
20
27.282568750000003
30
0
0
VERTEX
8
0
10
34.05973125
20
27.291231250000003
30
0
0
VERTEX
8
0
10
34.05975
20
27.2913125
30
0
0
VERTEX
8
0
10
34.06068125
20
27.294543750000003
30
0
0
VERTEX
8
0
10
34.060675
20
27.2957375
30
0
0
VERTEX
8
0
10
34.061246875
20
27.298471875
30
0
42
0.015770375218223928
0
VERTEX
8
0
10
34.0614
20
27.303275000000003
30
0
0
VERTEX
8
0
10
34.0614
20
28.720403125
30
0
0
VERTEX
8
0
10
34.060990625
20
28.723234375
30
0
0
VERTEX
8
0
10
34.0611875
20
28.726075
30
0
42
0.548409711059846
0
VERTEX
8
0
10
33.9479875
20
28.786900000000003
30
0
0
VERTEX
8
0
10
33.941018750000005
20
28.781625000000002
30
0
0
VERTEX
8
0
10
33.934821875000004
20
28.777575000000002
30
0
42
0.015772426617527556
0
VERTEX
8
0
10
33.93131875
20
28.774284375
30
0
0
VERTEX
8
0
10
33.4145375
20
28.2575
30
0
0
VERTEX
8
0
10
32.625459375
20
28.2575
30
0
0
VERTEX
8
0
10
32.0675
20
28.815459375
30
0
0
VERTEX
8
0
10
32.0675
20
29.604537500000003
30
0
0
VERTEX
8
0
10
32.625459375
20
30.162496875000002
30
0
0
VERTEX
8
0
10
32.639
20
30.162496875000002
30
0
42
0.41421356237309503
0
VERTEX
8
0
10
32.7152
20
30.238696875000002
30
0
0
VERTEX
8
0
10
32.7152
20
30.32218125
30
0
0
VERTEX
8
0
10
32.713984375
20
30.330609375
30
0
0
VERTEX
8
0
10
32.713303125
20
30.339075
30
0
42
0.08765396656356698
0
VERTEX
8
0
10
32.70301875
20
30.363512500000002
30
0
0
VERTEX
8
0
10
32.698146875
20
30.36910625
30
0
0
VERTEX
8
0
10
32.69288125
20
30.3760625
30
0
0
VERTEX
8
0
10
27.89190625
20
35.177040625000004
30
0
0
VERTEX
8
0
10
27.88735625
20
35.18044375
30
0
42
0.39256960445629635
0
VERTEX
8
0
10
27.784143750000002
20
35.177040625000004
30
0
0
VERTEX
8
0
10
27.650309375000003
20
35.043206250000004
30
0
0
VERTEX
8
0
10
27.42625625
20
34.9504
30
0
0
VERTEX
8
0
10
27.183740625000002
20
34.9504
30
0
0
VERTEX
8
0
10
26.9596875
20
35.043206250000004
30
0
0
VERTEX
8
0
10
26.838178125000002
20
35.16471875
30
0
0
VERTEX
8
0
10
26.835900000000002
20
35.166421875000005
30
0
0
VERTEX
8
0
10
26.834018750000002
20
35.16858125
30
0
42
0.5484095900174472
0
VERTEX
8
0
10
26.710965625
20
35.13154375
30
0
0
VERTEX
8
0
10
26.709765625000003
20
35.122887500000004
30
0
0
VERTEX
8
0
10
26.70825
20
35.115643750000004
30
0
42
0.015780610188008838
0
VERTEX
8
0
10
26.708096875000003
20
35.1108375
30
0
0
VERTEX
8
0
10
26.708096875000003
20
25.069796875
30
0
0
VERTEX
8
0
10
26.708909375
20
25.064178125
30
0
42
0.3925881563456996
0
VERTEX
8
0
10
26.784296875000003
20
24.993596875
30
0
0
VERTEX
8
0
10
28.0346875
20
24.993596875
30
0
0
VERTEX
8
0
10
28.64424375
20
24.384040625
30
0
0
VERTEX
8
0
10
28.648803125
20
24.38063125
30
0
42
0.39252692588609156
0
VERTEX
8
0
10
28.75200625
20
24.384040625
30
0
0
VERTEX
8
0
10
28.815459375
20
24.447496875000002
30
0
0
VERTEX
8
0
10
29.604537500000003
20
24.447496875000002
30
0
0
VERTEX
8
0
10
30.162496875000002
20
23.8895375
30
0
0
VERTEX
8
0
10
30.162496875000002
20
23.100459375
30
0
0
VERTEX
8
0
10
30.099040625
20
23.03700625
30
0
0
VERTEX
8
0
10
30.095637500000002
20
23.032456250000003
30
0
42
0.39256960445629635
0
VERTEX
8
0
10
30.099040625
20
22.92924375
30
0
0
VERTEX
8
0
10
32.01361875
20
21.014665625
30
0
0
VERTEX
8
0
10
32.01816875
20
21.0112625
30
0
42
0.13986930422285104
0
VERTEX
8
0
10
32.062696875
20
20.9925
30
0
0
SEQEND
0
POLYLINE
66
1
8
1_copper
10
0.0
20
0.0
30
0.0
70
1
0
VERTEX
8
0
10
34.54624375
20
33.3756
30
0
0
VERTEX
8
0
10
34.010600000000004
20
33.911243750000004
30
0
0
VERTEX
8
0
10
34.010600000000004
20
34.1376
30
0
0
VERTEX
8
0
10
34.2646
20
34.1376
30
0
0
VERTEX
8
0
10
34.2646
20
34.016456250000005
30
0
0
VERTEX
8
0
10
34.65145625
20
33.6296
30
0
0
VERTEX
8
0
10
34.772600000000004
20
33.6296
30
0
0
VERTEX
8
0
10
34.772600000000004
20
33.3756
30
0
0
SEQEND
0
POLYLINE
66
1
8
1_copper
10
0.0
20
0.0
30
0.0
70
1
0
VERTEX
8
0
10
41.633809375
20
22.001703125000002
30
0
0
VERTEX
8
0
10
41.641912500000004
20
22.00175
30
0
42
0.09053247093623687
0
VERTEX
8
0
10
41.667809375000004
20
22.010609375
30
0
0
VERTEX
8
0
10
41.674778125
20
22.015884375000002
30
0
0
VERTEX
8
0
10
41.680975000000004
20
22.019934375000002
30
0
42
0.015772426617527556
0
VERTEX
8
0
10
41.684478125000005
20
22.023225
30
0
0
VERTEX
8
0
10
43.23388125
20
23.57263125
30
0
0
VERTEX
8
0
10
43.238953125
20
23.579415625000003
30
0
0
VERTEX
8
0
10
43.244487500000005
20
23.585915625000002
30
0
42
0.08765145259213399
0
VERTEX
8
0
10
43.254490625
20
23.610468750000003
30
0
0
VERTEX
8
0
10
43.255
20
23.617843750000002
30
0
0
VERTEX
8
0
10
43.2562
20
23.6265125
30
0
0
VERTEX
8
0
10
43.2562
20
30.9840875
30
0
0
VERTEX
8
0
10
43.255790625
20
30.986915625
30
0
0
VERTEX
8
0
10
43.2559875
20
30.9897625
30
0
42
0.5483964118425825
0
VERTEX
8
0
10
43.142787500000004
20
31.050584375000003
30
0
0
VERTEX
8
0
10
43.13581875
20
31.045309375000002
30
0
0
VERTEX
8
0
10
43.129621875000005
20
31.041259375000003
30
0
42
0.015772426617527556
0
VERTEX
8
0
10
43.12611875
20
31.03796875
30
0
0
VERTEX
8
0
10
42.923753125000005
20
30.835600000000003
30
0
0
VERTEX
8
0
10
42.69739375
20
30.835600000000003
30
0
0
VERTEX
8
0
10
42.69739375
20
31.0896
30
0
0
VERTEX
8
0
10
42.81854375
20
31.0896
30
0
0
VERTEX
8
0
10
43.205400000000004
20
31.476456250000002
30
0
0
VERTEX
8
0
10
43.205400000000004
20
32.02354375
30
0
0
VERTEX
8
0
10
42.81854375
20
32.4104
30
0
0
VERTEX
8
0
10
42.69739375
20
32.4104
30
0
0
VERTEX
8
0
10
42.69739375
20
32.664396875
30
0
0
VERTEX
8
0
10
42.923753125000005
20
32.664396875
30
0
0
VERTEX
8
0
10
43.12611875
20
32.462028125
30
0
0
VERTEX
8
0
10
43.128396875
20
32.460325000000005
30
0
0
VERTEX
8
0
10
43.130278125000004
20
32.458165625
30
0
42
0.5484095900174472
0
VERTEX
8
0
10
43.25333125
20
32.495203125
30
0
0
VERTEX
8
0
10
43.25453125
20
32.503865625
30
0
0
VERTEX
8
0
10
43.256046875
20
32.511106250000005
30
0
42
0.015770375218223928
0
VERTEX
8
0
10
43.2562
20
32.515909375
30
0
0
VERTEX
8
0
10
43.2562
20
33.205984375
30
0
0
VERTEX
8
0
10
43.254984375
20
33.2144125
30
0
0
VERTEX
8
0
10
43.254303125
20
33.222878125
30
0
42
0.08765396656356698
0
VERTEX
8
0
10
43.24401875
20
33.247315625
30
0
0
VERTEX
8
0
10
43.239146875
20
33.252909375
30
0
0
VERTEX
8
0
10
43.23388125
20
33.259865625
30
0
0
VERTEX
8
0
10
43.002990625
20
33.490759375
30
0
0
VERTEX
8
0
10
42.99844375
20
33.494159375
30
0
42
0.31516602510654185
0
VERTEX
8
0
10
42.911893750000004
20
33.503371875
30
0
0
VERTEX
8
0
10
42.907540625
20
33.500075
30
0
42
0.03516754107576733
0
VERTEX
8
0
10
42.895225
20
33.490756250000004
30
0
0
VERTEX
8
0
10
42.88166875
20
33.4772
30
0
0
VERTEX
8
0
10
42.208325
20
33.4772
30
0
0
VERTEX
8
0
10
41.786078125
20
33.89945
30
0
0
VERTEX
8
0
10
41.7838
20
33.901153125
30
0
0
VERTEX
8
0
10
41.78191875
20
33.9033125
30
0
42
0.5484095900174472
0
VERTEX
8
0
10
41.658865625000004
20
33.866275
30
0
0
VERTEX
8
0
10
41.657665625
20
33.8576125
30
0
0
VERTEX
8
0
10
41.656150000000004
20
33.850371875
30
0
42
0.015770375218223928
0
VERTEX
8
0
10
41.655996875
20
33.84556875
30
0
0
VERTEX
8
0
10
41.655996875
20
32.338109375
30
0
0
VERTEX
8
0
10
41.65640625
20
32.335278125
30
0
0
VERTEX
8
0
10
41.656209375
20
32.332437500000005
30
0
42
0.548409711059846
0
VERTEX
8
0
10
41.769409375
20
32.2716125
30
0
0
VERTEX
8
0
10
41.776378125
20
32.2768875
30
0
0
VERTEX
8
0
10
41.782575
20
32.2809375
30
0
42
0.015772426617527556
0
VERTEX
8
0
10
41.786078125
20
32.284228125
30
0
0
VERTEX
8
0
10
42.16624375
20
32.664396875
30
0
0
VERTEX
8
0
10
42.3926
20
32.664396875
30
0
0
VERTEX
8
0
10
42.3926
20
32.4104
30
0
0
VERTEX
8
0
10
42.27145625
20
32.4104
30
0
0
VERTEX
8
0
10
41.8846
20
32.02354375
30
0
0
VERTEX
8
0
10
41.8846
20
31.476456250000002
30
0
0
VERTEX
8
0
10
42.27145625
20
31.0896
30
0
0
VERTEX
8
0
10
42.3926
20
31.0896
30
0
0
VERTEX
8
0
10
42.3926
20
30.835600000000003
30
0
0
VERTEX
8
0
10
42.16624375
20
30.835600000000003
30
0
0
VERTEX
8
0
10
41.786078125
20
31.215768750000002
30
0
0
VERTEX
8
0
10
41.7838
20
31.217471875
30
0
0
VERTEX
8
0
10
41.78191875
20
31.219631250000003
30
0
42
0.5484095900174472
0
VERTEX
8
0
10
41.658865625000004
20
31.182593750000002
30
0
0
VERTEX
8
0
10
41.657665625
20
31.173931250000003
30
0
0
VERTEX
8
0
10
41.656150000000004
20
31.166690625
30
0
42
0.015770375218223928
0
VERTEX
8
0
10
41.655996875
20
31.161887500000002
30
0
0
VERTEX
8
0
10
41.655996875
20
29.716878125
30
0
0
VERTEX
8
0
10
41.6572125
20
29.708450000000003
30
0
0
VERTEX
8
0
10
41.65789375
20
29.699984375
30
0
42
0.08765396656356698
0
VERTEX
8
0
10
41.668178125000004
20
29.675546875000002
30
0
0
VERTEX
8
0
10
41.67305
20
29.669953125000003
30
0
0
VERTEX
8
0
10
41.678315625
20
29.662996875
30
0
0
VERTEX
8
0
10
42.290996875000005
20
29.050315625
30
0
0
VERTEX
8
0
10
42.290996875000005
20
23.33718125
30
0
0
VERTEX
8
0
10
41.576715625
20
22.622903125
30
0
0
VERTEX
8
0
10
41.57164375
20
22.616118750000002
30
0
0
VERTEX
8
0
10
41.566109375
20
22.609618750000003
30
0
42
0.08765145259213399
0
VERTEX
8
0
10
41.55610625
20
22.585065625000002
30
0
0
VERTEX
8
0
10
41.555596875
20
22.577690625000002
30
0
0
VERTEX
8
0
10
41.554396875
20
22.569021875
30
0
0
VERTEX
8
0
10
41.554396875
20
22.07710625
30
0
0
VERTEX
8
0
10
41.55480625
20
22.074275
30
0
0
VERTEX
8
0
10
41.554609375000005
20
22.071434375000003
30
0
42
0.3744677985373014
0
VERTEX
8
0
10
41.62579375
20
22.001059375
30
0
0
SEQEND
0
POLYLINE
66
1
8
1_copper
10
0.0
20
0.0
30
0.0
70
1
0
VERTEX
8
0
10
9.723378125
20
24.3459
30
0
0
VERTEX
8
0
10
9.1059
20
24.963378125000002
30
0
0
VERTEX
8
0
10
9.1059
20
25.83661875
30
0
0
VERTEX
8
0
10
9.73128125
20
26.462
30
0
0
VERTEX
8
0
10
9.736353125
20
26.468784375000002
30
0
0
VERTEX
8
0
10
9.7418875
20
26.475284375
30
0
42
0.08765145259213399
0
VERTEX
8
0
10
9.751890625
20
26.4998375
30
0
0
VERTEX
8
0
10
9.7524
20
26.5072125
30
0
0
VERTEX
8
0
10
9.7536
20
26.51588125
30
0
0
VERTEX
8
0
10
9.7536
20
28.108334375000002
30
0
0
VERTEX
8
0
10
9.76468125
20
28.119415625000002
30
0
42
0.14430415280903483
0
VERTEX
8
0
10
9.785290625
20
28.157253125
30
0
0
VERTEX
8
0
10
9.7858
20
28.164628125
30
0
0
VERTEX
8
0
10
9.787
20
28.173296875000002
30
0
0
VERTEX
8
0
10
9.787
20
29.434209375000002
30
0
0
VERTEX
8
0
10
9.9357875
20
29.582996875000003
30
0
0
VERTEX
8
0
10
11.654209375
20
29.582996875000003
30
0
0
VERTEX
8
0
10
11.802996875
20
29.434209375000002
30
0
0
VERTEX
8
0
10
11.802996875
20
27.7157875
30
0
0
VERTEX
8
0
10
11.654209375
20
27.567
30
0
0
VERTEX
8
0
10
10.642596875
20
27.567
30
0
0
VERTEX
8
0
10
10.636978125
20
27.5661875
30
0
42
0.3925881563456996
0
VERTEX
8
0
10
10.566396875
20
27.4908
30
0
0
VERTEX
8
0
10
10.566396875
20
26.51588125
30
0
0
VERTEX
8
0
10
10.567612500000001
20
26.507453125
30
0
0
VERTEX
8
0
10
10.56829375
20
26.498987500000002
30
0
42
0.08765396656356698
0
VERTEX
8
0
10
10.578578125
20
26.47455
30
0
0
VERTEX
8
0
10
10.583450000000001
20
26.46895625
30
0
0
VERTEX
8
0
10
10.588715625
20
26.462
30
0
0
VERTEX
8
0
10
11.214096875000001
20
25.83661875
30
0
0
VERTEX
8
0
10
11.214096875000001
20
24.963378125000002
30
0
0
VERTEX
8
0
10
10.596618750000001
20
24.3459
30
0
0
SEQEND
0
POLYLINE
66
1
8
1_copper
10
0.0
20
0.0
30
0.0
70
1
0
VERTEX
8
0
10
8.40739375
20
28.72739375
30
0
0
VERTEX
8
0
10
8.40739375
20
29.571425
30
0
0
VERTEX
8
0
10
8.491037500000001
20
29.558175000000002
30
0
0
VERTEX
8
0
10
8.64195
20
29.50914375
30
0
0
VERTEX
8
0
10
8.783296875
20
29.437121875000003
30
0
0
VERTEX
8
0
10
8.91166875
20
29.343853125000003
30
0
0
VERTEX
8
0
10
9.023853125
20
29.23166875
30
0
0
VERTEX
8
0
10
9.117121875
20
29.103296875
30
0
0
VERTEX
8
0
10
9.189143750000001
20
28.96195
30
0
0
VERTEX
8
0
10
9.238175
20
28.8110375
30
0
0
VERTEX
8
0
10
9.251425000000001
20
28.72739375
30
0
0
SEQEND
0
POLYLINE
66
1
8
1_copper
10
0.0
20
0.0
30
0.0
70
1
0
VERTEX
8
0
10
7.258571875
20
28.72739375
30
0
0
VERTEX
8
0
10
7.2718218750000005
20
28.8110375
30
0
0
VERTEX
8
0
10
7.320853125
20
28.96195
30
0
0
VERTEX
8
0
10
7.392875
20
29.103296875
30
0
0
VERTEX
8
0
10
7.48614375
20
29.23166875
30
0
0
VERTEX
8
0
10
7.598328125
20
29.343853125000003
30
0
0
VERTEX
8
0
10
7.7267
20
29.437121875000003
30
0
0
VERTEX
8
0
10
7.868046875
20
29.50914375
30
0
0
VERTEX
8
0
10
8.018959375
20
29.558175000000002
30
0
0
VERTEX
8
0
10
8.1026
20
29.571421875000002
30
0
0
VERTEX
8
0
10
8.1026
20
28.72739375
30
0
0
SEQEND
0
POLYLINE
66
1
8
1_copper
10
0.0
20
0.0
30
0.0
70
1
0
VERTEX
8
0
10
15.566112500000001
20
27.660600000000002
30
0
0
VERTEX
8
0
10
15.230031250000001
20
27.799809375000002
30
0
0
VERTEX
8
0
10
14.972809375
20
28.05703125
30
0
0
VERTEX
8
0
10
14.8336
20
28.3931125
30
0
0
VERTEX
8
0
10
14.8336
20
28.756884375000002
30
0
0
VERTEX
8
0
10
14.972809375
20
29.092965625
30
0
0
VERTEX
8
0
10
15.230031250000001
20
29.3501875
30
0
0
VERTEX
8
0
10
15.566112500000001
20
29.489396875
30
0
0
VERTEX
8
0
10
17.453884375
20
29.489396875
30
0
0
VERTEX
8
0
10
17.789965625
20
29.3501875
30
0
0
VERTEX
8
0
10
18.0471875
20
29.092965625
30
0
0
VERTEX
8
0
10
18.186396875
20
28.756884375000002
30
0
0
VERTEX
8
0
10
18.186396875
20
28.3931125
30
0
0
VERTEX
8
0
10
18.0471875
20
28.05703125
30
0
0
VERTEX
8
0
10
17.789965625
20
27.799809375000002
30
0
0
VERTEX
8
0
10
17.453884375
20
27.660600000000002
30
0
0
SEQEND
0
POLYLINE
66
1
8
1_copper
10
0.0
20
0.0
30
0.0
70
1
0
VERTEX
8
0
10
8.254984375000001
20
28.574984375
30
0
0
VERTEX
8
0
10
8.254984375000001
20
28.5750125
30
0
0
VERTEX
8
0
10
8.255012500000001
20
28.5750125
30
0
0
VERTEX
8
0
10
8.255012500000001
20
28.574984375
30
0
0
SEQEND
0
POLYLINE
66
1
8
1_copper
10
0.0
20
0.0
30
0.0
70
1
0
VERTEX
8
0
10
8.40739375
20
28.422600000000003
30
0
0
VERTEX
8
0
10
9.251421875
20
28.422600000000003
30
0
0
VERTEX
8
0
10
9.238175
20
28.338959375
30
0
0
VERTEX
8
0
10
9.189143750000001
20
28.188046875
30
0
0
VERTEX
8
0
10
9.117121875
20
28.0467
30
0
0
VERTEX
8
0
10
9.023853125
20
27.918328125000002
30
0
0
VERTEX
8
0
10
8.91166875
20
27.80614375
30
0
0
VERTEX
8
0
10
8.783296875
20
27.712875
30
0
0
VERTEX
8
0
10
8.64195
20
27.640853125
30
0
0
VERTEX
8
0
10
8.491037500000001
20
27.591821875
30
0
0
VERTEX
8
0
10
8.40739375
20
27.578571875
30
0
0
SEQEND
0
POLYLINE
66
1
8
1_copper
10
0.0
20
0.0
30
0.0
70
1
0
VERTEX
8
0
10
8.018959375
20
27.591821875
30
0
0
VERTEX
8
0
10
7.868046875
20
27.640853125
30
0
0
VERTEX
8
0
10
7.7267
20
27.712875
30
0
0
VERTEX
8
0
10
7.598328125
20
27.80614375
30
0
0
VERTEX
8
0
10
7.48614375
20
27.918328125000002
30
0
0
VERTEX
8
0
10
7.392875
20
28.0467
30
0
0
VERTEX
8
0
10
7.320853125
20
28.188046875
30
0
0
VERTEX
8
0
10
7.2718218750000005
20
28.338959375
30
0
0
VERTEX
8
0
10
7.258575
20
28.422600000000003
30
0
0
VERTEX
8
0
10
8.1026
20
28.422600000000003
30
0
0
VERTEX
8
0
10
8.1026
20
27.578575
30
0
0
SEQEND
0
POLYLINE
66
1
8
1_copper
10
0.0
20
0.0
30
0.0
70
1
0
VERTEX
8
0
10
27.001409375
20
24.2951
30
0
0
VERTEX
8
0
10
26.338590625000002
20
24.2951
30
0
0
VERTEX
8
0
10
25.8699
20
23.826409375
30
0
0
VERTEX
8
0
10
25.8699
20
23.647393750000003
30
0
0
VERTEX
8
0
10
25.58974375
20
23.647393750000003
30
0
0
VERTEX
8
0
10
25.581315625000002
20
23.646178125000002
30
0
0
VERTEX
8
0
10
25.572850000000003
20
23.645496875000003
30
0
42
0.08765396656356698
0
VERTEX
8
0
10
25.5484125
20
23.6352125
30
0
0
VERTEX
8
0
10
25.542818750000002
20
23.630340625000002
30
0
0
VERTEX
8
0
10
25.5358625
20
23.625075000000002
30
0
0
VERTEX
8
0
10
25.177187500000002
20
23.2664
30
0
0
VERTEX
8
0
10
25.158696875
20
23.2664
30
0
42
0.41421356237309503
0
VERTEX
8
0
10
25.082496875
20
23.1902
30
0
0
VERTEX
8
0
10
25.082496875
20
23.100459375
30
0
0
VERTEX
8
0
10
24.5245375
20
22.5425
30
0
0
VERTEX
8
0
10
23.735459375
20
22.5425
30
0
0
VERTEX
8
0
10
23.218678125
20
23.059284375
30
0
0
VERTEX
8
0
10
23.2164
20
23.0609875
30
0
0
VERTEX
8
0
10
23.21451875
20
23.063146875
30
0
42
0.5484095900174472
0
VERTEX
8
0
10
23.091465625
20
23.026109375
30
0
0
VERTEX
8
0
10
23.090265625
20
23.017446875
30
0
0
VERTEX
8
0
10
23.08875
20
23.01020625
30
0
42
0.015770375218223928
0
VERTEX
8
0
10
23.088596875
20
23.005403125
30
0
0
VERTEX
8
0
10
23.088596875
20
15.462809375
30
0
0
VERTEX
8
0
10
22.72458125
20
15.09879375
30
0
0
VERTEX
8
0
10
22.719509375
20
15.092009375
30
0
0
VERTEX
8
0
10
22.713975
20
15.085509375
30
0
42
0.08765145259213399
0
VERTEX
8
0
10
22.703971875
20
15.06095625
30
0
0
VERTEX
8
0
10
22.7034625
20
15.05358125
30
0
0
VERTEX
8
0
10
22.7022625
20
15.0449125
30
0
0
VERTEX
8
0
10
22.7022625
20
13.6611125
30
0
0
VERTEX
8
0
10
22.563053125
20
13.32503125
30
0
0
VERTEX
8
0
10
22.30583125
20
13.067809375000001
30
0
0
VERTEX
8
0
10
21.96975
20
12.928600000000001
30
0
0
VERTEX
8
0
10
21.605978125
20
12.928600000000001
30
0
0
VERTEX
8
0
10
21.269896875
20
13.067809375000001
30
0
0
VERTEX
8
0
10
21.012675
20
13.32503125
30
0
0
VERTEX
8
0
10
20.873465625
20
13.6611125
30
0
0
VERTEX
8
0
10
20.873465625
20
15.548884375
30
0
0
VERTEX
8
0
10
21.012675
20
15.884965625000001
30
0
0
VERTEX
8
0
10
21.269896875
20
16.142187500000002
30
0
0
VERTEX
8
0
10
21.605978125
20
16.281396875000002
30
0
0
VERTEX
8
0
10
21.96975
20
16.281396875000002
30
0
0
VERTEX
8
0
10
22.30583125
20
16.142187500000002
30
0
0
VERTEX
8
0
10
22.50131875
20
15.946696875
30
0
0
VERTEX
8
0
10
22.503596875
20
15.94499375
30
0
0
VERTEX
8
0
10
22.505478125
20
15.942834375
30
0
42
0.5484095900174472
0
VERTEX
8
0
10
22.62853125
20
15.979871875
30
0
0
VERTEX
8
0
10
22.629731250000003
20
15.988534375
30
0
0
VERTEX
8
0
10
22.631246875000002
20
15.995775
30
0
42
0.015770375218223928
0
VERTEX
8
0
10
22.631400000000003
20
16.000578125
30
0
0
VERTEX
8
0
10
22.631400000000003
20
22.861721875
30
0
0
VERTEX
8
0
10
22.630990625000003
20
22.864553125
30
0
0
VERTEX
8
0
10
22.6311875
20
22.86739375
30
0
42
0.548409711059846
0
VERTEX
8
0
10
22.5179875
20
22.928218750000003
30
0
0
VERTEX
8
0
10
22.51101875
20
22.92294375
30
0
0
VERTEX
8
0
10
22.504821875
20
22.918893750000002
30
0
42
0.015772426617527556
0
VERTEX
8
0
10
22.50131875
20
22.915603125
30
0
0
VERTEX
8
0
10
22.02661875
20
22.440900000000003
30
0
0
VERTEX
8
0
10
21.74239375
20
22.440900000000003
30
0
0
VERTEX
8
0
10
21.74239375
20
22.6949
30
0
0
VERTEX
8
0
10
21.921409375
20
22.6949
30
0
0
VERTEX
8
0
10
22.3901
20
23.163590625
30
0
0
VERTEX
8
0
10
22.3901
20
23.826409375
30
0
0
VERTEX
8
0
10
21.921409375
20
24.2951
30
0
0
VERTEX
8
0
10
21.74239375
20
24.2951
30
0
0
VERTEX
8
0
10
21.74239375
20
24.549096875
30
0
0
VERTEX
8
0
10
22.02661875
20
24.549096875
30
0
0
VERTEX
8
0
10
22.59608125
20
23.97963125
30
0
0
VERTEX
8
0
10
22.600631250000003
20
23.976228125000002
30
0
42
0.39256960445629635
0
VERTEX
8
0
10
22.70384375
20
23.97963125
30
0
0
VERTEX
8
0
10
24.831581250000003
20
26.107368750000003
30
0
0
VERTEX
8
0
10
24.8348875
20
26.111790625
30
0
0
VERTEX
8
0
10
24.83544375
20
26.112275
30
0
0
VERTEX
8
0
10
24.8365625
20
26.11403125
30
0
0
VERTEX
8
0
10
24.836653125
20
26.114153125
30
0
0
VERTEX
8
0
10
24.8421875
20
26.120653125
30
0
42
0.015769721011977475
0
VERTEX
8
0
10
24.844615625
20
26.1248
30
0
0
VERTEX
8
0
10
24.846271875000003
20
26.129265625000002
30
0
0
VERTEX
8
0
10
24.84714375
20
26.13063125
30
0
0
VERTEX
8
0
10
24.84810625
20
26.133965625000002
30
0
0
VERTEX
8
0
10
24.851031250000002
20
26.140543750000003
30
0
42
0.015766932116074574
0
VERTEX
8
0
10
24.852190625000002
20
26.14520625
30
0
0
VERTEX
8
0
10
24.852453125
20
26.149025
30
0
0
VERTEX
8
0
10
24.853181250000002
20
26.151543750000002
30
0
0
VERTEX
8
0
10
24.85315625
20
26.15588125
30
0
0
VERTEX
8
0
10
24.8539
20
26.161250000000003
30
0
0
VERTEX
8
0
10
24.8539
20
27.839153125000003
30
0
0
VERTEX
8
0
10
24.853490625000003
20
27.841984375000003
30
0
42
0.018641165181013414
0
VERTEX
8
0
10
24.853068750000002
20
27.847621875
30
0
0
VERTEX
8
0
10
24.85305625
20
27.849712500000003
30
0
0
VERTEX
8
0
10
24.851750000000003
20
27.854053125
30
0
0
VERTEX
8
0
10
24.850790625000002
20
27.860696875000002
30
0
42
0.018629569271228993
0
VERTEX
8
0
10
24.848984375
20
27.866078125
30
0
0
VERTEX
8
0
10
24.847103125
20
27.869484375000003
30
0
0
VERTEX
8
0
10
24.846781250000003
20
27.87055625
30
0
0
VERTEX
8
0
10
24.845071875000002
20
27.873171875
30
0
0
VERTEX
8
0
10
24.841718750000002
20
27.880484375
30
0
42
0.01863090176049452
0
VERTEX
8
0
10
24.838462500000002
20
27.885134375
30
0
0
VERTEX
8
0
10
24.835040625
20
27.888518750000003
30
0
0
VERTEX
8
0
10
24.834871875
20
27.888775000000003
30
0
0
VERTEX
8
0
10
24.8342125
20
27.8893375
30
0
0
VERTEX
8
0
10
24.8327375
20
27.89079375
30
0
0
VERTEX
8
0
10
24.827421875000002
20
27.896896875000003
30
0
42
0.23795779222298255
0
VERTEX
8
0
10
24.76080625
20
27.913456250000003
30
0
0
VERTEX
8
0
10
24.755850000000002
20
27.911553125
30
0
0
VERTEX
8
0
10
24.7554
20
27.9114875
30
0
0
VERTEX
8
0
10
24.75394375
20
27.91081875
30
0
0
VERTEX
8
0
10
24.753275000000002
20
27.9105625
30
0
0
VERTEX
8
0
10
24.745540625
20
27.908234375000003
30
0
42
0.018627242384551223
0
VERTEX
8
0
10
24.7404875
20
27.90565
30
0
0
VERTEX
8
0
10
24.737137500000003
20
27.903115625
30
0
0
VERTEX
8
0
10
24.735612500000002
20
27.902415625
30
0
0
VERTEX
8
0
10
24.732525000000003
20
27.899725
30
0
0
VERTEX
8
0
10
24.727321875
20
27.896325
30
0
42
0.015772426617527556
0
VERTEX
8
0
10
24.72381875
20
27.893034375000003
30
0
0
VERTEX
8
0
10
21.45991875
20
24.62913125
30
0
0
VERTEX
8
0
10
21.454846875
20
24.622346875
30
0
0
VERTEX
8
0
10
21.4493125
20
24.615846875000003
30
0
42
0.08765145259213399
0
VERTEX
8
0
10
21.439309375
20
24.591293750000002
30
0
0
VERTEX
8
0
10
21.4388
20
24.583918750000002
30
0
0
VERTEX
8
0
10
21.4376
20
24.57525
30
0
0
VERTEX
8
0
10
21.4376
20
24.2951
30
0
0
VERTEX
8
0
10
21.258590625
20
24.2951
30
0
0
VERTEX
8
0
10
20.7899
20
23.826409375
30
0
0
VERTEX
8
0
10
20.7899
20
23.647393750000003
30
0
0
VERTEX
8
0
10
20.509743750000002
20
23.647393750000003
30
0
0
VERTEX
8
0
10
20.501315625
20
23.646178125000002
30
0
0
VERTEX
8
0
10
20.49285
20
23.645496875000003
30
0
42
0.08765396656356698
0
VERTEX
8
0
10
20.4684125
20
23.6352125
30
0
0
VERTEX
8
0
10
20.46281875
20
23.630340625000002
30
0
0
VERTEX
8
0
10
20.455862500000002
20
23.625075000000002
30
0
0
VERTEX
8
0
10
17.078415625
20
20.247628125000002
30
0
0
VERTEX
8
0
10
17.07334375
20
20.24084375
30
0
0
VERTEX
8
0
10
17.067809375
20
20.23434375
30
0
42
0.08765145259213399
0
VERTEX
8
0
10
17.057806250000002
20
20.209790625
30
0
0
VERTEX
8
0
10
17.057296875000002
20
20.202415625
30
0
0
VERTEX
8
0
10
17.056096875
20
20.193746875000002
30
0
0
VERTEX
8
0
10
17.056096875
20
16.26340625
30
0
0
VERTEX
8
0
10
17.056334375000002
20
16.26176875
30
0
0
VERTEX
8
0
10
17.05616875
20
16.26013125
30
0
42
0.21835303827521493
0
VERTEX
8
0
10
17.085103125
20
16.203578125
30
0
0
VERTEX
8
0
10
17.09434375
20
16.198159375
30
0
0
VERTEX
8
0
10
17.100931250000002
20
16.1939625
30
0
42
0.007889569284554799
0
VERTEX
8
0
10
17.103137500000003
20
16.19300625
30
0
0
VERTEX
8
0
10
17.225831250000002
20
16.142187500000002
30
0
0
VERTEX
8
0
10
17.483053125
20
15.884965625000001
30
0
0
VERTEX
8
0
10
17.6222625
20
15.548884375
30
0
0
VERTEX
8
0
10
17.6222625
20
13.863725
30
0
0
VERTEX
8
0
10
17.622671875
20
13.86089375
30
0
0
VERTEX
8
0
10
17.622475
20
13.858053125000001
30
0
42
0.548409711059846
0
VERTEX
8
0
10
17.735675
20
13.797228125
30
0
0
VERTEX
8
0
10
17.74264375
20
13.802503125000001
30
0
0
VERTEX
8
0
10
17.748840625
20
13.806553125
30
0
42
0.015772426617527556
0
VERTEX
8
0
10
17.75234375
20
13.80984375
30
0
0
VERTEX
8
0
10
18.311146875000002
20
14.368646875000001
30
0
0
VERTEX
8
0
10
18.31621875
20
14.37543125
30
0
0
VERTEX
8
0
10
18.321753125
20
14.381931250000001
30
0
42
0.08765145259213399
0
VERTEX
8
0
10
18.33175625
20
14.406484375000002
30
0
0
VERTEX
8
0
10
18.332265625
20
14.413859375000001
30
0
0
VERTEX
8
0
10
18.332587500000002
20
14.416193750000001
30
0
42
0.0037374490568030175
0
VERTEX
8
0
10
18.332743750000002
20
14.417315625
30
0
0
VERTEX
8
0
10
18.333465625000002
20
14.422528125000001
30
0
0
VERTEX
8
0
10
18.333465625000002
20
15.548884375
30
0
0
VERTEX
8
0
10
18.472675000000002
20
15.884965625000001
30
0
0
VERTEX
8
0
10
18.729896875
20
16.142187500000002
30
0
0
VERTEX
8
0
10
19.065978125
20
16.281396875000002
30
0
0
VERTEX
8
0
10
19.429750000000002
20
16.281396875000002
30
0
0
VERTEX
8
0
10
19.76583125
20
16.142187500000002
30
0
0
VERTEX
8
0
10
20.023053125
20
15.884965625000001
30
0
0
VERTEX
8
0
10
20.1622625
20
15.548884375
30
0
0
VERTEX
8
0
10
20.1622625
20
13.6611125
30
0
0
VERTEX
8
0
10
20.023053125
20
13.32503125
30
0
0
VERTEX
8
0
10
19.76583125
20
13.067809375000001
30
0
0
VERTEX
8
0
10
19.429750000000002
20
12.928600000000001
30
0
0
VERTEX
8
0
10
19.065978125
20
12.928600000000001
30
0
0
VERTEX
8
0
10
18.729896875
20
13.067809375000001
30
0
0
VERTEX
8
0
10
18.472675000000002
20
13.32503125
30
0
0
VERTEX
8
0
10
18.41584375
20
13.462240625000002
30
0
0
VERTEX
8
0
10
18.410878125
20
13.470603125
30
0
0
VERTEX
8
0
10
18.40620625
20
13.479062500000001
30
0
42
0.3834763853360074
0
VERTEX
8
0
10
18.306153125
20
13.498371875
30
0
0
VERTEX
8
0
10
18.3000625
20
13.493393750000001
30
0
0
VERTEX
8
0
10
18.2915625
20
13.4869625
30
0
0
VERTEX
8
0
10
17.380678125
20
12.576078125
30
0
0
VERTEX
8
0
10
17.378975
20
12.5738
30
0
0
VERTEX
8
0
10
17.376815625000003
20
12.57191875
30
0
42
0.5484095900174472
0
VERTEX
8
0
10
17.413853125
20
12.448865625
30
0
0
VERTEX
8
0
10
17.422515625
20
12.447665625
30
0
0
VERTEX
8
0
10
17.42975625
20
12.446150000000001
30
0
42
0.015770375218223928
0
VERTEX
8
0
10
17.434559375
20
12.445996875
30
0
0
VERTEX
8
0
10
28.639253125
20
12.445996875
30
0
0
VERTEX
8
0
10
28.64208125
20
12.44640625
30
0
0
VERTEX
8
0
10
28.644928125
20
12.446209375
30
0
42
0.5484029245774737
0
VERTEX
8
0
10
28.705746875000003
20
12.559409375000001
30
0
0
VERTEX
8
0
10
28.700481250000003
20
12.56636875
30
0
0
VERTEX
8
0
10
28.696425
20
12.572575
30
0
42
0.015779677950596642
0
VERTEX
8
0
10
28.693134375
20
12.576081250000001
30
0
0
VERTEX
8
0
10
28.64158125
20
12.62763125
30
0
0
VERTEX
8
0
10
28.64156875
20
12.627640625
30
0
0
VERTEX
8
0
10
27.811890625
20
13.457321875
30
0
0
VERTEX
8
0
10
27.804134375
20
13.463121875
30
0
0
VERTEX
8
0
10
27.79655
20
13.469175
30
0
42
0.3834733377546366
0
VERTEX
8
0
10
27.696725
20
13.448725000000001
30
0
0
VERTEX
8
0
10
27.693003125
20
13.4418
30
0
0
VERTEX
8
0
10
27.687609375
20
13.4326
30
0
0
VERTEX
8
0
10
27.643053125
20
13.32503125
30
0
0
VERTEX
8
0
10
27.385831250000003
20
13.067809375000001
30
0
0
VERTEX
8
0
10
27.049750000000003
20
12.928600000000001
30
0
0
VERTEX
8
0
10
26.685978125000002
20
12.928600000000001
30
0
0
VERTEX
8
0
10
26.349896875000002
20
13.067809375000001
30
0
0
VERTEX
8
0
10
26.092675
20
13.32503125
30
0
0
VERTEX
8
0
10
25.953465625
20
13.6611125
30
0
0
VERTEX
8
0
10
25.953465625
20
15.548884375
30
0
0
VERTEX
8
0
10
26.092675
20
15.884965625000001
30
0
0
VERTEX
8
0
10
26.349896875000002
20
16.142187500000002
30
0
0
VERTEX
8
0
10
26.685978125000002
20
16.281396875000002
30
0
0
VERTEX
8
0
10
27.049750000000003
20
16.281396875000002
30
0
0
VERTEX
8
0
10
27.385831250000003
20
16.142187500000002
30
0
0
VERTEX
8
0
10
27.643053125
20
15.884965625000001
30
0
0
VERTEX
8
0
10
27.7822625
20
15.548884375
30
0
0
VERTEX
8
0
10
27.7822625
20
14.165084375000001
30
0
0
VERTEX
8
0
10
27.783478125000002
20
14.156656250000001
30
0
0
VERTEX
8
0
10
27.784159375
20
14.148190625
30
0
42
0.08765396656356698
0
VERTEX
8
0
10
27.794443750000003
20
14.123753125
30
0
0
VERTEX
8
0
10
27.799315625000002
20
14.118159375000001
30
0
0
VERTEX
8
0
10
27.804581250000002
20
14.111203125000001
30
0
0
VERTEX
8
0
10
28.39144375
20
13.524340625
30
0
0
VERTEX
8
0
10
28.39695
20
13.520221875
30
0
0
VERTEX
8
0
10
28.402
20
13.5155375
30
0
42
0.7477690781757764
0
VERTEX
8
0
10
28.515725
20
13.607384375
30
0
0
VERTEX
8
0
10
28.493465625000002
20
13.66111875
30
0
0
VERTEX
8
0
10
28.493465625000002
20
15.548884375
30
0
0
VERTEX
8
0
10
28.632675000000003
20
15.884965625000001
30
0
0
VERTEX
8
0
10
28.889896875
20
16.142187500000002
30
0
0
VERTEX
8
0
10
29.225978125
20
16.281396875000002
30
0
0
VERTEX
8
0
10
29.589750000000002
20
16.281396875000002
30
0
0
VERTEX
8
0
10
29.92583125
20
16.142187500000002
30
0
0
VERTEX
8
0
10
30.183053125
20
15.884965625000001
30
0
0
VERTEX
8
0
10
30.3222625
20
15.548884375
30
0
0
VERTEX
8
0
10
30.3222625
20
13.6611125
30
0
0
VERTEX
8
0
10
30.183053125
20
13.32503125
30
0
0
VERTEX
8
0
10
29.916696875000003
20
13.058678125
30
0
0
VERTEX
8
0
10
29.91499375
20
13.0564
30
0
0
VERTEX
8
0
10
29.912834375000003
20
13.054518750000002
30
0
42
0.5484095900174472
0
VERTEX
8
0
10
29.949871875000003
20
12.931465625000001
30
0
0
VERTEX
8
0
10
29.958534375000003
20
12.930265625
30
0
0
VERTEX
8
0
10
29.965775
20
12.92875
30
0
42
0.015770375218223928
0
VERTEX
8
0
10
29.970578125000003
20
12.928596875
30
0
0
VERTEX
8
0
10
31.385150000000003
20
12.928596875
30
0
0
VERTEX
8
0
10
31.387981250000003
20
12.92900625
30
0
0
VERTEX
8
0
10
31.390821875
20
12.928809375
30
0
42
0.548409711059846
0
VERTEX
8
0
10
31.451646875
20
13.042009375000001
30
0
0
VERTEX
8
0
10
31.446371875
20
13.048978125000001
30
0
0
VERTEX
8
0
10
31.442321875
20
13.055175
30
0
42
0.015772426617527556
0
VERTEX
8
0
10
31.439031250000003
20
13.058678125
30
0
0
VERTEX
8
0
10
31.172675
20
13.32503125
30
0
0
VERTEX
8
0
10
31.033465625
20
13.6611125
30
0
0
VERTEX
8
0
10
31.033465625
20
15.548884375
30
0
0
VERTEX
8
0
10
31.172675
20
15.884965625000001
30
0
0
VERTEX
8
0
10
31.429896875
20
16.142187500000002
30
0
0
VERTEX
8
0
10
31.76773125
20
16.282121875
30
0
0
VERTEX
8
0
10
31.768318750000002
20
16.282209375
30
0
42
0.3925881563456996
0
VERTEX
8
0
10
31.838900000000002
20
16.357596875000002
30
0
0
VERTEX
8
0
10
31.838900000000002
20
20.511246875
30
0
0
VERTEX
8
0
10
31.837684375000002
20
20.519675
30
0
0
VERTEX
8
0
10
31.837003125000003
20
20.528140625000002
30
0
42
0.08765396656356698
0
VERTEX
8
0
10
31.82671875
20
20.552578125
30
0
0
VERTEX
8
0
10
31.821846875000002
20
20.558171875
30
0
0
VERTEX
8
0
10
31.816581250000002
20
20.565128125
30
0
0
VERTEX
8
0
10
29.775753125
20
22.605956250000002
30
0
0
VERTEX
8
0
10
29.771193750000002
20
22.609365625000002
30
0
42
0.39252692588609156
0
VERTEX
8
0
10
29.667990625
20
22.605956250000002
30
0
0
VERTEX
8
0
10
29.604537500000003
20
22.5425
30
0
0
VERTEX
8
0
10
28.815459375
20
22.5425
30
0
0
VERTEX
8
0
10
28.2575
20
23.100459375
30
0
0
VERTEX
8
0
10
28.2575
20
23.8895375
30
0
0
VERTEX
8
0
10
28.320956250000002
20
23.952990625
30
0
0
VERTEX
8
0
10
28.324359375
20
23.957540625
30
0
42
0.39256960445629635
0
VERTEX
8
0
10
28.320956250000002
20
24.060753125
30
0
0
VERTEX
8
0
10
27.867628125000003
20
24.51408125
30
0
0
VERTEX
8
0
10
27.86084375
20
24.519153125000003
30
0
0
VERTEX
8
0
10
27.85434375
20
24.524687500000002
30
0
42
0.08765145259213399
0
VERTEX
8
0
10
27.829790625
20
24.534690625
30
0
0
VERTEX
8
0
10
27.822415625
20
24.5352
30
0
0
VERTEX
8
0
10
27.813746875
20
24.5364
30
0
0
VERTEX
8
0
10
27.303275000000003
20
24.5364
30
0
0
VERTEX
8
0
10
27.300443750000003
20
24.535990625
30
0
0
VERTEX
8
0
10
27.297603125000002
20
24.5361875
30
0
42
0.548409711059846
0
VERTEX
8
0
10
27.236778125
20
24.4229875
30
0
0
VERTEX
8
0
10
27.242053125
20
24.416018750000003
30
0
0
VERTEX
8
0
10
27.246103125
20
24.409821875000002
30
0
42
0.015772426617527556
0
VERTEX
8
0
10
27.249393750000003
20
24.40631875
30
0
0
VERTEX
8
0
10
27.724096875
20
23.931618750000002
30
0
0
VERTEX
8
0
10
27.724096875
20
23.647393750000003
30
0
0
VERTEX
8
0
10
27.470100000000002
20
23.647393750000003
30
0
0
VERTEX
8
0
10
27.470100000000002
20
23.826409375
30
0
0
SEQEND
0
POLYLINE
66
1
8
1_copper
10
0.0
20
0.0
30
0.0
70
1
0
VERTEX
8
0
10
31.9659
20
26.82239375
30
0
0
VERTEX
8
0
10
31.9659
20
27.106618750000003
30
0
0
VERTEX
8
0
10
32.583378125
20
27.724096875
30
0
0
VERTEX
8
0
10
32.8676
20
27.724096875
30
0
0
VERTEX
8
0
10
32.8676
20
27.470100000000002
30
0
0
VERTEX
8
0
10
32.688590625
20
27.470100000000002
30
0
0
VERTEX
8
0
10
32.2199
20
27.001409375
30
0
0
VERTEX
8
0
10
32.2199
20
26.82239375
30
0
0
SEQEND
0
POLYLINE
66
1
8
1_copper
10
0.0
20
0.0
30
0.0
70
1
0
VERTEX
8
0
10
32.583378125
20
25.6159
30
0
0
VERTEX
8
0
10
31.9659
20
26.233378125
30
0
0
VERTEX
8
0
10
31.9659
20
26.5176
30
0
0
VERTEX
8
0
10
32.2199
20
26.5176
30
0
0
VERTEX
8
0
10
32.2199
20
26.338590625000002
30
0
0
VERTEX
8
0
10
32.688590625
20
25.8699
30
0
0
VERTEX
8
0
10
32.8676
20
25.8699
30
0
0
VERTEX
8
0
10
32.8676
20
25.6159
30
0
0
SEQEND
0
POLYLINE
66
1
8
1_copper
10
0.0
20
0.0
30
0.0
70
1
0
VERTEX
8
0
10
11.645900000000001
20
25.55239375
30
0
0
VERTEX
8
0
10
11.645900000000001
20
25.83661875
30
0
0
VERTEX
8
0
10
12.263378125000001
20
26.454096875
30
0
0
VERTEX
8
0
10
12.547600000000001
20
26.454096875
30
0
0
VERTEX
8
0
10
12.547600000000001
20
26.200100000000003
30
0
0
VERTEX
8
0
10
12.368590625000001
20
26.200100000000003
30
0
0
VERTEX
8
0
10
11.8999
20
25.731409375000002
30
0
0
VERTEX
8
0
10
11.8999
20
25.55239375
30
0
0
SEQEND
0
POLYLINE
66
1
8
1_copper
10
0.0
20
0.0
30
0.0
70
1
0
VERTEX
8
0
10
7.785100000000001
20
25.55239375
30
0
0
VERTEX
8
0
10
7.785100000000001
20
25.731409375000002
30
0
0
VERTEX
8
0
10
7.316409375
20
26.200100000000003
30
0
0
VERTEX
8
0
10
7.13739375
20
26.200100000000003
30
0
0
VERTEX
8
0
10
7.13739375
20
26.454096875
30
0
0
VERTEX
8
0
10
7.42161875
20
26.454096875
30
0
0
VERTEX
8
0
10
8.039096875
20
25.83661875
30
0
0
VERTEX
8
0
10
8.039096875
20
25.55239375
30
0
0
SEQEND
0
POLYLINE
66
1
8
1_copper
10
0.0
20
0.0
30
0.0
70
1
0
VERTEX
8
0
10
5.9309
20
25.55239375
30
0
0
VERTEX
8
0
10
5.9309
20
25.83661875
30
0
0
VERTEX
8
0
10
6.548378125
20
26.454096875
30
0
0
VERTEX
8
0
10
6.8326
20
26.454096875
30
0
0
VERTEX
8
0
10
6.8326
20
26.200100000000003
30
0
0
VERTEX
8
0
10
6.6535906250000005
20
26.200100000000003
30
0
0
VERTEX
8
0
10
6.184900000000001
20
25.731409375000002
30
0
0
VERTEX
8
0
10
6.184900000000001
20
25.55239375
30
0
0
SEQEND
0
POLYLINE
66
1
8
1_copper
10
0.0
20
0.0
30
0.0
70
1
0
VERTEX
8
0
10
13.5001
20
25.55239375
30
0
0
VERTEX
8
0
10
13.5001
20
25.731409375000002
30
0
0
VERTEX
8
0
10
13.031409375
20
26.200100000000003
30
0
0
VERTEX
8
0
10
12.852393750000001
20
26.200100000000003
30
0
0
VERTEX
8
0
10
12.852393750000001
20
26.454096875
30
0
0
VERTEX
8
0
10
13.13661875
20
26.454096875
30
0
0
VERTEX
8
0
10
13.754096875
20
25.83661875
30
0
0
VERTEX
8
0
10
13.754096875
20
25.55239375
30
0
0
SEQEND
0
POLYLINE
66
1
8
1_copper
10
0.0
20
0.0
30
0.0
70
1
0
VERTEX
8
0
10
6.548378125
20
24.3459
30
0
0
VERTEX
8
0
10
5.9309
20
24.963378125000002
30
0
0
VERTEX
8
0
10
5.9309
20
25.247600000000002
30
0
0
VERTEX
8
0
10
6.184900000000001
20
25.247600000000002
30
0
0
VERTEX
8
0
10
6.184900000000001
20
25.068590625000002
30
0
0
VERTEX
8
0
10
6.6535906250000005
20
24.5999
30
0
0
VERTEX
8
0
10
6.8326
20
24.5999
30
0
0
VERTEX
8
0
10
6.8326
20
24.3459
30
0
0
SEQEND
0
POLYLINE
66
1
8
1_copper
10
0.0
20
0.0
30
0.0
70
1
0
VERTEX
8
0
10
12.263378125000001
20
24.3459
30
0
0
VERTEX
8
0
10
11.645900000000001
20
24.963378125000002
30
0
0
VERTEX
8
0
10
11.645900000000001
20
25.247600000000002
30
0
0
VERTEX
8
0
10
11.8999
20
25.247600000000002
30
0
0
VERTEX
8
0
10
11.8999
20
25.068590625000002
30
0
0
VERTEX
8
0
10
12.368590625000001
20
24.5999
30
0
0
VERTEX
8
0
10
12.547600000000001
20
24.5999
30
0
0
VERTEX
8
0
10
12.547600000000001
20
24.3459
30
0
0
SEQEND
0
POLYLINE
66
1
8
1_copper
10
0.0
20
0.0
30
0.0
70
1
0
VERTEX
8
0
10
12.852393750000001
20
24.3459
30
0
0
VERTEX
8
0
10
12.852393750000001
20
24.5999
30
0
0
VERTEX
8
0
10
13.031409375
20
24.5999
30
0
0
VERTEX
8
0
10
13.5001
20
25.068590625000002
30
0
0
VERTEX
8
0
10
13.5001
20
25.247600000000002
30
0
0
VERTEX
8
0
10
13.754093750000001
20
25.247600000000002
30
0
0
VERTEX
8
0
10
13.754096875
20
24.963378125000002
30
0
0
VERTEX
8
0
10
13.13661875
20
24.3459
30
0
0
SEQEND
0
POLYLINE
66
1
8
1_copper
10
0.0
20
0.0
30
0.0
70
1
0
VERTEX
8
0
10
7.13739375
20
24.3459
30
0
0
VERTEX
8
0
10
7.13739375
20
24.5999
30
0
0
VERTEX
8
0
10
7.316409375
20
24.5999
30
0
0
VERTEX
8
0
10
7.785100000000001
20
25.068590625000002
30
0
0
VERTEX
8
0
10
7.785100000000001
20
25.247600000000002
30
0
0
VERTEX
8
0
10
8.039093750000001
20
25.247600000000002
30
0
0
VERTEX
8
0
10
8.039096875
20
24.963378125000002
30
0
0
VERTEX
8
0
10
7.42161875
20
24.3459
30
0
0
SEQEND
0
POLYLINE
66
1
8
1_copper
10
0.0
20
0.0
30
0.0
70
1
0
VERTEX
8
0
10
31.9659
20
24.28239375
30
0
0
VERTEX
8
0
10
31.9659
20
24.56661875
30
0
0
VERTEX
8
0
10
32.583378125
20
25.184096875
30
0
0
VERTEX
8
0
10
32.8676
20
25.184096875
30
0
0
VERTEX
8
0
10
32.8676
20
24.9301
30
0
0
VERTEX
8
0
10
32.688590625
20
24.9301
30
0
0
VERTEX
8
0
10
32.2199
20
24.461409375000002
30
0
0
VERTEX
8
0
10
32.2199
20
24.28239375
30
0
0
SEQEND
0
POLYLINE
66
1
8
1_copper
10
0.0
20
0.0
30
0.0
70
1
0
VERTEX
8
0
10
32.583378125
20
23.0759
30
0
0
VERTEX
8
0
10
31.9659
20
23.693378125000002
30
0
0
VERTEX
8
0
10
31.9659
20
23.977600000000002
30
0
0
VERTEX
8
0
10
32.2199
20
23.977600000000002
30
0
0
VERTEX
8
0
10
32.2199
20
23.798590625000003
30
0
0
VERTEX
8
0
10
32.688590625
20
23.329900000000002
30
0
0
VERTEX
8
0
10
32.8676
20
23.329900000000002
30
0
0
VERTEX
8
0
10
32.8676
20
23.0759
30
0
0
SEQEND
0
POLYLINE
66
1
8
1_copper
10
0.0
20
0.0
30
0.0
70
1
0
VERTEX
8
0
10
26.233378125
20
22.440900000000003
30
0
0
VERTEX
8
0
10
25.6159
20
23.058378125
30
0
0
VERTEX
8
0
10
25.6159
20
23.3426
30
0
0
VERTEX
8
0
10
25.8699
20
23.3426
30
0
0
VERTEX
8
0
10
25.8699
20
23.163590625
30
0
0
VERTEX
8
0
10
26.338590625000002
20
22.6949
30
0
0
VERTEX
8
0
10
26.5176
20
22.6949
30
0
0
VERTEX
8
0
10
26.5176
20
22.440900000000003
30
0
0
SEQEND
0
POLYLINE
66
1
8
1_copper
10
0.0
20
0.0
30
0.0
70
1
0
VERTEX
8
0
10
21.153378125
20
22.440900000000003
30
0
0
VERTEX
8
0
10
20.5359
20
23.058378125
30
0
0
VERTEX
8
0
10
20.5359
20
23.3426
30
0
0
VERTEX
8
0
10
20.7899
20
23.3426
30
0
0
VERTEX
8
0
10
20.7899
20
23.163590625
30
0
0
VERTEX
8
0
10
21.258590625
20
22.6949
30
0
0
VERTEX
8
0
10
21.4376
20
22.6949
30
0
0
VERTEX
8
0
10
21.4376
20
22.440900000000003
30
0
0
SEQEND
0
POLYLINE
66
1
8
1_copper
10
0.0
20
0.0
30
0.0
70
1
0
VERTEX
8
0
10
26.82239375
20
22.440900000000003
30
0
0
VERTEX
8
0
10
26.82239375
20
22.6949
30
0
0
VERTEX
8
0
10
27.001409375
20
22.6949
30
0
0
VERTEX
8
0
10
27.470100000000002
20
23.163590625
30
0
0
VERTEX
8
0
10
27.470100000000002
20
23.3426
30
0
0
VERTEX
8
0
10
27.72409375
20
23.3426
30
0
0
VERTEX
8
0
10
27.724096875
20
23.058378125
30
0
0
VERTEX
8
0
10
27.106618750000003
20
22.440900000000003
30
0
0
SEQEND
0
POLYLINE
66
1
8
1_copper
10
0.0
20
0.0
30
0.0
70
1
0
VERTEX
8
0
10
13.151865625000001
20
14.75739375
30
0
0
VERTEX
8
0
10
13.151865625000001
20
15.446953125
30
0
0
VERTEX
8
0
10
13.176884375
20
15.604909375
30
0
0
VERTEX
8
0
10
13.22630625
20
15.757021875000001
30
0
0
VERTEX
8
0
10
13.298903125
20
15.899500000000002
30
0
0
VERTEX
8
0
10
13.392900000000001
20
16.028875
30
0
0
VERTEX
8
0
10
13.5059875
20
16.1419625
30
0
0
VERTEX
8
0
10
13.635362500000001
20
16.235959375
30
0
0
VERTEX
8
0
10
13.777840625000001
20
16.308556250000002
30
0
0
VERTEX
8
0
10
13.929953125
20
16.357978125000002
30
0
0
VERTEX
8
0
10
14.015465625000001
20
16.371521875
30
0
0
VERTEX
8
0
10
14.015465625000001
20
16.113615625
30
0
0
VERTEX
8
0
10
13.982490625
20
16.10705625
30
0
42
0.3303552833504715
0
VERTEX
8
0
10
13.405865625
20
15.404434375000001
30
0
0
VERTEX
8
0
10
13.405865625
20
14.75739375
30
0
0
SEQEND
0
POLYLINE
66
1
8
1_copper
10
0.0
20
0.0
30
0.0
70
1
0
VERTEX
8
0
10
14.929865625000001
20
14.75739375
30
0
0
VERTEX
8
0
10
14.929865625000001
20
15.404434375000001
30
0
0
VERTEX
8
0
10
14.922528125000001
20
15.478943750000001
30
0
42
0.30334643882340373
0
VERTEX
8
0
10
14.353240625000002
20
16.10705625
30
0
0
VERTEX
8
0
10
14.320259375000001
20
16.113615625
30
0
0
VERTEX
8
0
10
14.320259375000001
20
16.371521875
30
0
0
VERTEX
8
0
10
14.405775
20
16.357978125000002
30
0
0
VERTEX
8
0
10
14.557887500000001
20
16.308556250000002
30
0
0
VERTEX
8
0
10
14.700365625
20
16.235959375
30
0
0
VERTEX
8
0
10
14.829740625000001
20
16.1419625
30
0
0
VERTEX
8
0
10
14.942828125
20
16.028875
30
0
0
VERTEX
8
0
10
15.036825
20
15.899500000000002
30
0
0
VERTEX
8
0
10
15.109421875
20
15.757021875000001
30
0
0
VERTEX
8
0
10
15.15884375
20
15.604909375
30
0
0
VERTEX
8
0
10
15.1838625
20
15.446953125
30
0
0
VERTEX
8
0
10
15.1838625
20
14.75739375
30
0
0
SEQEND
0
POLYLINE
66
1
8
1_copper
10
0.0
20
0.0
30
0.0
70
1
0
VERTEX
8
0
10
24.145978125000003
20
12.928600000000001
30
0
0
VERTEX
8
0
10
23.809896875
20
13.067809375000001
30
0
0
VERTEX
8
0
10
23.552675
20
13.32503125
30
0
0
VERTEX
8
0
10
23.413465625
20
13.6611125
30
0
0
VERTEX
8
0
10
23.413465625
20
15.548884375
30
0
0
VERTEX
8
0
10
23.552675
20
15.884965625000001
30
0
0
VERTEX
8
0
10
23.809896875
20
16.142187500000002
30
0
0
VERTEX
8
0
10
24.145978125000003
20
16.281396875000002
30
0
0
VERTEX
8
0
10
24.50975
20
16.281396875000002
30
0
0
VERTEX
8
0
10
24.84583125
20
16.142187500000002
30
0
0
VERTEX
8
0
10
25.103053125000002
20
15.884965625000001
30
0
0
VERTEX
8
0
10
25.242262500000002
20
15.548884375
30
0
0
VERTEX
8
0
10
25.242262500000002
20
13.6611125
30
0
0
VERTEX
8
0
10
25.103053125000002
20
13.32503125
30
0
0
VERTEX
8
0
10
24.84583125
20
13.067809375000001
30
0
0
VERTEX
8
0
10
24.50975
20
12.928600000000001
30
0
0
SEQEND
0
POLYLINE
66
1
8
1_copper
10
0.0
20
0.0
30
0.0
70
1
0
VERTEX
8
0
10
13.929953125
20
12.852018750000001
30
0
0
VERTEX
8
0
10
13.777840625000001
20
12.901440625000001
30
0
0
VERTEX
8
0
10
13.635362500000001
20
12.974037500000001
30
0
0
VERTEX
8
0
10
13.5059875
20
13.068034375
30
0
0
VERTEX
8
0
10
13.392900000000001
20
13.181121875
30
0
0
VERTEX
8
0
10
13.298903125
20
13.310496875
30
0
0
VERTEX
8
0
10
13.22630625
20
13.452975
30
0
0
VERTEX
8
0
10
13.176884375
20
13.6050875
30
0
0
VERTEX
8
0
10
13.151865625000001
20
13.763043750000001
30
0
0
VERTEX
8
0
10
13.151865625000001
20
14.4526
30
0
0
VERTEX
8
0
10
13.405865625
20
14.4526
30
0
0
VERTEX
8
0
10
13.405865625
20
13.805565625
30
0
0
VERTEX
8
0
10
13.413203125
20
13.73105625
30
0
42
0.30334643882340373
0
VERTEX
8
0
10
13.982490625
20
13.102943750000001
30
0
0
VERTEX
8
0
10
14.015465625000001
20
13.096384375000001
30
0
0
VERTEX
8
0
10
14.015465625000001
20
12.838475
30
0
0
SEQEND
0
POLYLINE
66
1
8
1_copper
10
0.0
20
0.0
30
0.0
70
1
0
VERTEX
8
0
10
14.320259375000001
20
13.096384375000001
30
0
0
VERTEX
8
0
10
14.353240625000002
20
13.102943750000001
30
0
42
0.3303552833504715
0
VERTEX
8
0
10
14.929865625000001
20
13.805565625
30
0
0
VERTEX
8
0
10
14.929865625000001
20
14.4526
30
0
0
VERTEX
8
0
10
15.183859375
20
14.4526
30
0
0
VERTEX
8
0
10
15.1838625
20
13.763043750000001
30
0
0
VERTEX
8
0
10
15.15884375
20
13.6050875
30
0
0
VERTEX
8
0
10
15.109421875
20
13.452975
30
0
0
VERTEX
8
0
10
15.036825
20
13.310496875
30
0
0
VERTEX
8
0
10
14.942828125
20
13.181121875
30
0
0
VERTEX
8
0
10
14.829740625000001
20
13.068034375
30
0
0
VERTEX
8
0
10
14.700365625
20
12.974037500000001
30
0
0
VERTEX
8
0
10
14.557887500000001
20
12.901440625000001
30
0
0
VERTEX
8
0
10
14.405775
20
12.852018750000001
30
0
0
VERTEX
8
0
10
14.320259375000001
20
12.838475
30
0
0
SEQEND
0
POLYLINE
66
1
8
16_copper
10
0.0
20
0.0
30
0.0
70
1
0
VERTEX
8
0
10
33.131943750000005
20
77.8583375
30
0
42
0.3578057741447831
0
VERTEX
8
0
10
33.782000000000004
20
78.57556562500001
30
0
0
VERTEX
8
0
10
33.782000000000004
20
80.174434375
30
0
0
VERTEX
8
0
10
33.774662500000005
20
80.24894375000001
30
0
42
0.9063472543261978
0
VERTEX
8
0
10
32.258
20
80.174434375
30
0
0
VERTEX
8
0
10
32.258
20
78.57556562500001
30
0
0
VERTEX
8
0
10
32.2653375
20
78.50105625
30
0
42
0.38574240611503685
0
VERTEX
8
0
10
33.057434375
20
77.851
30
0
0
SEQEND
0
POLYLINE
66
1
8
16_copper
10
0.0
20
0.0
30
0.0
70
1
0
VERTEX
8
0
10
3.92194375
20
77.8583375
30
0
42
0.3578057741447831
0
VERTEX
8
0
10
4.572
20
78.57556562500001
30
0
0
VERTEX
8
0
10
4.572
20
80.174434375
30
0
0
VERTEX
8
0
10
4.5646625
20
80.24894375000001
30
0
42
0.9063472543261978
0
VERTEX
8
0
10
3.048
20
80.174434375
30
0
0
VERTEX
8
0
10
3.048
20
78.57556562500001
30
0
0
VERTEX
8
0
10
3.0553375000000003
20
78.50105625
30
0
42
0.38574240611503685
0
VERTEX
8
0
10
3.847434375
20
77.851
30
0
0
SEQEND
0
POLYLINE
66
1
8
16_copper
10
0.0
20
0.0
30
0.0
70
1
0
VERTEX
8
0
10
6.87741875
20
55.309309375000005
30
0
42
0.35339689416771775
0
VERTEX
8
0
10
6.9472812500000005
20
55.374243750000005
30
0
0
VERTEX
8
0
10
6.9472531250000005
20
55.3793
30
0
0
VERTEX
8
0
10
6.948
20
55.384696875
30
0
0
VERTEX
8
0
10
6.948
20
55.4102125
30
0
0
VERTEX
8
0
10
6.988909375
20
55.45111875
30
0
42
0.4142220557498749
0
VERTEX
8
0
10
6.988909375
20
55.558884375000005
30
0
0
VERTEX
8
0
10
6.948
20
55.59979375
30
0
0
VERTEX
8
0
10
6.948
20
56.4102125
30
0
0
VERTEX
8
0
10
6.988909375
20
56.451118750000006
30
0
42
0.4142220557498749
0
VERTEX
8
0
10
6.988909375
20
56.558884375000005
30
0
0
VERTEX
8
0
10
6.948
20
56.59979375
30
0
0
VERTEX
8
0
10
6.948
20
57.4102125
30
0
0
VERTEX
8
0
10
6.988909375
20
57.451118750000006
30
0
42
0.4142220557498749
0
VERTEX
8
0
10
6.988909375
20
57.558884375000005
30
0
0
VERTEX
8
0
10
6.948
20
57.59979375
30
0
0
VERTEX
8
0
10
6.948
20
58.410215625
30
0
0
VERTEX
8
0
10
7.0607500000000005
20
58.522965625000005
30
0
0
VERTEX
8
0
10
7.064153125000001
20
58.527515625
30
0
42
0.2947465262802492
0
VERTEX
8
0
10
7.07540625
20
58.60874375
30
0
0
VERTEX
8
0
10
7.073365625
20
58.614059375000004
30
0
42
0.048070422114509875
0
VERTEX
8
0
10
7.0607500000000005
20
58.630728125000005
30
0
0
VERTEX
8
0
10
7.049600000000001
20
58.641878125000005
30
0
0
VERTEX
8
0
10
7.049600000000001
20
59.368131250000005
30
0
0
VERTEX
8
0
10
7.132593750000001
20
59.451121875000005
30
0
0
VERTEX
8
0
10
7.135996875
20
59.455671875
30
0
42
0.39256960445629635
0
VERTEX
8
0
10
7.132593750000001
20
59.558884375000005
30
0
0
VERTEX
8
0
10
7.049600000000001
20
59.641878125000005
30
0
0
VERTEX
8
0
10
7.049600000000001
20
60.368131250000005
30
0
0
VERTEX
8
0
10
7.138871875
20
60.457403125000006
30
0
0
VERTEX
8
0
10
8.815125
20
60.457403125000006
30
0
0
VERTEX
8
0
10
8.904396875
20
60.368131250000005
30
0
0
VERTEX
8
0
10
8.904396875
20
59.641878125000005
30
0
0
VERTEX
8
0
10
8.821403125
20
59.558884375000005
30
0
0
VERTEX
8
0
10
8.818
20
59.554334375
30
0
42
0.39256960445629635
0
VERTEX
8
0
10
8.821403125
20
59.451121875000005
30
0
0
VERTEX
8
0
10
8.904396875
20
59.368131250000005
30
0
0
VERTEX
8
0
10
8.904396875
20
58.641878125000005
30
0
0
VERTEX
8
0
10
8.893246875
20
58.630728125000005
30
0
0
VERTEX
8
0
10
8.88984375
20
58.626178125
30
0
42
0.31105290438350447
0
VERTEX
8
0
10
8.893246875
20
58.522965625000005
30
0
0
VERTEX
8
0
10
8.910396875
20
58.505815625000004
30
0
42
0.14430415280903483
0
VERTEX
8
0
10
8.948234375
20
58.485206250000005
30
0
0
VERTEX
8
0
10
8.955609375
20
58.484696875000004
30
0
0
VERTEX
8
0
10
8.964278125
20
58.483496875
30
0
0
VERTEX
8
0
10
9.33561875
20
58.483496875
30
0
0
VERTEX
8
0
10
9.344046875
20
58.4847125
30
0
0
VERTEX
8
0
10
9.3525125
20
58.48539375
30
0
42
0.08765396656356698
0
VERTEX
8
0
10
9.37695
20
58.495678125000005
30
0
0
VERTEX
8
0
10
9.38254375
20
58.500550000000004
30
0
0
VERTEX
8
0
10
9.3895
20
58.505815625000004
30
0
0
VERTEX
8
0
10
11.64898125
20
60.765293750000005
30
0
0
VERTEX
8
0
10
11.654053125
20
60.772078125
30
0
0
VERTEX
8
0
10
11.6595875
20
60.778578125
30
0
42
0.08765145259213399
0
VERTEX
8
0
10
11.669590625000001
20
60.80313125
30
0
0
VERTEX
8
0
10
11.6701
20
60.81050625
30
0
0
VERTEX
8
0
10
11.6713
20
60.819175
30
0
0
VERTEX
8
0
10
11.6713
20
61.101465625
30
0
0
VERTEX
8
0
10
11.779575000000001
20
61.362862500000006
30
0
0
VERTEX
8
0
10
11.979634375
20
61.562921875
30
0
0
VERTEX
8
0
10
12.24103125
20
61.671196875
30
0
0
VERTEX
8
0
10
12.523965625
20
61.671196875
30
0
0
VERTEX
8
0
10
12.7853625
20
61.562921875
30
0
0
VERTEX
8
0
10
12.985421875
20
61.362862500000006
30
0
0
VERTEX
8
0
10
13.09734375
20
61.092659375000004
30
0
0
VERTEX
8
0
10
13.102290625
20
61.084331250000005
30
0
0
VERTEX
8
0
10
13.10698125
20
61.075837500000006
30
0
42
0.3834763853360074
0
VERTEX
8
0
10
13.207034375000001
20
61.056528125
30
0
0
VERTEX
8
0
10
13.213106250000001
20
61.061490625000005
30
0
0
VERTEX
8
0
10
13.221625000000001
20
61.067937500000006
30
0
0
VERTEX
8
0
10
14.836681250000002
20
62.682996875
30
0
0
VERTEX
8
0
10
14.841753125
20
62.68978125
30
0
0
VERTEX
8
0
10
14.8472875
20
62.696281250000006
30
0
42
0.015769721011977475
0
VERTEX
8
0
10
14.849715625
20
62.700428125
30
0
0
VERTEX
8
0
10
14.851703125
20
62.705784375
30
0
0
VERTEX
8
0
10
14.852243750000001
20
62.70663125
30
0
0
VERTEX
8
0
10
14.8529
20
62.708903125000006
30
0
0
VERTEX
8
0
10
14.85613125
20
62.716171875
30
0
42
0.015766932116074574
0
VERTEX
8
0
10
14.857290625000001
20
62.720834375
30
0
0
VERTEX
8
0
10
14.857587500000001
20
62.725140625
30
0
0
VERTEX
8
0
10
14.858281250000001
20
62.72754375
30
0
0
VERTEX
8
0
10
14.858259375000001
20
62.731525000000005
30
0
0
VERTEX
8
0
10
14.859
20
62.736878125000004
30
0
0
VERTEX
8
0
10
14.859
20
65.245315625
30
0
0
VERTEX
8
0
10
16.869803125
20
67.25611875
30
0
0
VERTEX
8
0
10
16.87150625
20
67.258396875
30
0
42
0.40338100478549643
0
VERTEX
8
0
10
16.869803125
20
67.36388125
30
0
0
VERTEX
8
0
10
16.692
20
67.54168125
30
0
0
VERTEX
8
0
10
16.685203125
20
67.5467625
30
0
0
VERTEX
8
0
10
16.678715625000002
20
67.5522875
30
0
42
0.08766372749491834
0
VERTEX
8
0
10
16.654159375000003
20
67.56229375000001
30
0
0
VERTEX
8
0
10
16.6467625
20
67.562803125
30
0
0
VERTEX
8
0
10
16.63811875
20
67.56400000000001
30
0
0
VERTEX
8
0
10
16.35218125
20
67.56400000000001
30
0
0
VERTEX
8
0
10
15.917303125
20
67.99888125
30
0
0
VERTEX
8
0
10
15.910518750000001
20
68.00395312500001
30
0
0
VERTEX
8
0
10
15.90401875
20
68.0094875
30
0
42
0.08765145259213399
0
VERTEX
8
0
10
15.879465625
20
68.019490625
30
0
0
VERTEX
8
0
10
15.872090625
20
68.02000000000001
30
0
0
VERTEX
8
0
10
15.863421875
20
68.02120000000001
30
0
0
VERTEX
8
0
10
10.934696875
20
68.02120000000001
30
0
0
VERTEX
8
0
10
10.929078125
20
68.0203875
30
0
42
0.3925881563456996
0
VERTEX
8
0
10
10.858496875
20
67.94500000000001
30
0
0
VERTEX
8
0
10
10.858496875
20
67.15218125
30
0
0
VERTEX
8
0
10
8.353515625
20
64.6472
30
0
0
VERTEX
8
0
10
8.348443750000001
20
64.640415625
30
0
0
VERTEX
8
0
10
8.342909375
20
64.633915625
30
0
42
0.08765145259213399
0
VERTEX
8
0
10
8.33290625
20
64.6093625
30
0
0
VERTEX
8
0
10
8.332396875
20
64.6019875
30
0
0
VERTEX
8
0
10
8.331196875
20
64.59331875000001
30
0
0
VERTEX
8
0
10
8.331196875
20
64.31103125
30
0
0
VERTEX
8
0
10
8.222921875
20
64.049634375
30
0
0
VERTEX
8
0
10
8.0228625
20
63.849575
30
0
0
VERTEX
8
0
10
7.7614656250000005
20
63.7413
30
0
0
VERTEX
8
0
10
7.4785312500000005
20
63.7413
30
0
0
VERTEX
8
0
10
7.2171343750000005
20
63.849575
30
0
0
VERTEX
8
0
10
7.017075
20
64.049634375
30
0
0
VERTEX
8
0
10
6.9088
20
64.31103125
30
0
0
VERTEX
8
0
10
6.9088
20
64.59396562500001
30
0
0
VERTEX
8
0
10
7.017075
20
64.8553625
30
0
0
VERTEX
8
0
10
7.2171343750000005
20
65.05542187500001
30
0
0
VERTEX
8
0
10
7.4785312500000005
20
65.163696875
30
0
0
VERTEX
8
0
10
7.76081875
20
65.163696875
30
0
0
VERTEX
8
0
10
7.769246875
20
65.1649125
30
0
0
VERTEX
8
0
10
7.777712500000001
20
65.16559375
30
0
42
0.08765396656356698
0
VERTEX
8
0
10
7.80215
20
65.175878125
30
0
0
VERTEX
8
0
10
7.80774375
20
65.18075
30
0
0
VERTEX
8
0
10
7.8147
20
65.186015625
30
0
0
VERTEX
8
0
10
10.07418125
20
67.445496875
30
0
0
VERTEX
8
0
10
10.079253125000001
20
67.45228125
30
0
0
VERTEX
8
0
10
10.084787500000001
20
67.45878125
30
0
42
0.08765145259213399
0
VERTEX
8
0
10
10.094790625
20
67.483334375
30
0
0
VERTEX
8
0
10
10.0953
20
67.49070937500001
30
0
0
VERTEX
8
0
10
10.0965
20
67.499378125
30
0
0
VERTEX
8
0
10
10.0965
20
67.94500000000001
30
0
0
VERTEX
8
0
10
10.0956875
20
67.95061875
30
0
42
0.3925881563456996
0
VERTEX
8
0
10
10.0203
20
68.02120000000001
30
0
0
VERTEX
8
0
10
6.807196875000001
20
68.02120000000001
30
0
0
VERTEX
8
0
10
6.801578125000001
20
68.0203875
30
0
42
0.3925881563456996
0
VERTEX
8
0
10
6.730996875000001
20
67.94500000000001
30
0
0
VERTEX
8
0
10
6.730996875000001
20
55.434375
30
0
0
VERTEX
8
0
10
6.732209375
20
55.425965625
30
0
0
VERTEX
8
0
10
6.732893750000001
20
55.417478125
30
0
42
0.08764389229886772
0
VERTEX
8
0
10
6.743178125
20
55.393043750000004
30
0
0
VERTEX
8
0
10
6.74805
20
55.38745
30
0
0
VERTEX
8
0
10
6.753315625
20
55.380490625
30
0
0
VERTEX
8
0
10
6.802996875000001
20
55.3308125
30
0
0
VERTEX
8
0
10
6.809803125
20
55.325725000000006
30
0
0
VERTEX
8
0
10
6.81628125
20
55.320209375000005
30
0
42
0.07938767109995083
0
VERTEX
8
0
10
6.8408375
20
55.310203125
30
0
0
VERTEX
8
0
10
6.8482343750000005
20
55.30969375
30
0
0
VERTEX
8
0
10
6.856878125000001
20
55.308496875
30
0
0
VERTEX
8
0
10
6.8718
20
55.308496875
30
0
0
SEQEND
0
POLYLINE
66
1
8
16_copper
10
0.0
20
0.0
30
0.0
70
1
0
VERTEX
8
0
10
40.1984
20
12.44640625
30
0
0
VERTEX
8
0
10
40.201240625000004
20
12.446209375
30
0
42
0.548409711059846
0
VERTEX
8
0
10
40.262065625000005
20
12.559409375000001
30
0
0
VERTEX
8
0
10
40.256790625
20
12.566378125
30
0
0
VERTEX
8
0
10
40.252740625
20
12.572575
30
0
42
0.015772426617527556
0
VERTEX
8
0
10
40.24945
20
12.576078125
30
0
0
VERTEX
8
0
10
39.827200000000005
20
12.998325000000001
30
0
0
VERTEX
8
0
10
39.827200000000005
20
13.671671875000001
30
0
0
VERTEX
8
0
10
40.303325
20
14.147796875000001
30
0
0
VERTEX
8
0
10
40.976671875
20
14.147796875000001
30
0
0
VERTEX
8
0
10
41.452796875000004
20
13.671671875000001
30
0
0
VERTEX
8
0
10
41.452796875000004
20
12.998325000000001
30
0
0
VERTEX
8
0
10
41.030546875
20
12.576078125
30
0
0
VERTEX
8
0
10
41.02884375
20
12.5738
30
0
0
VERTEX
8
0
10
41.026684375
20
12.57191875
30
0
42
0.5484095900174472
0
VERTEX
8
0
10
41.063721875
20
12.448865625
30
0
0
VERTEX
8
0
10
41.072384375
20
12.447665625
30
0
0
VERTEX
8
0
10
41.079625
20
12.446150000000001
30
0
42
0.015770375218223928
0
VERTEX
8
0
10
41.084428125
20
12.445996875
30
0
0
VERTEX
8
0
10
43.717800000000004
20
12.445996875
30
0
0
VERTEX
8
0
10
43.72341875
20
12.446809375
30
0
42
0.3925881563456996
0
VERTEX
8
0
10
43.794000000000004
20
12.522196875
30
0
0
VERTEX
8
0
10
43.794000000000004
20
67.94500000000001
30
0
0
VERTEX
8
0
10
43.7931875
20
67.95061875
30
0
42
0.3925881563456996
0
VERTEX
8
0
10
43.717800000000004
20
68.02120000000001
30
0
0
VERTEX
8
0
10
34.27723125
20
68.02120000000001
30
0
0
VERTEX
8
0
10
34.268821875
20
68.0199875
30
0
0
VERTEX
8
0
10
34.2603375
20
68.01930312500001
30
0
42
0.08765396656356698
0
VERTEX
8
0
10
34.2359
20
68.00901875000001
30
0
0
VERTEX
8
0
10
34.23030625
20
68.004146875
30
0
0
VERTEX
8
0
10
34.22335
20
67.99888125
30
0
0
VERTEX
8
0
10
33.991671875
20
67.7672
30
0
0
VERTEX
8
0
10
33.318325
20
67.7672
30
0
0
VERTEX
8
0
10
33.086646875
20
67.99888125
30
0
0
VERTEX
8
0
10
33.079862500000004
20
68.00395312500001
30
0
0
VERTEX
8
0
10
33.0733625
20
68.0094875
30
0
42
0.08765145259213399
0
VERTEX
8
0
10
33.048809375000005
20
68.019490625
30
0
0
VERTEX
8
0
10
33.041434375
20
68.02000000000001
30
0
0
VERTEX
8
0
10
33.032765625
20
68.02120000000001
30
0
0
VERTEX
8
0
10
31.73723125
20
68.02120000000001
30
0
0
VERTEX
8
0
10
31.728821875
20
68.0199875
30
0
0
VERTEX
8
0
10
31.720337500000003
20
68.01930312500001
30
0
42
0.08765396656356698
0
VERTEX
8
0
10
31.6959
20
68.00901875000001
30
0
0
VERTEX
8
0
10
31.690306250000003
20
68.004146875
30
0
0
VERTEX
8
0
10
31.68335
20
67.99888125
30
0
0
VERTEX
8
0
10
31.451671875000002
20
67.7672
30
0
0
VERTEX
8
0
10
30.778325000000002
20
67.7672
30
0
0
VERTEX
8
0
10
30.546646875
20
67.99888125
30
0
0
VERTEX
8
0
10
30.5398625
20
68.00395312500001
30
0
0
VERTEX
8
0
10
30.533362500000003
20
68.0094875
30
0
42
0.08765145259213399
0
VERTEX
8
0
10
30.508809375000002
20
68.019490625
30
0
0
VERTEX
8
0
10
30.501434375000002
20
68.02000000000001
30
0
0
VERTEX
8
0
10
30.492765625
20
68.02120000000001
30
0
0
VERTEX
8
0
10
17.474075
20
68.02120000000001
30
0
0
VERTEX
8
0
10
17.47124375
20
68.020790625
30
0
0
VERTEX
8
0
10
17.468403125000002
20
68.0209875
30
0
42
0.548409711059846
0
VERTEX
8
0
10
17.407578125
20
67.9077875
30
0
0
VERTEX
8
0
10
17.412853125
20
67.90081875
30
0
0
VERTEX
8
0
10
17.416903125
20
67.894621875
30
0
42
0.015772426617527556
0
VERTEX
8
0
10
17.42019375
20
67.89111875
30
0
0
VERTEX
8
0
10
17.59799375
20
67.713315625
30
0
0
VERTEX
8
0
10
17.59800625
20
67.71330625
30
0
0
VERTEX
8
0
10
17.865806250000002
20
67.44550625000001
30
0
0
VERTEX
8
0
10
17.865815625
20
67.44549375
30
0
0
VERTEX
8
0
10
18.22029375
20
67.091015625
30
0
0
VERTEX
8
0
10
18.227078125000002
20
67.08594375
30
0
0
VERTEX
8
0
10
18.233578125
20
67.080409375
30
0
42
0.08765145259213399
0
VERTEX
8
0
10
18.25813125
20
67.07040625
30
0
0
VERTEX
8
0
10
18.26550625
20
67.069896875
30
0
0
VERTEX
8
0
10
18.274175
20
67.068696875
30
0
0
VERTEX
8
0
10
18.556465625
20
67.068696875
30
0
0
VERTEX
8
0
10
18.8178625
20
66.96042187500001
30
0
0
VERTEX
8
0
10
19.017921875000003
20
66.7603625
30
0
0
VERTEX
8
0
10
19.126196875
20
66.498965625
30
0
0
VERTEX
8
0
10
19.126196875
20
66.21603125
30
0
0
VERTEX
8
0
10
19.017921875000003
20
65.954634375
30
0
0
VERTEX
8
0
10
18.8178625
20
65.754575
30
0
0
VERTEX
8
0
10
18.556465625
20
65.6463
30
0
0
VERTEX
8
0
10
18.27353125
20
65.6463
30
0
0
VERTEX
8
0
10
18.012134375000002
20
65.754575
30
0
0
VERTEX
8
0
10
17.812075
20
65.954634375
30
0
0
VERTEX
8
0
10
17.7038
20
66.21603125
30
0
0
VERTEX
8
0
10
17.7038
20
66.498321875
30
0
0
VERTEX
8
0
10
17.702584375
20
66.50675
30
0
0
VERTEX
8
0
10
17.701903125
20
66.515215625
30
0
42
0.08765396656356698
0
VERTEX
8
0
10
17.69161875
20
66.539653125
30
0
0
VERTEX
8
0
10
17.686746875
20
66.545246875
30
0
0
VERTEX
8
0
10
17.68148125
20
66.552203125
30
0
0
VERTEX
8
0
10
17.516381250000002
20
66.717303125
30
0
0
VERTEX
8
0
10
17.51183125
20
66.72070625
30
0
42
0.39256960445629635
0
VERTEX
8
0
10
17.408618750000002
20
66.717303125
30
0
0
VERTEX
8
0
10
15.643315625000001
20
64.952
30
0
0
VERTEX
8
0
10
15.63824375
20
64.945215625
30
0
0
VERTEX
8
0
10
15.632709375000001
20
64.938715625
30
0
42
0.08765145259213399
0
VERTEX
8
0
10
15.62270625
20
64.9141625
30
0
0
VERTEX
8
0
10
15.622196875
20
64.90678750000001
30
0
0
VERTEX
8
0
10
15.620996875000001
20
64.89811875000001
30
0
0
VERTEX
8
0
10
15.620996875000001
20
64.8153375
30
0
0
VERTEX
8
0
10
15.621406250000001
20
64.812509375
30
0
0
VERTEX
8
0
10
15.621209375000001
20
64.80966562500001
30
0
42
0.548409711059846
0
VERTEX
8
0
10
15.734409375
20
64.748840625
30
0
0
VERTEX
8
0
10
15.741378125
20
64.754115625
30
0
0
VERTEX
8
0
10
15.747575000000001
20
64.758165625
30
0
42
0.015772426617527556
0
VERTEX
8
0
10
15.751078125000001
20
64.76145625000001
30
0
0
VERTEX
8
0
10
15.972715625000001
20
64.983096875
30
0
0
VERTEX
8
0
10
16.41228125
20
64.983096875
30
0
0
VERTEX
8
0
10
16.723096875
20
64.67228125
30
0
0
VERTEX
8
0
10
16.723096875
20
64.232715625
30
0
0
VERTEX
8
0
10
16.443415625
20
63.9530375
30
0
0
VERTEX
8
0
10
16.43834375
20
63.946253125000005
30
0
0
VERTEX
8
0
10
16.432809375
20
63.939753125
30
0
42
0.08765145259213399
0
VERTEX
8
0
10
16.42280625
20
63.915200000000006
30
0
0
VERTEX
8
0
10
16.422296875
20
63.907825
30
0
0
VERTEX
8
0
10
16.421096875
20
63.899156250000004
30
0
0
VERTEX
8
0
10
16.421096875
20
60.865309375
30
0
0
VERTEX
8
0
10
13.0136625
20
57.457878125
30
0
0
VERTEX
8
0
10
13.011959375
20
57.455600000000004
30
0
0
VERTEX
8
0
10
13.0098
20
57.45371875
30
0
0
VERTEX
8
0
10
13.007009375
20
57.449343750000004
30
0
0
VERTEX
8
0
10
13.00695
20
57.449281250000006
30
0
0
VERTEX
8
0
10
13.006834375
20
57.449065625
30
0
0
VERTEX
8
0
10
13.00545625
20
57.446903125000006
30
0
0
VERTEX
8
0
10
13.000628125
20
57.440446875
30
0
42
0.23582517234212041
0
VERTEX
8
0
10
12.9984625
20
57.371837500000005
30
0
0
VERTEX
8
0
10
13.001696875
20
57.366887500000004
30
0
0
VERTEX
8
0
10
13.0017375
20
57.366784375
30
0
0
VERTEX
8
0
10
13.00194375
20
57.366512500000006
30
0
0
VERTEX
8
0
10
13.002884375
20
57.365071875000005
30
0
0
VERTEX
8
0
10
13.006781250000001
20
57.358015625
30
0
42
0.018500392599197234
0
VERTEX
8
0
10
13.010371875
20
57.35361875
30
0
0
VERTEX
8
0
10
13.014109375
20
57.350437500000005
30
0
0
VERTEX
8
0
10
13.014353125000001
20
57.350115625
30
0
0
VERTEX
8
0
10
13.512796875000001
20
56.851671875
30
0
0
VERTEX
8
0
10
13.512796875000001
20
56.178325
30
0
0
VERTEX
8
0
10
13.036671875000001
20
55.702200000000005
30
0
0
VERTEX
8
0
10
13.004796875
20
55.702200000000005
30
0
42
0.41421356237309503
0
VERTEX
8
0
10
12.928596875
20
55.626000000000005
30
0
0
VERTEX
8
0
10
12.928596875
20
54.10125
30
0
0
VERTEX
8
0
10
12.9298125
20
54.092821875000006
30
0
0
VERTEX
8
0
10
12.93049375
20
54.084356250000006
30
0
42
0.08765396656356698
0
VERTEX
8
0
10
12.940778125000001
20
54.05991875
30
0
0
VERTEX
8
0
10
12.945665625
20
54.05430625
30
0
0
VERTEX
8
0
10
12.950915625
20
54.047368750000004
30
0
0
VERTEX
8
0
10
16.738596875000002
20
50.259687500000005
30
0
0
VERTEX
8
0
10
16.738596875000002
20
49.752809375000005
30
0
0
VERTEX
8
0
10
16.464796875
20
49.4790125
30
0
0
VERTEX
8
0
10
16.46139375
20
49.4744625
30
0
42
0.39256960445629635
0
VERTEX
8
0
10
16.464796875
20
49.37125
30
0
0
VERTEX
8
0
10
16.947228125000002
20
48.888818750000006
30
0
0
VERTEX
8
0
10
16.94855
20
48.887828125000006
30
0
0
VERTEX
8
0
10
16.949596875
20
48.88655
30
0
42
0.2031703873700634
0
VERTEX
8
0
10
17.010046875
20
48.867025000000005
30
0
0
VERTEX
8
0
10
17.019903125000003
20
48.869596875
30
0
0
VERTEX
8
0
10
17.26625625
20
48.869596875
30
0
0
VERTEX
8
0
10
17.490309375000002
20
48.776790625000004
30
0
0
VERTEX
8
0
10
17.661790625000002
20
48.605309375000004
30
0
0
VERTEX
8
0
10
17.754596875
20
48.38125625
30
0
0
VERTEX
8
0
10
17.754596875
20
48.134978125
30
0
0
VERTEX
8
0
10
17.75421875
20
48.133171875
30
0
0
VERTEX
8
0
10
17.751928125
20
48.12418125
30
0
42
0.15531149043276926
0
VERTEX
8
0
10
17.761203125
20
48.078896875000005
30
0
0
VERTEX
8
0
10
17.767653125000002
20
48.070371875
30
0
0
VERTEX
8
0
10
17.772140625000002
20
48.063959375
30
0
42
0.007910890105774627
0
VERTEX
8
0
10
17.77381875
20
48.062228125000004
30
0
0
VERTEX
8
0
10
19.471421875
20
46.364628125
30
0
0
VERTEX
8
0
10
19.471431250000002
20
46.364615625
30
0
0
VERTEX
8
0
10
19.526246875000002
20
46.309796875
30
0
0
VERTEX
8
0
10
19.530809375
20
46.3063875
30
0
42
0.39252692588609156
0
VERTEX
8
0
10
19.6340125
20
46.309796875
30
0
0
VERTEX
8
0
10
25.149081250000002
20
51.82486875
30
0
0
VERTEX
8
0
10
25.154153125
20
51.831653125
30
0
0
VERTEX
8
0
10
25.1596875
20
51.838153125000005
30
0
42
0.08765145259213399
0
VERTEX
8
0
10
25.169690625
20
51.86270625
30
0
0
VERTEX
8
0
10
25.1702
20
51.870081250000005
30
0
0
VERTEX
8
0
10
25.171400000000002
20
51.878750000000004
30
0
0
VERTEX
8
0
10
25.171400000000002
20
52.9463
30
0
0
VERTEX
8
0
10
25.1705875
20
52.951918750000004
30
0
42
0.3925881563456996
0
VERTEX
8
0
10
25.095200000000002
20
53.0225
30
0
0
VERTEX
8
0
10
25.005459375
20
53.0225
30
0
0
VERTEX
8
0
10
24.4475
20
53.580459375000004
30
0
0
VERTEX
8
0
10
24.4475
20
54.3695375
30
0
0
VERTEX
8
0
10
25.005459375
20
54.927496875
30
0
0
VERTEX
8
0
10
25.7945375
20
54.927496875
30
0
0
VERTEX
8
0
10
25.857993750000002
20
54.864040625
30
0
0
VERTEX
8
0
10
25.86254375
20
54.8606375
30
0
42
0.39256960445629635
0
VERTEX
8
0
10
25.965756250000002
20
54.864040625
30
0
0
VERTEX
8
0
10
26.73658125
20
55.63486875
30
0
0
VERTEX
8
0
10
26.892809375000002
20
55.791096875
30
0
0
VERTEX
8
0
10
32.1621875
20
55.791096875
30
0
0
VERTEX
8
0
10
33.08924375
20
54.864040625
30
0
0
VERTEX
8
0
10
33.093803125
20
54.860631250000004
30
0
42
0.39252692588609156
0
VERTEX
8
0
10
33.19700625
20
54.864040625
30
0
0
VERTEX
8
0
10
33.260459375
20
54.927496875
30
0
0
VERTEX
8
0
10
34.0495375
20
54.927496875
30
0
0
VERTEX
8
0
10
34.607496875
20
54.3695375
30
0
0
VERTEX
8
0
10
34.607496875
20
53.580459375000004
30
0
0
VERTEX
8
0
10
34.0495375
20
53.0225
30
0
0
VERTEX
8
0
10
33.260459375
20
53.0225
30
0
0
VERTEX
8
0
10
32.7025
20
53.580459375000004
30
0
0
VERTEX
8
0
10
32.7025
20
54.3695375
30
0
0
VERTEX
8
0
10
32.76595625
20
54.432990625
30
0
0
VERTEX
8
0
10
32.769359375
20
54.437540625000004
30
0
42
0.39256960445629635
0
VERTEX
8
0
10
32.76595625
20
54.540753125
30
0
0
VERTEX
8
0
10
31.995128125
20
55.31158125
30
0
0
VERTEX
8
0
10
31.988343750000002
20
55.316653125
30
0
0
VERTEX
8
0
10
31.981843750000003
20
55.322187500000005
30
0
42
0.08765145259213399
0
VERTEX
8
0
10
31.957290625000002
20
55.332190625
30
0
0
VERTEX
8
0
10
31.949915625000003
20
55.3327
30
0
0
VERTEX
8
0
10
31.941246875
20
55.3339
30
0
0
VERTEX
8
0
10
27.11375
20
55.3339
30
0
0
VERTEX
8
0
10
27.105321875
20
55.332684375
30
0
0
VERTEX
8
0
10
27.096856250000002
20
55.332003125
30
0
42
0.08765396656356698
0
VERTEX
8
0
10
27.07241875
20
55.32171875
30
0
0
VERTEX
8
0
10
27.066825
20
55.316846875
30
0
0
VERTEX
8
0
10
27.05986875
20
55.31158125
30
0
0
VERTEX
8
0
10
26.289040625000002
20
54.54075625
30
0
0
VERTEX
8
0
10
26.2856375
20
54.53620625
30
0
42
0.39256960445629635
0
VERTEX
8
0
10
26.289040625000002
20
54.43299375
30
0
0
VERTEX
8
0
10
26.352496875
20
54.3695375
30
0
0
VERTEX
8
0
10
26.352496875
20
53.580459375000004
30
0
0
VERTEX
8
0
10
25.7945375
20
53.0225
30
0
0
VERTEX
8
0
10
25.704796875
20
53.0225
30
0
0
VERTEX
8
0
10
25.699178125
20
53.021687500000006
30
0
42
0.3925881563456996
0
VERTEX
8
0
10
25.628596875
20
52.9463
30
0
0
VERTEX
8
0
10
25.628596875
20
51.657809375
30
0
0
VERTEX
8
0
10
19.957296875
20
45.9865125
30
0
0
VERTEX
8
0
10
19.953893750000002
20
45.9819625
30
0
42
0.39256960445629635
0
VERTEX
8
0
10
19.957296875
20
45.878750000000004
30
0
0
VERTEX
8
0
10
23.598934375000002
20
42.237115625
30
0
0
VERTEX
8
0
10
23.799796875000002
20
42.036253125
30
0
0
VERTEX
8
0
10
23.799796875000002
20
41.2244875
30
0
0
VERTEX
8
0
10
23.80003125
20
41.222862500000005
30
0
0
VERTEX
8
0
10
23.799865625000002
20
41.22121875
30
0
42
0.20317102946159907
0
VERTEX
8
0
10
23.8288
20
41.164665625000005
30
0
0
VERTEX
8
0
10
23.8375875
20
41.159512500000005
30
0
0
VERTEX
8
0
10
24.011790625
20
40.985309375
30
0
0
VERTEX
8
0
10
24.104596875000002
20
40.76125625
30
0
0
VERTEX
8
0
10
24.104596875000002
20
40.518740625
30
0
0
VERTEX
8
0
10
24.011790625
20
40.2946875
30
0
0
VERTEX
8
0
10
23.840309375
20
40.12320625
30
0
0
VERTEX
8
0
10
23.616256250000003
20
40.0304
30
0
0
VERTEX
8
0
10
23.373740625
20
40.0304
30
0
0
VERTEX
8
0
10
23.149687500000002
20
40.12320625
30
0
0
VERTEX
8
0
10
22.97820625
20
40.2946875
30
0
0
VERTEX
8
0
10
22.8854
20
40.518740625
30
0
0
VERTEX
8
0
10
22.8854
20
40.76125625
30
0
0
VERTEX
8
0
10
22.97820625
20
40.985309375
30
0
0
VERTEX
8
0
10
23.152350000000002
20
41.159453125
30
0
0
VERTEX
8
0
10
23.15394375
20
41.160496875
30
0
0
VERTEX
8
0
10
23.161878125
20
41.165209375
30
0
42
0.15527641651127636
0
VERTEX
8
0
10
23.18733125
20
41.20378125
30
0
0
VERTEX
8
0
10
23.188793750000002
20
41.214334375
30
0
0
VERTEX
8
0
10
23.1901625
20
41.222090625
30
0
42
0.007865201356257153
0
VERTEX
8
0
10
23.1902
20
41.2244875
30
0
0
VERTEX
8
0
10
23.1902
20
41.75218125
30
0
0
VERTEX
8
0
10
23.188984375
20
41.760609375
30
0
0
VERTEX
8
0
10
23.188303125
20
41.769075
30
0
42
0.08765396656356698
0
VERTEX
8
0
10
23.17801875
20
41.7935125
30
0
0
VERTEX
8
0
10
23.173146875
20
41.79910625
30
0
0
VERTEX
8
0
10
23.16788125
20
41.8060625
30
0
0
VERTEX
8
0
10
19.04038125
20
45.9335625
30
0
0
VERTEX
8
0
10
18.280028125
20
46.69391875
30
0
0
VERTEX
8
0
10
18.274515625
20
46.698040625000004
30
0
0
VERTEX
8
0
10
18.269475
20
46.70271875
30
0
42
0.747776549086395
0
VERTEX
8
0
10
18.155746875000002
20
46.610878125
30
0
0
VERTEX
8
0
10
18.186396875
20
46.536884375
30
0
0
VERTEX
8
0
10
18.186396875
20
46.1731125
30
0
0
VERTEX
8
0
10
18.0471875
20
45.83703125
30
0
0
VERTEX
8
0
10
17.789965625
20
45.579809375
30
0
0
VERTEX
8
0
10
17.453884375
20
45.4406
30
0
0
VERTEX
8
0
10
15.566112500000001
20
45.4406
30
0
0
VERTEX
8
0
10
15.230031250000001
20
45.579809375
30
0
0
VERTEX
8
0
10
14.972809375
20
45.83703125
30
0
0
VERTEX
8
0
10
14.8336
20
46.1731125
30
0
0
VERTEX
8
0
10
14.8336
20
46.536884375
30
0
0
VERTEX
8
0
10
14.972809375
20
46.872965625
30
0
0
VERTEX
8
0
10
15.230031250000001
20
47.130187500000005
30
0
0
VERTEX
8
0
10
15.566112500000001
20
47.269396875000005
30
0
0
VERTEX
8
0
10
17.453884375
20
47.269396875000005
30
0
0
VERTEX
8
0
10
17.527878125
20
47.238746875000004
30
0
0
VERTEX
8
0
10
17.534553125000002
20
47.237046875000004
30
0
0
VERTEX
8
0
10
17.540993750000002
20
47.23465625
30
0
42
0.7477870678791171
0
VERTEX
8
0
10
17.61091875
20
47.363028125
30
0
0
VERTEX
8
0
10
17.34276875
20
47.631178125000005
30
0
0
VERTEX
8
0
10
17.341446875000003
20
47.632168750000005
30
0
0
VERTEX
8
0
10
17.340400000000002
20
47.633446875000004
30
0
42
0.2031703873700634
0
VERTEX
8
0
10
17.27995
20
47.652971875000006
30
0
0
VERTEX
8
0
10
17.27009375
20
47.650400000000005
30
0
0
VERTEX
8
0
10
17.023740625000002
20
47.650400000000005
30
0
0
VERTEX
8
0
10
16.7996875
20
47.74320625
30
0
0
VERTEX
8
0
10
16.62820625
20
47.9146875
30
0
0
VERTEX
8
0
10
16.5354
20
48.138740625000004
30
0
0
VERTEX
8
0
10
16.5354
20
48.38501875
30
0
0
VERTEX
8
0
10
16.535778125
20
48.386825
30
0
0
VERTEX
8
0
10
16.53806875
20
48.395815625000004
30
0
42
0.15531149043276926
0
VERTEX
8
0
10
16.528793750000002
20
48.441100000000006
30
0
0
VERTEX
8
0
10
16.52234375
20
48.449625000000005
30
0
0
VERTEX
8
0
10
16.51785625
20
48.4560375
30
0
42
0.007910890105774627
0
VERTEX
8
0
10
16.516178125
20
48.45776875
30
0
0
VERTEX
8
0
10
15.826903125000001
20
49.147040625
30
0
0
VERTEX
8
0
10
15.822353125000001
20
49.15044375
30
0
42
0.39256960445629635
0
VERTEX
8
0
10
15.719140625000001
20
49.147040625
30
0
0
VERTEX
8
0
10
15.585309375000001
20
49.01320625
30
0
0
VERTEX
8
0
10
15.36125625
20
48.9204
30
0
0
VERTEX
8
0
10
15.118740625000001
20
48.9204
30
0
0
VERTEX
8
0
10
14.8946875
20
49.01320625
30
0
0
VERTEX
8
0
10
14.72320625
20
49.1846875
30
0
0
VERTEX
8
0
10
14.6304
20
49.408740625
30
0
0
VERTEX
8
0
10
14.6304
20
49.65125625
30
0
0
VERTEX
8
0
10
14.72320625
20
49.875309375
30
0
0
VERTEX
8
0
10
14.8946875
20
50.046790625
30
0
0
VERTEX
8
0
10
15.118740625000001
20
50.139596875
30
0
0
VERTEX
8
0
10
15.36125625
20
50.139596875
30
0
0
VERTEX
8
0
10
15.585309375000001
20
50.046790625
30
0
0
VERTEX
8
0
10
15.75944375
20
49.872656250000006
30
0
0
VERTEX
8
0
10
15.76045625
20
49.871109375
30
0
0
VERTEX
8
0
10
15.765187500000001
20
49.8631375
30
0
42
0.1553650101904322
0
VERTEX
8
0
10
15.803778125000001
20
49.837665625
30
0
0
VERTEX
8
0
10
15.814296875
20
49.836209375
30
0
0
VERTEX
8
0
10
15.822059375
20
49.834834375
30
0
42
0.007957433766569523
0
VERTEX
8
0
10
15.824484375
20
49.834796875
30
0
0
VERTEX
8
0
10
16.001250000000002
20
49.834796875
30
0
0
VERTEX
8
0
10
16.033746875000002
20
49.802296875
30
0
42
0.4142220557498749
0
VERTEX
8
0
10
16.1415125
20
49.802296875
30
0
0
VERTEX
8
0
10
16.25908125
20
49.91986875
30
0
0
VERTEX
8
0
10
16.26415625
20
49.92665625
30
0
0
VERTEX
8
0
10
16.2696875
20
49.933153125000004
30
0
42
0.08766372749491834
0
VERTEX
8
0
10
16.27969375
20
49.957709375
30
0
0
VERTEX
8
0
10
16.280203125
20
49.965106250000005
30
0
0
VERTEX
8
0
10
16.2814
20
49.97375
30
0
42
0.33125182266263953
0
VERTEX
8
0
10
16.26921875
20
50.080078125
30
0
0
VERTEX
8
0
10
16.264346875
20
50.085671875
30
0
0
VERTEX
8
0
10
16.25908125
20
50.092628125000005
30
0
0
VERTEX
8
0
10
12.471400000000001
20
53.880309375
30
0
0
VERTEX
8
0
10
12.471400000000001
20
55.626000000000005
30
0
0
VERTEX
8
0
10
12.4705875
20
55.63161875
30
0
42
0.3721269136258067
0
VERTEX
8
0
10
12.400596875
20
55.701453125
30
0
0
VERTEX
8
0
10
12.3952
20
55.702200000000005
30
0
0
VERTEX
8
0
10
12.363325000000001
20
55.702200000000005
30
0
0
VERTEX
8
0
10
11.8872
20
56.178325
30
0
0
VERTEX
8
0
10
11.8872
20
56.851671875
30
0
0
VERTEX
8
0
10
12.363325000000001
20
57.327796875000004
30
0
0
VERTEX
8
0
10
12.3952
20
57.327796875000004
30
0
42
0.41421356237309503
0
VERTEX
8
0
10
12.471400000000001
20
57.403996875000004
30
0
0
VERTEX
8
0
10
12.471400000000001
20
57.5621875
30
0
0
VERTEX
8
0
10
15.94158125
20
61.03236875
30
0
0
VERTEX
8
0
10
15.946653125000001
20
61.039153125000006
30
0
0
VERTEX
8
0
10
15.9521875
20
61.045653125
30
0
42
0.08765145259213399
0
VERTEX
8
0
10
15.962190625000002
20
61.070206250000005
30
0
0
VERTEX
8
0
10
15.9627
20
61.07758125
30
0
0
VERTEX
8
0
10
15.9639
20
61.08625
30
0
0
VERTEX
8
0
10
15.9639
20
63.899156250000004
30
0
0
VERTEX
8
0
10
15.962684375
20
63.907584375000006
30
0
0
VERTEX
8
0
10
15.962003125
20
63.916050000000006
30
0
42
0.08765396656356698
0
VERTEX
8
0
10
15.951718750000001
20
63.9404875
30
0
0
VERTEX
8
0
10
15.946846875
20
63.946081250000006
30
0
0
VERTEX
8
0
10
15.94158125
20
63.9530375
30
0
0
VERTEX
8
0
10
15.751078125000001
20
64.143540625
30
0
0
VERTEX
8
0
10
15.748800000000001
20
64.14524375
30
0
0
VERTEX
8
0
10
15.74691875
20
64.147403125
30
0
42
0.5484095900174472
0
VERTEX
8
0
10
15.623865625
20
64.110365625
30
0
0
VERTEX
8
0
10
15.622665625000002
20
64.101703125
30
0
0
VERTEX
8
0
10
15.62115
20
64.0944625
30
0
42
0.015770375218223928
0
VERTEX
8
0
10
15.620996875000001
20
64.089659375
30
0
0
VERTEX
8
0
10
15.620996875000001
20
62.38968125
30
0
0
VERTEX
8
0
10
10.000315625
20
56.769000000000005
30
0
0
VERTEX
8
0
10
9.082196875000001
20
56.769000000000005
30
0
0
VERTEX
8
0
10
9.076578125000001
20
56.7681875
30
0
42
0.3925881563456996
0
VERTEX
8
0
10
9.005996875000001
20
56.692800000000005
30
0
0
VERTEX
8
0
10
9.005996875000001
20
56.59979375
30
0
0
VERTEX
8
0
10
8.965087500000001
20
56.558884375000005
30
0
42
0.4142220557498749
0
VERTEX
8
0
10
8.965087500000001
20
56.451118750000006
30
0
0
VERTEX
8
0
10
9.005996875000001
20
56.4102125
30
0
0
VERTEX
8
0
10
9.005996875000001
20
56.334378125
30
0
0
VERTEX
8
0
10
9.006825000000001
20
56.328640625000006
30
0
0
VERTEX
8
0
10
9.006840625
20
56.32588125
30
0
0
VERTEX
8
0
10
9.00735625
20
56.324165625000006
30
0
0
VERTEX
8
0
10
9.007893750000001
20
56.317484375
30
0
42
0.08765396656356698
0
VERTEX
8
0
10
9.018178125
20
56.293046875
30
0
0
VERTEX
8
0
10
9.02305
20
56.287453125000006
30
0
0
VERTEX
8
0
10
9.028315625000001
20
56.280496875000004
30
0
0
VERTEX
8
0
10
9.330296875
20
55.978515625
30
0
0
VERTEX
8
0
10
9.33708125
20
55.97344375
30
0
0
VERTEX
8
0
10
9.34358125
20
55.967909375000005
30
0
42
0.08765145259213399
0
VERTEX
8
0
10
9.368134375
20
55.95790625
30
0
0
VERTEX
8
0
10
9.375509375
20
55.957396875
30
0
0
VERTEX
8
0
10
9.384178125
20
55.956196875
30
0
0
VERTEX
8
0
10
9.666465625
20
55.956196875
30
0
0
VERTEX
8
0
10
9.9278625
20
55.847921875000004
30
0
0
VERTEX
8
0
10
10.127921875
20
55.6478625
30
0
0
VERTEX
8
0
10
10.236196875000001
20
55.386465625
30
0
0
VERTEX
8
0
10
10.236196875000001
20
55.10353125
30
0
0
VERTEX
8
0
10
10.127921875
20
54.842134375
30
0
0
VERTEX
8
0
10
9.9278625
20
54.642075000000006
30
0
0
VERTEX
8
0
10
9.666465625
20
54.5338
30
0
0
VERTEX
8
0
10
9.38353125
20
54.5338
30
0
0
VERTEX
8
0
10
9.11135625
20
54.646540625
30
0
0
VERTEX
8
0
10
9.101975000000001
20
54.648931250000004
30
0
0
VERTEX
8
0
10
9.09265
20
54.651621875000004
30
0
42
0.27684809716338715
0
VERTEX
8
0
10
9.016462500000001
20
54.614681250000004
30
0
0
VERTEX
8
0
10
9.01341875
20
54.607215625
30
0
0
VERTEX
8
0
10
8.965087500000001
20
54.558884375000005
30
0
0
VERTEX
8
0
10
8.961678125
20
54.554325000000006
30
0
42
0.3925352924271336
0
VERTEX
8
0
10
8.965087500000001
20
54.45111875
30
0
0
VERTEX
8
0
10
9.005996875000001
20
54.4102125
30
0
0
VERTEX
8
0
10
9.005996875000001
20
54.194003125
30
0
0
VERTEX
8
0
10
9.006809375
20
54.188384375000005
30
0
42
0.2379839437768629
0
VERTEX
8
0
10
9.0416
20
54.129515625
30
0
0
VERTEX
8
0
10
9.0464125
20
54.127375
30
0
42
0.09366788233325526
0
VERTEX
8
0
10
9.082196875000001
20
54.117803125
30
0
0
VERTEX
8
0
10
9.088671875000001
20
54.117803125
30
0
0
VERTEX
8
0
10
10.864796875
20
52.341678125
30
0
0
VERTEX
8
0
10
10.864796875
20
29.659196875000003
30
0
0
VERTEX
8
0
10
10.865609375
20
29.653578125000003
30
0
42
0.3925881563456996
0
VERTEX
8
0
10
10.940996875
20
29.582996875000003
30
0
0
VERTEX
8
0
10
11.654209375
20
29.582996875000003
30
0
0
VERTEX
8
0
10
11.802996875
20
29.434209375000002
30
0
0
VERTEX
8
0
10
11.802996875
20
27.7157875
30
0
0
VERTEX
8
0
10
11.654209375
20
27.567
30
0
0
VERTEX
8
0
10
9.9357875
20
27.567
30
0
0
VERTEX
8
0
10
9.787
20
27.7157875
30
0
0
VERTEX
8
0
10
9.787
20
29.434209375000002
30
0
0
VERTEX
8
0
10
9.9357875
20
29.582996875000003
30
0
0
VERTEX
8
0
10
9.975800000000001
20
29.582996875000003
30
0
42
0.41421356237309503
0
VERTEX
8
0
10
10.052
20
29.659196875000003
30
0
0
VERTEX
8
0
10
10.052
20
39.221531250000005
30
0
0
VERTEX
8
0
10
10.051728125
20
39.223415625
30
0
0
VERTEX
8
0
10
10.05190625
20
39.225315625
30
0
42
0.6456034056471015
0
VERTEX
8
0
10
9.92264375
20
39.27613125
30
0
0
VERTEX
8
0
10
9.916403125
20
39.268109375
30
0
0
VERTEX
8
0
10
9.911312500000001
20
39.262128125000004
30
0
42
0.009562477146321646
0
VERTEX
8
0
10
9.909809375
20
39.259631250000005
30
0
0
VERTEX
8
0
10
9.803296875000001
20
39.075140625
30
0
0
VERTEX
8
0
10
9.33485625
20
38.606700000000004
30
0
0
VERTEX
8
0
10
8.7611375
20
38.2754625
30
0
0
VERTEX
8
0
10
8.121237500000001
20
38.104003125
30
0
0
VERTEX
8
0
10
7.4587593750000005
20
38.104003125
30
0
0
VERTEX
8
0
10
6.818859375000001
20
38.2754625
30
0
0
VERTEX
8
0
10
6.245140625
20
38.606700000000004
30
0
0
VERTEX
8
0
10
5.7767
20
39.075140625
30
0
0
VERTEX
8
0
10
5.4454625000000005
20
39.648859375
30
0
0
VERTEX
8
0
10
5.274003125
20
40.288759375000005
30
0
0
VERTEX
8
0
10
5.274003125
20
40.951237500000005
30
0
0
VERTEX
8
0
10
5.4454625000000005
20
41.5911375
30
0
0
VERTEX
8
0
10
5.7767
20
42.16485625
30
0
0
VERTEX
8
0
10
6.245140625
20
42.633296875
30
0
0
VERTEX
8
0
10
6.818859375000001
20
42.964534375
30
0
0
VERTEX
8
0
10
7.4587593750000005
20
43.135993750000004
30
0
0
VERTEX
8
0
10
8.121237500000001
20
43.135993750000004
30
0
0
VERTEX
8
0
10
8.7611375
20
42.964534375
30
0
0
VERTEX
8
0
10
9.33485625
20
42.633296875
30
0
0
VERTEX
8
0
10
9.803296875000001
20
42.16485625
30
0
0
VERTEX
8
0
10
9.909809375
20
41.980365625000005
30
0
0
VERTEX
8
0
10
9.910984375
20
41.978871875
30
0
0
VERTEX
8
0
10
9.91178125
20
41.977134375
30
0
42
0.6456013644168357
0
VERTEX
8
0
10
10.04913125
20
41.997759375
30
0
0
VERTEX
8
0
10
10.050528125000001
20
42.0078375
30
0
0
VERTEX
8
0
10
10.051943750000001
20
42.015550000000005
30
0
42
0.009568382885305765
0
VERTEX
8
0
10
10.052
20
42.018465625000005
30
0
0
VERTEX
8
0
10
10.052
20
51.97344375
30
0
0
VERTEX
8
0
10
10.050784375000001
20
51.981871875
30
0
0
VERTEX
8
0
10
10.050103125
20
51.9903375
30
0
42
0.08765396656356698
0
VERTEX
8
0
10
10.03981875
20
52.014775
30
0
0
VERTEX
8
0
10
10.034946875000001
20
52.02036875
30
0
0
VERTEX
8
0
10
10.029681250000001
20
52.027325000000005
30
0
0
VERTEX
8
0
10
9.136075
20
52.920934375
30
0
0
VERTEX
8
0
10
9.1337875
20
52.922646875000005
30
0
0
VERTEX
8
0
10
9.1319125
20
52.924796875000006
30
0
42
0.5483994840632451
0
VERTEX
8
0
10
9.008862500000001
20
52.887759375
30
0
0
VERTEX
8
0
10
9.0076625
20
52.879096875
30
0
0
VERTEX
8
0
10
9.006146875
20
52.87185625
30
0
42
0.015770375218223928
0
VERTEX
8
0
10
9.00599375
20
52.867053125000005
30
0
0
VERTEX
8
0
10
9.005996875000001
20
52.6715625
30
0
0
VERTEX
8
0
10
8.988687500000001
20
52.606965625
30
0
0
VERTEX
8
0
10
8.955246875
20
52.54904375
30
0
0
VERTEX
8
0
10
8.907959375
20
52.50175625
30
0
0
VERTEX
8
0
10
8.850037500000001
20
52.468315625
30
0
0
VERTEX
8
0
10
8.785440625
20
52.451006250000006
30
0
0
VERTEX
8
0
10
8.127
20
52.451006250000006
30
0
0
VERTEX
8
0
10
8.127
20
52.705006250000004
30
0
0
VERTEX
8
0
10
8.752
20
52.705006250000004
30
0
0
VERTEX
8
0
10
8.752
20
53.305006250000005
30
0
0
VERTEX
8
0
10
7.202
20
53.305006250000005
30
0
0
VERTEX
8
0
10
7.202
20
53.15500625
30
0
0
VERTEX
8
0
10
6.948
20
53.15500625
30
0
0
VERTEX
8
0
10
6.948
20
53.338446875
30
0
0
VERTEX
8
0
10
6.965309375
20
53.40304375
30
0
0
VERTEX
8
0
10
7.001756250000001
20
53.46616875
30
0
0
VERTEX
8
0
10
7.004218750000001
20
53.472325000000005
30
0
0
VERTEX
8
0
10
7.00735625
20
53.478165625
30
0
42
0.2338327833371931
0
VERTEX
8
0
10
6.98964375
20
53.55815625
30
0
0
VERTEX
8
0
10
6.971503125
20
53.576293750000005
30
0
42
0.1443046178379988
0
VERTEX
8
0
10
6.9336625000000005
20
53.596900000000005
30
0
0
VERTEX
8
0
10
6.92626875
20
53.597409375000005
30
0
0
VERTEX
8
0
10
6.917625
20
53.59860625
30
0
0
VERTEX
8
0
10
5.91296875
20
53.59860625
30
0
0
VERTEX
8
0
10
3.6068000000000002
20
55.904775
30
0
0
VERTEX
8
0
10
3.6068000000000002
20
60.109803125000006
30
0
0
VERTEX
8
0
10
3.919525
20
60.422525
30
0
0
VERTEX
8
0
10
3.9212281250000003
20
60.424803125000004
30
0
0
VERTEX
8
0
10
3.9233875
20
60.426684375
30
0
42
0.5484095900174472
0
VERTEX
8
0
10
3.88635
20
60.549737500000006
30
0
0
VERTEX
8
0
10
3.8776875000000004
20
60.5509375
30
0
0
VERTEX
8
0
10
3.8704468750000003
20
60.552453125
30
0
42
0.015770375218223928
0
VERTEX
8
0
10
3.8656437500000003
20
60.552606250000004
30
0
0
VERTEX
8
0
10
2.362196875
20
60.552606250000004
30
0
0
VERTEX
8
0
10
2.356578125
20
60.55179375
30
0
42
0.3925881563456996
0
VERTEX
8
0
10
2.285996875
20
60.476406250000004
30
0
0
VERTEX
8
0
10
2.285996875
20
52.533603125
30
0
0
VERTEX
8
0
10
2.2868093750000003
20
52.527984375
30
0
42
0.3925881563456996
0
VERTEX
8
0
10
2.362196875
20
52.457403125
30
0
0
VERTEX
8
0
10
4.265125
20
52.457403125
30
0
0
VERTEX
8
0
10
4.354396875
20
52.368131250000005
30
0
0
VERTEX
8
0
10
4.354396875
20
51.041878125000004
30
0
0
VERTEX
8
0
10
4.265125
20
50.95260625
30
0
0
VERTEX
8
0
10
2.362196875
20
50.95260625
30
0
0
VERTEX
8
0
10
2.356578125
20
50.95179375
30
0
42
0.3925881563456996
0
VERTEX
8
0
10
2.285996875
20
50.87640625
30
0
0
VERTEX
8
0
10
2.285996875
20
12.522196875
30
0
0
VERTEX
8
0
10
2.2868093750000003
20
12.516578125
30
0
42
0.3925881563456996
0
VERTEX
8
0
10
2.362196875
20
12.445996875
30
0
0
VERTEX
8
0
10
40.19556875
20
12.445996875
30
0
0
SEQEND
0
POLYLINE
66
1
8
16_copper
10
0.0
20
0.0
30
0.0
70
1
0
VERTEX
8
0
10
11.455400000000001
20
65.55739375
30
0
0
VERTEX
8
0
10
11.455400000000001
20
65.67854375
30
0
0
VERTEX
8
0
10
11.06854375
20
66.0654
30
0
0
VERTEX
8
0
10
10.94739375
20
66.0654
30
0
0
VERTEX
8
0
10
10.94739375
20
66.31939687500001
30
0
0
VERTEX
8
0
10
11.173753125000001
20
66.31939687500001
30
0
0
VERTEX
8
0
10
11.709396875000001
20
65.783753125
30
0
0
VERTEX
8
0
10
11.709396875000001
20
65.55739375
30
0
0
SEQEND
0
POLYLINE
66
1
8
16_copper
10
0.0
20
0.0
30
0.0
70
1
0
VERTEX
8
0
10
9.880596875
20
65.55739375
30
0
0
VERTEX
8
0
10
9.880600000000001
20
65.783753125
30
0
0
VERTEX
8
0
10
10.416243750000001
20
66.31939687500001
30
0
0
VERTEX
8
0
10
10.6426
20
66.31939687500001
30
0
0
VERTEX
8
0
10
10.6426
20
66.0654
30
0
0
VERTEX
8
0
10
10.52145625
20
66.0654
30
0
0
VERTEX
8
0
10
10.1346
20
65.67854375
30
0
0
VERTEX
8
0
10
10.1346
20
65.55739375
30
0
0
SEQEND
0
POLYLINE
66
1
8
16_copper
10
0.0
20
0.0
30
0.0
70
1
0
VERTEX
8
0
10
31.628740625000002
20
64.7954
30
0
0
VERTEX
8
0
10
31.4046875
20
64.88820625
30
0
0
VERTEX
8
0
10
31.233206250000002
20
65.05968750000001
30
0
0
VERTEX
8
0
10
31.140400000000003
20
65.28374062500001
30
0
0
VERTEX
8
0
10
31.140400000000003
20
65.52625625
30
0
0
VERTEX
8
0
10
31.233206250000002
20
65.750309375
30
0
0
VERTEX
8
0
10
31.4046875
20
65.921790625
30
0
0
VERTEX
8
0
10
31.628740625000002
20
66.01459687500001
30
0
0
VERTEX
8
0
10
31.871256250000002
20
66.01459687500001
30
0
0
VERTEX
8
0
10
32.095309375
20
65.921790625
30
0
0
VERTEX
8
0
10
32.26944375
20
65.74765625
30
0
0
VERTEX
8
0
10
32.27045625
20
65.746109375
30
0
0
VERTEX
8
0
10
32.2751875
20
65.73813750000001
30
0
42
0.1553650101904322
0
VERTEX
8
0
10
32.313778125
20
65.712665625
30
0
0
VERTEX
8
0
10
32.324296875
20
65.71120937500001
30
0
0
VERTEX
8
0
10
32.332059375
20
65.709834375
30
0
42
0.007957433766569523
0
VERTEX
8
0
10
32.334484375
20
65.70979687500001
30
0
0
VERTEX
8
0
10
34.3405125
20
65.70979687500001
30
0
0
VERTEX
8
0
10
34.34215625
20
65.710034375
30
0
0
VERTEX
8
0
10
34.34380625
20
65.70986875
30
0
42
0.2031782006671504
0
VERTEX
8
0
10
34.400353125
20
65.73881875000001
30
0
0
VERTEX
8
0
10
34.4055
20
65.747603125
30
0
0
VERTEX
8
0
10
34.5796875
20
65.921790625
30
0
0
VERTEX
8
0
10
34.803740625
20
66.01459687500001
30
0
0
VERTEX
8
0
10
35.04625625
20
66.01459687500001
30
0
0
VERTEX
8
0
10
35.270309375000004
20
65.921790625
30
0
0
VERTEX
8
0
10
35.441790625
20
65.750309375
30
0
0
VERTEX
8
0
10
35.534596875
20
65.52625625
30
0
0
VERTEX
8
0
10
35.534596875
20
65.28374062500001
30
0
0
VERTEX
8
0
10
35.441790625
20
65.05968750000001
30
0
0
VERTEX
8
0
10
35.270309375000004
20
64.88820625
30
0
0
VERTEX
8
0
10
35.04625625
20
64.7954
30
0
0
VERTEX
8
0
10
34.803740625
20
64.7954
30
0
0
VERTEX
8
0
10
34.5796875
20
64.88820625
30
0
0
VERTEX
8
0
10
34.405553125000004
20
65.062340625
30
0
0
VERTEX
8
0
10
34.40455
20
65.06387500000001
30
0
0
VERTEX
8
0
10
34.399809375000004
20
65.071859375
30
0
42
0.1553650101904322
0
VERTEX
8
0
10
34.36121875
20
65.09733125
30
0
0
VERTEX
8
0
10
34.3507
20
65.0987875
30
0
0
VERTEX
8
0
10
34.342937500000005
20
65.1001625
30
0
42
0.007957433766569523
0
VERTEX
8
0
10
34.3405125
20
65.1002
30
0
0
VERTEX
8
0
10
32.334484375
20
65.1002
30
0
0
VERTEX
8
0
10
32.332840625
20
65.0999625
30
0
0
VERTEX
8
0
10
32.331190625000005
20
65.100128125
30
0
42
0.2031782006671504
0
VERTEX
8
0
10
32.27464375
20
65.071178125
30
0
0
VERTEX
8
0
10
32.269496875
20
65.06239375
30
0
0
VERTEX
8
0
10
32.095309375
20
64.88820625
30
0
0
VERTEX
8
0
10
31.871256250000002
20
64.7954
30
0
0
SEQEND
0
POLYLINE
66
1
8
16_copper
10
0.0
20
0.0
30
0.0
70
1
0
VERTEX
8
0
10
10.416243750000001
20
64.4906
30
0
0
VERTEX
8
0
10
9.880600000000001
20
65.02624375
30
0
0
VERTEX
8
0
10
9.880600000000001
20
65.2526
30
0
0
VERTEX
8
0
10
10.1346
20
65.2526
30
0
0
VERTEX
8
0
10
10.1346
20
65.13145625
30
0
0
VERTEX
8
0
10
10.52145625
20
64.7446
30
0
0
VERTEX
8
0
10
10.6426
20
64.7446
30
0
0
VERTEX
8
0
10
10.6426
20
64.4906
30
0
0
SEQEND
0
POLYLINE
66
1
8
16_copper
10
0.0
20
0.0
30
0.0
70
1
0
VERTEX
8
0
10
10.94739375
20
64.4906
30
0
0
VERTEX
8
0
10
10.94739375
20
64.7446
30
0
0
VERTEX
8
0
10
11.06854375
20
64.7446
30
0
0
VERTEX
8
0
10
11.455400000000001
20
65.13145625
30
0
0
VERTEX
8
0
10
11.455400000000001
20
65.2526
30
0
0
VERTEX
8
0
10
11.709396875000001
20
65.2526
30
0
0
VERTEX
8
0
10
11.709396875000001
20
65.02624375
30
0
0
VERTEX
8
0
10
11.173753125000001
20
64.4906
30
0
0
SEQEND
0
POLYLINE
66
1
8
16_copper
10
0.0
20
0.0
30
0.0
70
1
0
VERTEX
8
0
10
10.416243750000001
20
61.9506
30
0
0
VERTEX
8
0
10
9.880600000000001
20
62.48624375
30
0
0
VERTEX
8
0
10
9.880600000000001
20
63.243753125000005
30
0
0
VERTEX
8
0
10
10.416243750000001
20
63.779396875
30
0
0
VERTEX
8
0
10
11.173753125000001
20
63.779396875
30
0
0
VERTEX
8
0
10
11.709396875000001
20
63.243753125000005
30
0
0
VERTEX
8
0
10
11.709396875000001
20
62.48624375
30
0
0
VERTEX
8
0
10
11.173753125000001
20
61.9506
30
0
0
SEQEND
0
POLYLINE
66
1
8
16_copper
10
0.0
20
0.0
30
0.0
70
1
0
VERTEX
8
0
10
30.778325000000002
20
60.147200000000005
30
0
0
VERTEX
8
0
10
30.302200000000003
20
60.623325
30
0
0
VERTEX
8
0
10
30.302200000000003
20
61.296671875
30
0
0
VERTEX
8
0
10
30.778325000000002
20
61.772796875000004
30
0
0
VERTEX
8
0
10
31.451671875000002
20
61.772796875000004
30
0
0
VERTEX
8
0
10
31.927796875000002
20
61.296671875
30
0
0
VERTEX
8
0
10
31.927796875000002
20
60.623325
30
0
0
VERTEX
8
0
10
31.451671875000002
20
60.147200000000005
30
0
0
SEQEND
0
POLYLINE
66
1
8
16_copper
10
0.0
20
0.0
30
0.0
70
1
0
VERTEX
8
0
10
33.318325
20
60.147200000000005
30
0
0
VERTEX
8
0
10
32.8422
20
60.623325
30
0
0
VERTEX
8
0
10
32.8422
20
61.296671875
30
0
0
VERTEX
8
0
10
33.318325
20
61.772796875000004
30
0
0
VERTEX
8
0
10
33.991671875
20
61.772796875000004
30
0
0
VERTEX
8
0
10
34.467796875000005
20
61.296671875
30
0
0
VERTEX
8
0
10
34.467796875000005
20
60.623325
30
0
0
VERTEX
8
0
10
33.991671875
20
60.147200000000005
30
0
0
SEQEND
0
POLYLINE
66
1
8
16_copper
10
0.0
20
0.0
30
0.0
70
1
0
VERTEX
8
0
10
16.750459375000002
20
53.0225
30
0
0
VERTEX
8
0
10
16.1925
20
53.580459375000004
30
0
0
VERTEX
8
0
10
16.1925
20
54.3695375
30
0
0
VERTEX
8
0
10
16.246975
20
54.424009375000004
30
0
0
VERTEX
8
0
10
16.250378125
20
54.428559375000006
30
0
42
0.39256960445629635
0
VERTEX
8
0
10
16.246975
20
54.531771875000004
30
0
0
VERTEX
8
0
10
15.9512
20
54.827546875
30
0
0
VERTEX
8
0
10
15.9512
20
56.539209375000006
30
0
0
VERTEX
8
0
10
15.950962500000001
20
56.540846875
30
0
0
VERTEX
8
0
10
15.951128125
20
56.542484375
30
0
42
0.21835303827521493
0
VERTEX
8
0
10
15.92219375
20
56.5990375
30
0
0
VERTEX
8
0
10
15.912953125000001
20
56.604456250000005
30
0
0
VERTEX
8
0
10
15.906365625000001
20
56.608653125000004
30
0
42
0.007889569284554799
0
VERTEX
8
0
10
15.904159375
20
56.609609375000005
30
0
0
VERTEX
8
0
10
15.8471875
20
56.63320625
30
0
0
VERTEX
8
0
10
15.675706250000001
20
56.8046875
30
0
0
VERTEX
8
0
10
15.5829
20
57.028740625000005
30
0
0
VERTEX
8
0
10
15.5829
20
57.27125625
30
0
0
VERTEX
8
0
10
15.675706250000001
20
57.495309375000005
30
0
0
VERTEX
8
0
10
15.8471875
20
57.666790625000004
30
0
0
VERTEX
8
0
10
16.071240625
20
57.759596875
30
0
0
VERTEX
8
0
10
16.31375625
20
57.759596875
30
0
0
VERTEX
8
0
10
16.537809375000002
20
57.666790625000004
30
0
0
VERTEX
8
0
10
16.709290625
20
57.495309375000005
30
0
0
VERTEX
8
0
10
16.802096875
20
57.27125625
30
0
0
VERTEX
8
0
10
16.802096875
20
57.028740625000005
30
0
0
VERTEX
8
0
10
16.709290625
20
56.8046875
30
0
0
VERTEX
8
0
10
16.537809375000002
20
56.63320625
30
0
0
VERTEX
8
0
10
16.4808375
20
56.609609375000005
30
0
42
0.22964142233929763
0
VERTEX
8
0
10
16.436665625
20
56.559915625
30
0
0
VERTEX
8
0
10
16.435203125
20
56.54936875
30
0
0
VERTEX
8
0
10
16.433834375
20
56.541615625000006
30
0
42
0.007895945717277726
0
VERTEX
8
0
10
16.433796875000002
20
56.539209375000006
30
0
0
VERTEX
8
0
10
16.433796875000002
20
55.0590125
30
0
0
VERTEX
8
0
10
16.4350125
20
55.050584375
30
0
0
VERTEX
8
0
10
16.435693750000002
20
55.04211875
30
0
42
0.08765396656356698
0
VERTEX
8
0
10
16.445978125
20
55.01768125
30
0
0
VERTEX
8
0
10
16.45085
20
55.0120875
30
0
0
VERTEX
8
0
10
16.456115625000002
20
55.005131250000005
30
0
0
VERTEX
8
0
10
16.588225
20
54.873021875
30
0
0
VERTEX
8
0
10
16.592784375
20
54.8696125
30
0
42
0.39252692588609156
0
VERTEX
8
0
10
16.6959875
20
54.873021875
30
0
0
VERTEX
8
0
10
16.750459375000002
20
54.927496875
30
0
0
VERTEX
8
0
10
17.5395375
20
54.927496875
30
0
0
VERTEX
8
0
10
18.097496875
20
54.3695375
30
0
0
VERTEX
8
0
10
18.097496875
20
53.580459375000004
30
0
0
VERTEX
8
0
10
17.5395375
20
53.0225
30
0
0
SEQEND
0
POLYLINE
66
1
8
16_copper
10
0.0
20
0.0
30
0.0
70
1
0
VERTEX
8
0
10
18.6309
20
54.12739375
30
0
0
VERTEX
8
0
10
18.6309
20
54.41161875
30
0
0
VERTEX
8
0
10
19.248378125000002
20
55.029096875
30
0
0
VERTEX
8
0
10
19.532600000000002
20
55.029096875
30
0
0
VERTEX
8
0
10
19.532600000000002
20
54.7751
30
0
0
VERTEX
8
0
10
19.353590625000002
20
54.7751
30
0
0
VERTEX
8
0
10
18.884900000000002
20
54.306409375
30
0
0
VERTEX
8
0
10
18.884900000000002
20
54.12739375
30
0
0
SEQEND
0
POLYLINE
66
1
8
16_copper
10
0.0
20
0.0
30
0.0
70
1
0
VERTEX
8
0
10
20.485100000000003
20
54.12739375
30
0
0
VERTEX
8
0
10
20.485100000000003
20
54.306409375
30
0
0
VERTEX
8
0
10
20.016409375000002
20
54.7751
30
0
0
VERTEX
8
0
10
19.83739375
20
54.7751
30
0
0
VERTEX
8
0
10
19.83739375
20
55.029096875
30
0
0
VERTEX
8
0
10
20.12161875
20
55.029096875
30
0
0
VERTEX
8
0
10
20.739096875
20
54.41161875
30
0
0
VERTEX
8
0
10
20.739096875
20
54.12739375
30
0
0
SEQEND
0
POLYLINE
66
1
8
16_copper
10
0.0
20
0.0
30
0.0
70
1
0
VERTEX
8
0
10
26.885900000000003
20
54.12739375
30
0
0
VERTEX
8
0
10
26.885900000000003
20
54.41161875
30
0
0
VERTEX
8
0
10
27.503378125
20
55.029096875
30
0
0
VERTEX
8
0
10
27.7876
20
55.029096875
30
0
0
VERTEX
8
0
10
27.7876
20
54.7751
30
0
0
VERTEX
8
0
10
27.608590625
20
54.7751
30
0
0
VERTEX
8
0
10
27.1399
20
54.306409375
30
0
0
VERTEX
8
0
10
27.1399
20
54.12739375
30
0
0
SEQEND
0
POLYLINE
66
1
8
16_copper
10
0.0
20
0.0
30
0.0
70
1
0
VERTEX
8
0
10
35.1409
20
54.12739375
30
0
0
VERTEX
8
0
10
35.1409
20
54.41161875
30
0
0
VERTEX
8
0
10
35.758378125
20
55.029096875
30
0
0
VERTEX
8
0
10
36.0426
20
55.029096875
30
0
0
VERTEX
8
0
10
36.0426
20
54.7751
30
0
0
VERTEX
8
0
10
35.863590625
20
54.7751
30
0
0
VERTEX
8
0
10
35.3949
20
54.306409375
30
0
0
VERTEX
8
0
10
35.3949
20
54.12739375
30
0
0
SEQEND
0
POLYLINE
66
1
8
16_copper
10
0.0
20
0.0
30
0.0
70
1
0
VERTEX
8
0
10
28.7401
20
54.12739375
30
0
0
VERTEX
8
0
10
28.7401
20
54.306409375
30
0
0
VERTEX
8
0
10
28.271409375
20
54.7751
30
0
0
VERTEX
8
0
10
28.092393750000003
20
54.7751
30
0
0
VERTEX
8
0
10
28.092393750000003
20
55.029096875
30
0
0
VERTEX
8
0
10
28.376618750000002
20
55.029096875
30
0
0
VERTEX
8
0
10
28.994096875
20
54.41161875
30
0
0
VERTEX
8
0
10
28.994096875
20
54.12739375
30
0
0
SEQEND
0
POLYLINE
66
1
8
16_copper
10
0.0
20
0.0
30
0.0
70
1
0
VERTEX
8
0
10
36.9951
20
54.12739375
30
0
0
VERTEX
8
0
10
36.9951
20
54.306409375
30
0
0
VERTEX
8
0
10
36.526409375
20
54.7751
30
0
0
VERTEX
8
0
10
36.34739375
20
54.7751
30
0
0
VERTEX
8
0
10
36.34739375
20
55.029096875
30
0
0
VERTEX
8
0
10
36.63161875
20
55.029096875
30
0
0
VERTEX
8
0
10
37.249096875
20
54.41161875
30
0
0
VERTEX
8
0
10
37.249096875
20
54.12739375
30
0
0
SEQEND
0
POLYLINE
66
1
8
16_copper
10
0.0
20
0.0
30
0.0
70
1
0
VERTEX
8
0
10
22.71853125
20
50.0888
30
0
0
VERTEX
8
0
10
22.457134375000003
20
50.197075000000005
30
0
0
VERTEX
8
0
10
22.257075
20
50.397134375
30
0
0
VERTEX
8
0
10
22.1488
20
50.65853125
30
0
0
VERTEX
8
0
10
22.1488
20
50.940818750000005
30
0
0
VERTEX
8
0
10
22.147584375
20
50.949246875
30
0
0
VERTEX
8
0
10
22.146903125
20
50.9577125
30
0
42
0.08765396656356698
0
VERTEX
8
0
10
22.13661875
20
50.982150000000004
30
0
0
VERTEX
8
0
10
22.131746875
20
50.98774375
30
0
0
VERTEX
8
0
10
22.12648125
20
50.9947
30
0
0
VERTEX
8
0
10
21.1497
20
51.971481250000004
30
0
0
VERTEX
8
0
10
21.142915625
20
51.976553125
30
0
0
VERTEX
8
0
10
21.136415625
20
51.982087500000006
30
0
42
0.08765145259213399
0
VERTEX
8
0
10
21.1118625
20
51.992090625
30
0
0
VERTEX
8
0
10
21.1044875
20
51.9926
30
0
0
VERTEX
8
0
10
21.09581875
20
51.9938
30
0
0
VERTEX
8
0
10
20.81353125
20
51.9938
30
0
0
VERTEX
8
0
10
20.552134375
20
52.102075
30
0
0
VERTEX
8
0
10
20.352075
20
52.302134375
30
0
0
VERTEX
8
0
10
20.2438
20
52.563531250000004
30
0
0
VERTEX
8
0
10
20.2438
20
52.859121875
30
0
0
VERTEX
8
0
10
20.243390625
20
52.861953125
30
0
0
VERTEX
8
0
10
20.2435875
20
52.864803125
30
0
42
0.4306707318037769
0
VERTEX
8
0
10
20.13038125
20
52.9256125
30
0
0
VERTEX
8
0
10
20.124156250000002
20
52.9209
30
0
0
VERTEX
8
0
10
19.83739375
20
52.9209
30
0
0
VERTEX
8
0
10
19.83739375
20
53.1749
30
0
0
VERTEX
8
0
10
20.016409375000002
20
53.1749
30
0
0
VERTEX
8
0
10
20.485100000000003
20
53.643590625
30
0
0
VERTEX
8
0
10
20.485100000000003
20
53.8226
30
0
0
VERTEX
8
0
10
20.739093750000002
20
53.8226
30
0
0
VERTEX
8
0
10
20.739096875
20
53.535787500000005
30
0
0
VERTEX
8
0
10
20.738790625
20
53.535306250000005
30
0
0
VERTEX
8
0
10
20.7339625
20
53.528853125000005
30
0
42
0.481349217921916
0
VERTEX
8
0
10
20.78016875
20
53.419065625
30
0
0
VERTEX
8
0
10
20.788821875
20
53.417865625000005
30
0
0
VERTEX
8
0
10
20.7960625
20
53.41635
30
0
42
0.015801079978608547
0
VERTEX
8
0
10
20.800875
20
53.416196875000004
30
0
0
VERTEX
8
0
10
21.0964625
20
53.416196875000004
30
0
0
VERTEX
8
0
10
21.09693125
20
53.416003125
30
0
42
0.4737127323938766
0
VERTEX
8
0
10
21.201771875000002
20
53.495337500000005
30
0
0
VERTEX
8
0
10
21.19956875
20
53.503784375
30
0
0
VERTEX
8
0
10
21.198196875
20
53.511059375
30
0
42
0.015077905573132763
0
VERTEX
8
0
10
21.196493750000002
20
53.515565625
30
0
0
VERTEX
8
0
10
21.1963
20
53.516034375000004
30
0
0
VERTEX
8
0
10
21.1963
20
53.798965625
30
0
0
VERTEX
8
0
10
21.304575
20
54.060362500000004
30
0
0
VERTEX
8
0
10
21.504634375000002
20
54.260421875000006
30
0
0
VERTEX
8
0
10
21.76603125
20
54.368696875000005
30
0
0
VERTEX
8
0
10
22.048965625
20
54.368696875000005
30
0
0
VERTEX
8
0
10
22.3103625
20
54.260421875000006
30
0
0
VERTEX
8
0
10
22.510421875000002
20
54.060362500000004
30
0
0
VERTEX
8
0
10
22.618696875
20
53.798965625
30
0
0
VERTEX
8
0
10
22.618696875
20
53.516678125000006
30
0
0
VERTEX
8
0
10
22.619515625000002
20
53.5110125
30
0
0
VERTEX
8
0
10
22.619540625000003
20
53.50648125
30
0
0
VERTEX
8
0
10
22.62024375
20
53.504146875
30
0
0
VERTEX
8
0
10
22.62059375
20
53.499784375000004
30
0
42
0.015770042330091556
0
VERTEX
8
0
10
22.621806250000002
20
53.495134375
30
0
0
VERTEX
8
0
10
22.62515625
20
53.487828125
30
0
0
VERTEX
8
0
10
22.625815625
20
53.4856375
30
0
0
VERTEX
8
0
10
22.62633125
20
53.484846875
30
0
0
VERTEX
8
0
10
22.628400000000003
20
53.479465625
30
0
42
0.015773954014740632
0
VERTEX
8
0
10
22.630878125000002
20
53.475346875
30
0
0
VERTEX
8
0
10
22.63575
20
53.469753125000004
30
0
0
VERTEX
8
0
10
22.641015625
20
53.462796875
30
0
0
VERTEX
8
0
10
23.617796875
20
52.486015625
30
0
0
VERTEX
8
0
10
23.624581250000002
20
52.48094375
30
0
0
VERTEX
8
0
10
23.63108125
20
52.475409375000005
30
0
42
0.08765145259213399
0
VERTEX
8
0
10
23.655634375
20
52.46540625
30
0
0
VERTEX
8
0
10
23.663009375
20
52.464896875
30
0
0
VERTEX
8
0
10
23.671678125
20
52.463696875000004
30
0
0
VERTEX
8
0
10
23.953965625000002
20
52.463696875000004
30
0
0
VERTEX
8
0
10
24.2153625
20
52.355421875000005
30
0
0
VERTEX
8
0
10
24.415421875
20
52.1553625
30
0
0
VERTEX
8
0
10
24.523696875000002
20
51.893965625
30
0
0
VERTEX
8
0
10
24.523696875000002
20
51.61103125
30
0
0
VERTEX
8
0
10
24.415421875
20
51.349634375
30
0
0
VERTEX
8
0
10
24.2153625
20
51.149575000000006
30
0
0
VERTEX
8
0
10
23.953965625000002
20
51.0413
30
0
0
VERTEX
8
0
10
23.671034375
20
51.0413
30
0
0
VERTEX
8
0
10
23.670565625000002
20
51.04149375
30
0
42
0.4810174307596849
0
VERTEX
8
0
10
23.565725
20
50.962159375000006
30
0
0
VERTEX
8
0
10
23.567928125
20
50.9537125
30
0
0
VERTEX
8
0
10
23.569300000000002
20
50.9464375
30
0
42
0.013544887572169413
0
VERTEX
8
0
10
23.571003125
20
50.94193125
30
0
0
VERTEX
8
0
10
23.571196875000002
20
50.9414625
30
0
0
VERTEX
8
0
10
23.571196875000002
20
50.65853125
30
0
0
VERTEX
8
0
10
23.462921875000003
20
50.397134375
30
0
0
VERTEX
8
0
10
23.2628625
20
50.197075000000005
30
0
0
VERTEX
8
0
10
23.001465625
20
50.0888
30
0
0
SEQEND
0
POLYLINE
66
1
8
16_copper
10
0.0
20
0.0
30
0.0
70
1
0
VERTEX
8
0
10
27.503378125
20
52.9209
30
0
0
VERTEX
8
0
10
26.885900000000003
20
53.538378125
30
0
0
VERTEX
8
0
10
26.885900000000003
20
53.8226
30
0
0
VERTEX
8
0
10
27.1399
20
53.8226
30
0
0
VERTEX
8
0
10
27.1399
20
53.643590625
30
0
0
VERTEX
8
0
10
27.608590625
20
53.1749
30
0
0
VERTEX
8
0
10
27.7876
20
53.1749
30
0
0
VERTEX
8
0
10
27.7876
20
52.9209
30
0
0
SEQEND
0
POLYLINE
66
1
8
16_copper
10
0.0
20
0.0
30
0.0
70
1
0
VERTEX
8
0
10
35.758378125
20
52.9209
30
0
0
VERTEX
8
0
10
35.1409
20
53.538378125
30
0
0
VERTEX
8
0
10
35.1409
20
53.8226
30
0
0
VERTEX
8
0
10
35.3949
20
53.8226
30
0
0
VERTEX
8
0
10
35.3949
20
53.643590625
30
0
0
VERTEX
8
0
10
35.863590625
20
53.1749
30
0
0
VERTEX
8
0
10
36.0426
20
53.1749
30
0
0
VERTEX
8
0
10
36.0426
20
52.9209
30
0
0
SEQEND
0
POLYLINE
66
1
8
16_copper
10
0.0
20
0.0
30
0.0
70
1
0
VERTEX
8
0
10
19.248378125000002
20
52.9209
30
0
0
VERTEX
8
0
10
18.6309
20
53.538378125
30
0
0
VERTEX
8
0
10
18.6309
20
53.8226
30
0
0
VERTEX
8
0
10
18.884900000000002
20
53.8226
30
0
0
VERTEX
8
0
10
18.884900000000002
20
53.643590625
30
0
0
VERTEX
8
0
10
19.353590625000002
20
53.1749
30
0
0
VERTEX
8
0
10
19.532600000000002
20
53.1749
30
0
0
VERTEX
8
0
10
19.532600000000002
20
52.9209
30
0
0
SEQEND
0
POLYLINE
66
1
8
16_copper
10
0.0
20
0.0
30
0.0
70
1
0
VERTEX
8
0
10
36.34739375
20
52.9209
30
0
0
VERTEX
8
0
10
36.34739375
20
53.1749
30
0
0
VERTEX
8
0
10
36.526409375
20
53.1749
30
0
0
VERTEX
8
0
10
36.9951
20
53.643590625
30
0
0
VERTEX
8
0
10
36.9951
20
53.8226
30
0
0
VERTEX
8
0
10
37.24909375
20
53.8226
30
0
0
VERTEX
8
0
10
37.249096875
20
53.538378125
30
0
0
VERTEX
8
0
10
36.63161875
20
52.9209
30
0
0
SEQEND
0
POLYLINE
66
1
8
16_copper
10
0.0
20
0.0
30
0.0
70
1
0
VERTEX
8
0
10
28.092393750000003
20
52.9209
30
0
0
VERTEX
8
0
10
28.092393750000003
20
53.1749
30
0
0
VERTEX
8
0
10
28.271409375
20
53.1749
30
0
0
VERTEX
8
0
10
28.7401
20
53.643590625
30
0
0
VERTEX
8
0
10
28.7401
20
53.8226
30
0
0
VERTEX
8
0
10
28.99409375
20
53.8226
30
0
0
VERTEX
8
0
10
28.994096875
20
53.538378125
30
0
0
VERTEX
8
0
10
28.376618750000002
20
52.9209
30
0
0
SEQEND
0
POLYLINE
66
1
8
16_copper
10
0.0
20
0.0
30
0.0
70
1
0
VERTEX
8
0
10
7.16855625
20
52.451006250000006
30
0
0
VERTEX
8
0
10
7.1039593750000005
20
52.468315625
30
0
0
VERTEX
8
0
10
7.046037500000001
20
52.50175625
30
0
0
VERTEX
8
0
10
6.99875
20
52.54904375
30
0
0
VERTEX
8
0
10
6.965309375
20
52.606965625
30
0
0
VERTEX
8
0
10
6.948
20
52.6715625
30
0
0
VERTEX
8
0
10
6.948
20
52.855000000000004
30
0
0
VERTEX
8
0
10
7.202
20
52.855000000000004
30
0
0
VERTEX
8
0
10
7.202
20
52.705006250000004
30
0
0
VERTEX
8
0
10
7.826993750000001
20
52.705006250000004
30
0
0
VERTEX
8
0
10
7.826993750000001
20
52.451003125
30
0
0
SEQEND
0
POLYLINE
66
1
8
16_copper
10
0.0
20
0.0
30
0.0
70
1
0
VERTEX
8
0
10
14.743475
20
43.96739375
30
0
0
VERTEX
8
0
10
14.75701875
20
44.052909375
30
0
0
VERTEX
8
0
10
14.806440625
20
44.205021875
30
0
0
VERTEX
8
0
10
14.8790375
20
44.347500000000004
30
0
0
VERTEX
8
0
10
14.973034375000001
20
44.476875
30
0
0
VERTEX
8
0
10
15.086121875
20
44.5899625
30
0
0
VERTEX
8
0
10
15.215496875000001
20
44.683959375
30
0
0
VERTEX
8
0
10
15.357975000000001
20
44.75655625
30
0
0
VERTEX
8
0
10
15.510087500000001
20
44.805978125
30
0
0
VERTEX
8
0
10
15.66804375
20
44.830996875000004
30
0
0
VERTEX
8
0
10
16.3576
20
44.830996875000004
30
0
0
VERTEX
8
0
10
16.3576
20
44.577000000000005
30
0
0
VERTEX
8
0
10
15.710565625000001
20
44.577000000000005
30
0
0
VERTEX
8
0
10
15.636056250000001
20
44.5696625
30
0
42
0.30334643882340373
0
VERTEX
8
0
10
15.00794375
20
44.000375000000005
30
0
0
VERTEX
8
0
10
15.001384375
20
43.96739375
30
0
0
SEQEND
0
POLYLINE
66
1
8
16_copper
10
0.0
20
0.0
30
0.0
70
1
0
VERTEX
8
0
10
18.018615625000002
20
43.96739375
30
0
0
VERTEX
8
0
10
18.01205625
20
44.000375000000005
30
0
42
0.3303552833504715
0
VERTEX
8
0
10
17.309434375000002
20
44.577000000000005
30
0
0
VERTEX
8
0
10
16.66239375
20
44.577000000000005
30
0
0
VERTEX
8
0
10
16.66239375
20
44.830993750000005
30
0
0
VERTEX
8
0
10
17.351953125
20
44.830996875000004
30
0
0
VERTEX
8
0
10
17.509909375
20
44.805978125
30
0
0
VERTEX
8
0
10
17.662021875
20
44.75655625
30
0
0
VERTEX
8
0
10
17.8045
20
44.683959375
30
0
0
VERTEX
8
0
10
17.933875
20
44.5899625
30
0
0
VERTEX
8
0
10
18.0469625
20
44.476875
30
0
0
VERTEX
8
0
10
18.140959375
20
44.347500000000004
30
0
0
VERTEX
8
0
10
18.21355625
20
44.205021875
30
0
0
VERTEX
8
0
10
18.262978125
20
44.052909375
30
0
0
VERTEX
8
0
10
18.276521875
20
43.96739375
30
0
0
SEQEND
0
POLYLINE
66
1
8
16_copper
10
0.0
20
0.0
30
0.0
70
1
0
VERTEX
8
0
10
15.66804375
20
42.799
30
0
0
VERTEX
8
0
10
15.510087500000001
20
42.82401875
30
0
0
VERTEX
8
0
10
15.357975000000001
20
42.873440625
30
0
0
VERTEX
8
0
10
15.215496875000001
20
42.9460375
30
0
0
VERTEX
8
0
10
15.086121875
20
43.040034375000005
30
0
0
VERTEX
8
0
10
14.973034375000001
20
43.153121875000004
30
0
0
VERTEX
8
0
10
14.8790375
20
43.282496875
30
0
0
VERTEX
8
0
10
14.806440625
20
43.424975
30
0
0
VERTEX
8
0
10
14.75701875
20
43.577087500000005
30
0
0
VERTEX
8
0
10
14.743475
20
43.662600000000005
30
0
0
VERTEX
8
0
10
15.001384375
20
43.662600000000005
30
0
0
VERTEX
8
0
10
15.00794375
20
43.629625000000004
30
0
42
0.3303552833504715
0
VERTEX
8
0
10
15.710565625000001
20
43.053000000000004
30
0
0
VERTEX
8
0
10
16.3576
20
43.053000000000004
30
0
0
VERTEX
8
0
10
16.3576
20
42.799
30
0
0
SEQEND
0
POLYLINE
66
1
8
16_copper
10
0.0
20
0.0
30
0.0
70
1
0
VERTEX
8
0
10
16.66239375
20
42.799
30
0
0
VERTEX
8
0
10
16.66239375
20
43.053000000000004
30
0
0
VERTEX
8
0
10
17.309434375000002
20
43.053000000000004
30
0
0
VERTEX
8
0
10
17.38394375
20
43.0603375
30
0
42
0.30334643882340373
0
VERTEX
8
0
10
18.01205625
20
43.629625000000004
30
0
0
VERTEX
8
0
10
18.018615625000002
20
43.662600000000005
30
0
0
VERTEX
8
0
10
18.276521875
20
43.662600000000005
30
0
0
VERTEX
8
0
10
18.262978125
20
43.577087500000005
30
0
0
VERTEX
8
0
10
18.21355625
20
43.424975
30
0
0
VERTEX
8
0
10
18.140959375
20
43.282496875
30
0
0
VERTEX
8
0
10
18.0469625
20
43.153121875000004
30
0
0
VERTEX
8
0
10
17.933875
20
43.040034375000005
30
0
0
VERTEX
8
0
10
17.8045
20
42.9460375
30
0
0
VERTEX
8
0
10
17.662021875
20
42.873440625
30
0
0
VERTEX
8
0
10
17.509909375
20
42.82401875
30
0
0
VERTEX
8
0
10
17.351953125
20
42.799
30
0
0
SEQEND
0
POLYLINE
66
1
8
16_copper
10
0.0
20
0.0
30
0.0
70
1
0
VERTEX
8
0
10
37.958496875
20
38.104003125
30
0
0
VERTEX
8
0
10
37.318596875000004
20
38.2754625
30
0
0
VERTEX
8
0
10
36.744878125
20
38.606700000000004
30
0
0
VERTEX
8
0
10
36.2764375
20
39.075140625
30
0
0
VERTEX
8
0
10
35.9452
20
39.648859375
30
0
0
VERTEX
8
0
10
35.773740625
20
40.288759375000005
30
0
0
VERTEX
8
0
10
35.773740625
20
40.951237500000005
30
0
0
VERTEX
8
0
10
35.9452
20
41.5911375
30
0
0
VERTEX
8
0
10
36.2764375
20
42.16485625
30
0
0
VERTEX
8
0
10
36.744878125
20
42.633296875
30
0
0
VERTEX
8
0
10
37.318596875000004
20
42.964534375
30
0
0
VERTEX
8
0
10
37.958496875
20
43.135993750000004
30
0
0
VERTEX
8
0
10
38.620975
20
43.135993750000004
30
0
0
VERTEX
8
0
10
39.260875
20
42.964534375
30
0
0
VERTEX
8
0
10
39.83459375
20
42.633296875
30
0
0
VERTEX
8
0
10
40.303034375
20
42.16485625
30
0
0
VERTEX
8
0
10
40.634271875
20
41.5911375
30
0
0
VERTEX
8
0
10
40.80573125
20
40.951237500000005
30
0
0
VERTEX
8
0
10
40.80573125
20
40.288759375000005
30
0
0
VERTEX
8
0
10
40.634271875
20
39.648859375
30
0
0
VERTEX
8
0
10
40.303034375
20
39.075140625
30
0
0
VERTEX
8
0
10
39.83459375
20
38.606700000000004
30
0
0
VERTEX
8
0
10
39.260875
20
38.2754625
30
0
0
VERTEX
8
0
10
38.620975
20
38.104003125
30
0
0
SEQEND
0
POLYLINE
66
1
8
16_copper
10
0.0
20
0.0
30
0.0
70
1
0
VERTEX
8
0
10
15.566112500000001
20
40.360600000000005
30
0
0
VERTEX
8
0
10
15.230031250000001
20
40.499809375000005
30
0
0
VERTEX
8
0
10
14.972809375
20
40.757031250000004
30
0
0
VERTEX
8
0
10
14.8336
20
41.093112500000004
30
0
0
VERTEX
8
0
10
14.8336
20
41.456884375
30
0
0
VERTEX
8
0
10
14.972809375
20
41.792965625
30
0
0
VERTEX
8
0
10
15.230031250000001
20
42.0501875
30
0
0
VERTEX
8
0
10
15.566112500000001
20
42.189396875
30
0
0
VERTEX
8
0
10
17.453884375
20
42.189396875
30
0
0
VERTEX
8
0
10
17.789965625
20
42.0501875
30
0
0
VERTEX
8
0
10
18.0471875
20
41.792965625
30
0
0
VERTEX
8
0
10
18.186396875
20
41.456884375
30
0
0
VERTEX
8
0
10
18.186396875
20
41.093112500000004
30
0
0
VERTEX
8
0
10
18.0471875
20
40.757031250000004
30
0
0
VERTEX
8
0
10
17.789965625
20
40.499809375000005
30
0
0
VERTEX
8
0
10
17.453884375
20
40.360600000000005
30
0
0
SEQEND
0
POLYLINE
66
1
8
16_copper
10
0.0
20
0.0
30
0.0
70
1
0
VERTEX
8
0
10
24.145978125000003
20
12.928600000000001
30
0
0
VERTEX
8
0
10
23.809896875
20
13.067809375000001
30
0
0
VERTEX
8
0
10
23.552675
20
13.32503125
30
0
0
VERTEX
8
0
10
23.413465625
20
13.6611125
30
0
0
VERTEX
8
0
10
23.413465625
20
15.548884375
30
0
0
VERTEX
8
0
10
23.552675
20
15.884965625000001
30
0
0
VERTEX
8
0
10
23.620831250000002
20
15.953118750000002
30
0
0
VERTEX
8
0
10
23.624234375
20
15.957668750000002
30
0
42
0.39256960445629635
0
VERTEX
8
0
10
23.620831250000002
20
16.06088125
30
0
0
VERTEX
8
0
10
18.660128125
20
21.02158125
30
0
0
VERTEX
8
0
10
18.5039
20
21.177809375000002
30
0
0
VERTEX
8
0
10
18.5039
20
36.703746875
30
0
0
VERTEX
8
0
10
18.502684375
20
36.712175
30
0
0
VERTEX
8
0
10
18.502003125
20
36.720640625
30
0
42
0.08765396656356698
0
VERTEX
8
0
10
18.49171875
20
36.745078125
30
0
0
VERTEX
8
0
10
18.486846875
20
36.750671875
30
0
0
VERTEX
8
0
10
18.48158125
20
36.757628125000004
30
0
0
VERTEX
8
0
10
18.025128125000002
20
37.21408125
30
0
0
VERTEX
8
0
10
18.01834375
20
37.219153125
30
0
0
VERTEX
8
0
10
18.01184375
20
37.2246875
30
0
42
0.08765145259213399
0
VERTEX
8
0
10
17.987290625
20
37.234690625
30
0
0
VERTEX
8
0
10
17.979915625
20
37.2352
30
0
0
VERTEX
8
0
10
17.971246875000002
20
37.2364
30
0
0
VERTEX
8
0
10
17.685309375
20
37.2364
30
0
0
VERTEX
8
0
10
17.123428125
20
37.79828125
30
0
0
VERTEX
8
0
10
17.11664375
20
37.803353125
30
0
0
VERTEX
8
0
10
17.110143750000002
20
37.808887500000004
30
0
42
0.08765145259213399
0
VERTEX
8
0
10
17.085590625000002
20
37.818890625
30
0
0
VERTEX
8
0
10
17.078215625000002
20
37.8194
30
0
0
VERTEX
8
0
10
17.069546875
20
37.8206
30
0
0
VERTEX
8
0
10
15.566112500000001
20
37.8206
30
0
0
VERTEX
8
0
10
15.230031250000001
20
37.959809375
30
0
0
VERTEX
8
0
10
14.972809375
20
38.217031250000005
30
0
0
VERTEX
8
0
10
14.8336
20
38.553112500000005
30
0
0
VERTEX
8
0
10
14.8336
20
38.916884375
30
0
0
VERTEX
8
0
10
14.972809375
20
39.252965625
30
0
0
VERTEX
8
0
10
15.230031250000001
20
39.5101875
30
0
0
VERTEX
8
0
10
15.566112500000001
20
39.649396875
30
0
0
VERTEX
8
0
10
17.453884375
20
39.649396875
30
0
0
VERTEX
8
0
10
17.789965625
20
39.5101875
30
0
0
VERTEX
8
0
10
18.0471875
20
39.252965625
30
0
0
VERTEX
8
0
10
18.186396875
20
38.916884375
30
0
0
VERTEX
8
0
10
18.186396875
20
38.553112500000005
30
0
0
VERTEX
8
0
10
18.0471875
20
38.217031250000005
30
0
0
VERTEX
8
0
10
17.789965625
20
37.959809375
30
0
0
VERTEX
8
0
10
17.766990625000002
20
37.95029375
30
0
42
0.45856203441350496
0
VERTEX
8
0
10
17.730859375
20
37.84060625
30
0
0
VERTEX
8
0
10
17.735803125
20
37.834553125
30
0
0
VERTEX
8
0
10
17.74226875
20
37.826012500000004
30
0
0
VERTEX
8
0
10
17.85236875
20
37.715915625
30
0
0
VERTEX
8
0
10
17.85915625
20
37.710840625
30
0
0
VERTEX
8
0
10
17.865653125
20
37.705309375
30
0
42
0.08766372749491834
0
VERTEX
8
0
10
17.890209375
20
37.695303125
30
0
0
VERTEX
8
0
10
17.897606250000003
20
37.69479375
30
0
0
VERTEX
8
0
10
17.90625
20
37.693596875000004
30
0
0
VERTEX
8
0
10
18.1921875
20
37.693596875000004
30
0
0
VERTEX
8
0
10
18.348415625
20
37.53736875
30
0
0
VERTEX
8
0
10
18.953500000000002
20
36.93228125
30
0
0
VERTEX
8
0
10
18.96125625
20
36.92648125
30
0
0
VERTEX
8
0
10
18.968840625000002
20
36.920428125
30
0
42
0.3834733377546366
0
VERTEX
8
0
10
19.068665625
20
36.940878125000005
30
0
0
VERTEX
8
0
10
19.0723875
20
36.947803125
30
0
0
VERTEX
8
0
10
19.07778125
20
36.957003125
30
0
0
VERTEX
8
0
10
19.16820625
20
37.175309375000005
30
0
0
VERTEX
8
0
10
19.3396875
20
37.346790625000004
30
0
0
VERTEX
8
0
10
19.563740625
20
37.439596875
30
0
0
VERTEX
8
0
10
19.80625625
20
37.439596875
30
0
0
VERTEX
8
0
10
20.030309375
20
37.346790625000004
30
0
0
VERTEX
8
0
10
20.201790625
20
37.175309375000005
30
0
0
VERTEX
8
0
10
20.294596875
20
36.95125625
30
0
0
VERTEX
8
0
10
20.294596875
20
36.708740625000004
30
0
0
VERTEX
8
0
10
20.201790625
20
36.4846875
30
0
0
VERTEX
8
0
10
20.02765625
20
36.310553125
30
0
0
VERTEX
8
0
10
20.026109375
20
36.309540625000004
30
0
0
VERTEX
8
0
10
20.0181375
20
36.304809375000005
30
0
42
0.1553650101904322
0
VERTEX
8
0
10
19.992665625
20
36.26621875
30
0
0
VERTEX
8
0
10
19.991209375
20
36.255700000000004
30
0
0
VERTEX
8
0
10
19.989834375
20
36.2479375
30
0
42
0.007957433766569523
0
VERTEX
8
0
10
19.989796875
20
36.245512500000004
30
0
0
VERTEX
8
0
10
19.989796875
20
35.562087500000004
30
0
0
VERTEX
8
0
10
19.991178125
20
35.552515625000005
30
0
0
VERTEX
8
0
10
19.992262500000002
20
35.54285625
30
0
42
0.38347220549088634
0
VERTEX
8
0
10
20.0773125
20
35.48673125
30
0
0
VERTEX
8
0
10
20.084815625
20
35.488990625
30
0
0
VERTEX
8
0
10
20.095159375
20
35.491687500000005
30
0
0
VERTEX
8
0
10
20.198743750000002
20
35.534596875
30
0
0
VERTEX
8
0
10
20.441256250000002
20
35.534596875
30
0
0
VERTEX
8
0
10
20.665309375
20
35.441790625
30
0
0
VERTEX
8
0
10
20.836790625000003
20
35.270309375000004
30
0
0
VERTEX
8
0
10
20.929596875
20
35.04625625
30
0
0
VERTEX
8
0
10
20.929596875
20
34.803740625
30
0
0
VERTEX
8
0
10
20.836790625000003
20
34.5796875
30
0
0
VERTEX
8
0
10
20.66265625
20
34.405553125000004
30
0
0
VERTEX
8
0
10
20.661109375000002
20
34.404540625
30
0
0
VERTEX
8
0
10
20.6531375
20
34.399809375000004
30
0
42
0.1553650101904322
0
VERTEX
8
0
10
20.627665625000002
20
34.36121875
30
0
0
VERTEX
8
0
10
20.626209375000002
20
34.3507
30
0
0
VERTEX
8
0
10
20.624834375000002
20
34.342937500000005
30
0
42
0.007957433766569523
0
VERTEX
8
0
10
20.624796875
20
34.3405125
30
0
0
VERTEX
8
0
10
20.624796875
20
32.334484375
30
0
0
VERTEX
8
0
10
20.625034375000002
20
32.332840625
30
0
0
VERTEX
8
0
10
20.62486875
20
32.331190625000005
30
0
0
VERTEX
8
0
10
20.626334375000003
20
32.323425
30
0
0
VERTEX
8
0
10
20.6263375
20
32.32288125
30
0
0
VERTEX
8
0
10
20.626596875
20
32.322015625
30
0
0
VERTEX
8
0
10
20.627906250000002
20
32.312940625
30
0
42
0.009963194017295847
0
VERTEX
8
0
10
20.62890625
20
32.3098
30
0
0
VERTEX
8
0
10
20.63223125
20
32.30330625
30
0
0
VERTEX
8
0
10
20.6326125
20
32.302037500000004
30
0
0
VERTEX
8
0
10
20.633590625
20
32.300540625000004
30
0
0
VERTEX
8
0
10
20.636978125000002
20
32.293153125
30
0
42
0.010141220638890891
0
VERTEX
8
0
10
20.638825
20
32.290425
30
0
0
VERTEX
8
0
10
20.64324375
20
32.285775
30
0
0
VERTEX
8
0
10
20.644521875000002
20
32.28381875
30
0
0
VERTEX
8
0
10
20.64679375
20
32.281884375000004
30
0
0
VERTEX
8
0
10
20.651275000000002
20
32.276740625
30
0
42
0.010390329846493702
0
VERTEX
8
0
10
20.65381875
20
32.27464375
30
0
0
VERTEX
8
0
10
20.658571875
20
32.271859375
30
0
0
VERTEX
8
0
10
20.661096875000002
20
32.269709375000005
30
0
0
VERTEX
8
0
10
20.663425
20
32.268675
30
0
0
VERTEX
8
0
10
20.836790625000003
20
32.095309375
30
0
0
VERTEX
8
0
10
20.929596875
20
31.871256250000002
30
0
0
VERTEX
8
0
10
20.929596875
20
31.628740625000002
30
0
0
VERTEX
8
0
10
20.836790625000003
20
31.4046875
30
0
0
VERTEX
8
0
10
20.665309375
20
31.233206250000002
30
0
0
VERTEX
8
0
10
20.441256250000002
20
31.140400000000003
30
0
0
VERTEX
8
0
10
20.198740625
20
31.140400000000003
30
0
0
VERTEX
8
0
10
19.96815625
20
31.2359125
30
0
0
VERTEX
8
0
10
19.958775
20
31.238303125
30
0
0
VERTEX
8
0
10
19.949450000000002
20
31.24099375
30
0
42
0.38348119112289003
0
VERTEX
8
0
10
19.865046875
20
31.183896875000002
30
0
0
VERTEX
8
0
10
19.864259375
20
31.176071875
30
0
0
VERTEX
8
0
10
19.862796875
20
31.165512500000002
30
0
0
VERTEX
8
0
10
19.862796875
20
24.122246875000002
30
0
0
VERTEX
8
0
10
19.8640125
20
24.11381875
30
0
0
VERTEX
8
0
10
19.86469375
20
24.105353125
30
0
42
0.08765396656356698
0
VERTEX
8
0
10
19.874978125000002
20
24.080915625
30
0
0
VERTEX
8
0
10
19.87985
20
24.075321875
30
0
0
VERTEX
8
0
10
19.885115625
20
24.068365625000002
30
0
0
VERTEX
8
0
10
20.40581875
20
23.547659375000002
30
0
0
VERTEX
8
0
10
20.408096875000002
20
23.54595625
30
0
0
VERTEX
8
0
10
20.409978125000002
20
23.543796875
30
0
42
0.5484095900174472
0
VERTEX
8
0
10
20.53303125
20
23.580834375000002
30
0
0
VERTEX
8
0
10
20.53423125
20
23.589496875000002
30
0
0
VERTEX
8
0
10
20.535746875
20
23.5967375
30
0
42
0.015770375218223928
0
VERTEX
8
0
10
20.5359
20
23.601540625000002
30
0
0
VERTEX
8
0
10
20.5359
20
23.931618750000002
30
0
0
VERTEX
8
0
10
21.153378125
20
24.549096875
30
0
0
VERTEX
8
0
10
21.4376
20
24.549096875
30
0
0
VERTEX
8
0
10
21.4376
20
24.2951
30
0
0
VERTEX
8
0
10
21.258590625
20
24.2951
30
0
0
VERTEX
8
0
10
20.7899
20
23.826409375
30
0
0
VERTEX
8
0
10
20.7899
20
23.163590625
30
0
0
VERTEX
8
0
10
21.258590625
20
22.6949
30
0
0
VERTEX
8
0
10
21.921409375
20
22.6949
30
0
0
VERTEX
8
0
10
22.3901
20
23.163590625
30
0
0
VERTEX
8
0
10
22.3901
20
23.3426
30
0
0
VERTEX
8
0
10
22.64409375
20
23.3426
30
0
0
VERTEX
8
0
10
22.644096875000002
20
23.058378125
30
0
0
VERTEX
8
0
10
22.068696875
20
22.482978125000002
30
0
0
VERTEX
8
0
10
22.065293750000002
20
22.478428125
30
0
42
0.2947465262802492
0
VERTEX
8
0
10
22.054040625000003
20
22.3972
30
0
0
VERTEX
8
0
10
22.054075
20
22.39710625
30
0
0
VERTEX
8
0
10
22.054396875000002
20
22.396037500000002
30
0
0
VERTEX
8
0
10
22.0546125
20
22.395709375000003
30
0
0
VERTEX
8
0
10
22.056081250000002
20
22.391884375
30
0
42
0.034414969749364054
0
VERTEX
8
0
10
22.061815625
20
22.383115625000002
30
0
0
VERTEX
8
0
10
22.064721875
20
22.380240625000003
30
0
0
VERTEX
8
0
10
22.06630625
20
22.37781875
30
0
0
VERTEX
8
0
10
22.067487500000002
20
22.3768125
30
0
0
VERTEX
8
0
10
22.068696875
20
22.375215625000003
30
0
0
VERTEX
8
0
10
28.54193125
20
15.90198125
30
0
0
VERTEX
8
0
10
28.546481250000003
20
15.898578125
30
0
42
0.39256960445629635
0
VERTEX
8
0
10
28.64969375
20
15.90198125
30
0
0
VERTEX
8
0
10
28.889896875
20
16.142187500000002
30
0
0
VERTEX
8
0
10
29.225978125
20
16.281396875000002
30
0
0
VERTEX
8
0
10
29.589750000000002
20
16.281396875000002
30
0
0
VERTEX
8
0
10
29.92583125
20
16.142187500000002
30
0
0
VERTEX
8
0
10
30.183053125
20
15.884965625000001
30
0
0
VERTEX
8
0
10
30.3222625
20
15.548884375
30
0
0
VERTEX
8
0
10
30.3222625
20
13.6611125
30
0
0
VERTEX
8
0
10
30.183053125
20
13.32503125
30
0
0
VERTEX
8
0
10
29.92583125
20
13.067809375000001
30
0
0
VERTEX
8
0
10
29.589750000000002
20
12.928600000000001
30
0
0
VERTEX
8
0
10
29.225978125
20
12.928600000000001
30
0
0
VERTEX
8
0
10
28.889896875
20
13.067809375000001
30
0
0
VERTEX
8
0
10
28.632675000000003
20
13.32503125
30
0
0
VERTEX
8
0
10
28.493465625000002
20
13.6611125
30
0
0
VERTEX
8
0
10
28.493465625000002
20
15.05678125
30
0
0
VERTEX
8
0
10
28.492250000000002
20
15.065209375
30
0
0
VERTEX
8
0
10
28.491568750000003
20
15.073675000000001
30
0
42
0.08765396656356698
0
VERTEX
8
0
10
28.481284375
20
15.098112500000001
30
0
0
VERTEX
8
0
10
28.476412500000002
20
15.10370625
30
0
0
VERTEX
8
0
10
28.471146875000002
20
15.1106625
30
0
0
VERTEX
8
0
10
27.875893750000003
20
15.70591875
30
0
0
VERTEX
8
0
10
27.87038125
20
15.710040625000001
30
0
0
VERTEX
8
0
10
27.865340625
20
15.714718750000001
30
0
42
0.747776549086395
0
VERTEX
8
0
10
27.7516125
20
15.622878125000002
30
0
0
VERTEX
8
0
10
27.7822625
20
15.548884375
30
0
0
VERTEX
8
0
10
27.7822625
20
13.6611125
30
0
0
VERTEX
8
0
10
27.643053125
20
13.32503125
30
0
0
VERTEX
8
0
10
27.385831250000003
20
13.067809375000001
30
0
0
VERTEX
8
0
10
27.049750000000003
20
12.928600000000001
30
0
0
VERTEX
8
0
10
26.685978125000002
20
12.928600000000001
30
0
0
VERTEX
8
0
10
26.349896875000002
20
13.067809375000001
30
0
0
VERTEX
8
0
10
26.092675
20
13.32503125
30
0
0
VERTEX
8
0
10
25.953465625
20
13.6611125
30
0
0
VERTEX
8
0
10
25.953465625
20
15.548884375
30
0
0
VERTEX
8
0
10
26.092675
20
15.884965625000001
30
0
0
VERTEX
8
0
10
26.349896875000002
20
16.142187500000002
30
0
0
VERTEX
8
0
10
26.685978125000002
20
16.281396875000002
30
0
0
VERTEX
8
0
10
27.049750000000003
20
16.281396875000002
30
0
0
VERTEX
8
0
10
27.123743750000003
20
16.250746875
30
0
0
VERTEX
8
0
10
27.13041875
20
16.249046875
30
0
0
VERTEX
8
0
10
27.136859375
20
16.24665625
30
0
42
0.7477870678791171
0
VERTEX
8
0
10
27.206784375
20
16.375028125
30
0
0
VERTEX
8
0
10
21.518828125000002
20
22.06298125
30
0
0
VERTEX
8
0
10
21.51204375
20
22.068053125000002
30
0
0
VERTEX
8
0
10
21.50554375
20
22.073587500000002
30
0
42
0.08765145259213399
0
VERTEX
8
0
10
21.480990625
20
22.083590625
30
0
0
VERTEX
8
0
10
21.473615625
20
22.0841
30
0
0
VERTEX
8
0
10
21.464946875000003
20
22.0853
30
0
0
VERTEX
8
0
10
21.006075000000003
20
22.0853
30
0
0
VERTEX
8
0
10
19.2532
20
23.838175
30
0
0
VERTEX
8
0
10
19.2532
20
35.366884375000005
30
0
0
VERTEX
8
0
10
19.357881250000002
20
35.471565625000004
30
0
0
VERTEX
8
0
10
19.362953125
20
35.47835
30
0
0
VERTEX
8
0
10
19.3684875
20
35.48485
30
0
42
0.08765145259213399
0
VERTEX
8
0
10
19.378490625
20
35.509403125
30
0
0
VERTEX
8
0
10
19.379
20
35.516778125
30
0
0
VERTEX
8
0
10
19.380200000000002
20
35.525446875
30
0
0
VERTEX
8
0
10
19.380200000000002
20
36.245512500000004
30
0
0
VERTEX
8
0
10
19.3799625
20
36.24715625
30
0
0
VERTEX
8
0
10
19.380128125000002
20
36.24880625
30
0
42
0.2031782006671504
0
VERTEX
8
0
10
19.351178125
20
36.305353125
30
0
0
VERTEX
8
0
10
19.34239375
20
36.310500000000005
30
0
0
VERTEX
8
0
10
19.16820625
20
36.4846875
30
0
0
VERTEX
8
0
10
19.107696875000002
20
36.630775
30
0
0
VERTEX
8
0
10
19.106896875
20
36.632118750000004
30
0
0
VERTEX
8
0
10
19.106465625000002
20
36.633556250000005
30
0
42
0.061758649426822874
0
VERTEX
8
0
10
19.09658125
20
36.649490625
30
0
0
VERTEX
8
0
10
19.09523125
20
36.650743750000004
30
0
0
VERTEX
8
0
10
19.09455625
20
36.651775
30
0
0
VERTEX
8
0
10
19.09095625
20
36.654840625
30
0
0
VERTEX
8
0
10
19.087018750000002
20
36.659359375
30
0
42
0.026522264533474487
0
VERTEX
8
0
10
19.080625
20
36.664296875000005
30
0
0
VERTEX
8
0
10
19.07875
20
36.665228125
30
0
0
VERTEX
8
0
10
19.07798125
20
36.665884375000005
30
0
0
VERTEX
8
0
10
19.074015625
20
36.667646875
30
0
0
VERTEX
8
0
10
19.068662500000002
20
36.671059375
30
0
42
0.026514036303165893
0
VERTEX
8
0
10
19.0611375
20
36.673990625
30
0
0
VERTEX
8
0
10
19.058834375
20
36.674396875
30
0
0
VERTEX
8
0
10
19.058090625000002
20
36.674728125
30
0
0
VERTEX
8
0
10
19.053984375000002
20
36.675296875
30
0
0
VERTEX
8
0
10
19.04775
20
36.677096875000004
30
0
42
0.026523460331035944
0
VERTEX
8
0
10
19.0397
20
36.677778125
30
0
0
VERTEX
8
0
10
19.037696875
20
36.677553125
30
0
0
VERTEX
8
0
10
19.037384375000002
20
36.677596875
30
0
0
VERTEX
8
0
10
19.037296875000003
20
36.677596875
30
0
0
VERTEX
8
0
10
19.034537500000003
20
36.6772
30
0
0
VERTEX
8
0
10
19.032868750000002
20
36.677012500000004
30
0
0
VERTEX
8
0
10
19.02598125
20
36.676971875
30
0
42
0.02651778373876271
0
VERTEX
8
0
10
19.01806875
20
36.67535
30
0
0
VERTEX
8
0
10
19.016159375
20
36.674546875000004
30
0
0
VERTEX
8
0
10
19.015753125
20
36.674487500000005
30
0
0
VERTEX
8
0
10
19.012771875000002
20
36.673121875
30
0
0
VERTEX
8
0
10
19.011725000000002
20
36.672681250000004
30
0
0
VERTEX
8
0
10
19.0051375
20
36.670696875000004
30
0
42
0.026514844565319114
0
VERTEX
8
0
10
18.99800625
20
36.666906250000004
30
0
0
VERTEX
8
0
10
18.996459375
20
36.665640625
30
0
0
VERTEX
8
0
10
18.995965625
20
36.665415625
30
0
0
VERTEX
8
0
10
18.9927
20
36.662571875000005
30
0
0
VERTEX
8
0
10
18.992675000000002
20
36.66255
30
0
0
VERTEX
8
0
10
18.98691875
20
36.6587875
30
0
42
0.026517244038932825
0
VERTEX
8
0
10
18.98115
20
36.653134375
30
0
0
VERTEX
8
0
10
18.980096875
20
36.65159375
30
0
0
VERTEX
8
0
10
18.979553125000002
20
36.65111875
30
0
0
VERTEX
8
0
10
18.97705625
20
36.647203125000004
30
0
0
VERTEX
8
0
10
18.972809375
20
36.6422125
30
0
42
0.026524051895035462
0
VERTEX
8
0
10
18.968875
20
36.63515625
30
0
0
VERTEX
8
0
10
18.96835625
20
36.633553125
30
0
0
VERTEX
8
0
10
18.967853125
20
36.6327625
30
0
0
VERTEX
8
0
10
18.96645625
20
36.627921875
30
0
0
VERTEX
8
0
10
18.963965625
20
36.622321875000004
30
0
42
0.026518172951427152
0
VERTEX
8
0
10
18.962184375
20
36.61444375
30
0
0
VERTEX
8
0
10
18.962146875000002
20
36.612996875
30
0
0
VERTEX
8
0
10
18.961815625
20
36.611850000000004
30
0
0
VERTEX
8
0
10
18.96184375
20
36.607003125
30
0
0
VERTEX
8
0
10
18.961096875000003
20
36.601615625
30
0
0
VERTEX
8
0
10
18.961096875000003
20
21.39875
30
0
0
VERTEX
8
0
10
18.9623125
20
21.390321875
30
0
0
VERTEX
8
0
10
18.962993750000003
20
21.381856250000002
30
0
42
0.08765396656356698
0
VERTEX
8
0
10
18.973278125
20
21.35741875
30
0
0
VERTEX
8
0
10
18.97815
20
21.351825
30
0
0
VERTEX
8
0
10
18.983415625
20
21.34486875
30
0
0
VERTEX
8
0
10
24.03990625
20
16.288375000000002
30
0
0
VERTEX
8
0
10
24.041228125
20
16.2873875
30
0
0
VERTEX
8
0
10
24.042271875
20
16.286109375000002
30
0
42
0.1443029961791193
0
VERTEX
8
0
10
24.080959375000003
20
16.267143750000002
30
0
0
VERTEX
8
0
10
24.09025
20
16.266903125000002
30
0
0
VERTEX
8
0
10
24.099459375000002
20
16.266268750000002
30
0
42
0.007833429492064252
0
VERTEX
8
0
10
24.102721875
20
16.26658125
30
0
0
VERTEX
8
0
10
24.113090625
20
16.269284375
30
0
0
VERTEX
8
0
10
24.1207125
20
16.270971875
30
0
42
0.0061559657590665225
0
VERTEX
8
0
10
24.12295
20
16.27185625
30
0
0
VERTEX
8
0
10
24.145981250000002
20
16.281396875000002
30
0
0
VERTEX
8
0
10
24.50975
20
16.281396875000002
30
0
0
VERTEX
8
0
10
24.84583125
20
16.142187500000002
30
0
0
VERTEX
8
0
10
25.103053125000002
20
15.884965625000001
30
0
0
VERTEX
8
0
10
25.242262500000002
20
15.548884375
30
0
0
VERTEX
8
0
10
25.242262500000002
20
13.6611125
30
0
0
VERTEX
8
0
10
25.103053125000002
20
13.32503125
30
0
0
VERTEX
8
0
10
24.84583125
20
13.067809375000001
30
0
0
VERTEX
8
0
10
24.50975
20
12.928600000000001
30
0
0
SEQEND
0
POLYLINE
66
1
8
16_copper
10
0.0
20
0.0
30
0.0
70
1
0
VERTEX
8
0
10
41.630596875
20
36.98239375
30
0
0
VERTEX
8
0
10
41.6306
20
37.208753125
30
0
0
VERTEX
8
0
10
42.16624375
20
37.744396875
30
0
0
VERTEX
8
0
10
42.3926
20
37.744396875
30
0
0
VERTEX
8
0
10
42.3926
20
37.4904
30
0
0
VERTEX
8
0
10
42.27145625
20
37.4904
30
0
0
VERTEX
8
0
10
41.8846
20
37.10354375
30
0
0
VERTEX
8
0
10
41.8846
20
36.98239375
30
0
0
SEQEND
0
POLYLINE
66
1
8
16_copper
10
0.0
20
0.0
30
0.0
70
1
0
VERTEX
8
0
10
43.205400000000004
20
36.98239375
30
0
0
VERTEX
8
0
10
43.205400000000004
20
37.10354375
30
0
0
VERTEX
8
0
10
42.81854375
20
37.4904
30
0
0
VERTEX
8
0
10
42.69739375
20
37.4904
30
0
0
VERTEX
8
0
10
42.69739375
20
37.744396875
30
0
0
VERTEX
8
0
10
42.923753125000005
20
37.744396875
30
0
0
VERTEX
8
0
10
43.459396875
20
37.208753125
30
0
0
VERTEX
8
0
10
43.459396875
20
36.98239375
30
0
0
SEQEND
0
POLYLINE
66
1
8
16_copper
10
0.0
20
0.0
30
0.0
70
1
0
VERTEX
8
0
10
34.588325000000005
20
36.0172
30
0
0
VERTEX
8
0
10
34.1122
20
36.493325
30
0
0
VERTEX
8
0
10
34.1122
20
37.166671875
30
0
0
VERTEX
8
0
10
34.588325000000005
20
37.642796875
30
0
0
VERTEX
8
0
10
35.261671875000005
20
37.642796875
30
0
0
VERTEX
8
0
10
35.737796875
20
37.166671875
30
0
0
VERTEX
8
0
10
35.737796875
20
36.493325
30
0
0
VERTEX
8
0
10
35.261671875000005
20
36.0172
30
0
0
SEQEND
0
POLYLINE
66
1
8
16_copper
10
0.0
20
0.0
30
0.0
70
1
0
VERTEX
8
0
10
15.566112500000001
20
35.2806
30
0
0
VERTEX
8
0
10
15.230031250000001
20
35.419809375
30
0
0
VERTEX
8
0
10
14.972809375
20
35.67703125
30
0
0
VERTEX
8
0
10
14.8336
20
36.0131125
30
0
0
VERTEX
8
0
10
14.8336
20
36.376884375
30
0
0
VERTEX
8
0
10
14.972809375
20
36.712965625
30
0
0
VERTEX
8
0
10
15.230031250000001
20
36.9701875
30
0
0
VERTEX
8
0
10
15.566112500000001
20
37.109396875
30
0
0
VERTEX
8
0
10
17.453884375
20
37.109396875
30
0
0
VERTEX
8
0
10
17.789965625
20
36.9701875
30
0
0
VERTEX
8
0
10
18.0471875
20
36.712965625
30
0
0
VERTEX
8
0
10
18.186396875
20
36.376884375
30
0
0
VERTEX
8
0
10
18.186396875
20
36.0131125
30
0
0
VERTEX
8
0
10
18.0471875
20
35.67703125
30
0
0
VERTEX
8
0
10
17.789965625
20
35.419809375
30
0
0
VERTEX
8
0
10
17.453884375
20
35.2806
30
0
0
SEQEND
0
POLYLINE
66
1
8
16_copper
10
0.0
20
0.0
30
0.0
70
1
0
VERTEX
8
0
10
42.16624375
20
35.915600000000005
30
0
0
VERTEX
8
0
10
41.6306
20
36.45124375
30
0
0
VERTEX
8
0
10
41.6306
20
36.677600000000005
30
0
0
VERTEX
8
0
10
41.8846
20
36.677600000000005
30
0
0
VERTEX
8
0
10
41.8846
20
36.556456250000004
30
0
0
VERTEX
8
0
10
42.27145625
20
36.1696
30
0
0
VERTEX
8
0
10
42.3926
20
36.1696
30
0
0
VERTEX
8
0
10
42.3926
20
35.915600000000005
30
0
0
SEQEND
0
POLYLINE
66
1
8
16_copper
10
0.0
20
0.0
30
0.0
70
1
0
VERTEX
8
0
10
42.69739375
20
35.915600000000005
30
0
0
VERTEX
8
0
10
42.69739375
20
36.1696
30
0
0
VERTEX
8
0
10
42.81854375
20
36.1696
30
0
0
VERTEX
8
0
10
43.205400000000004
20
36.556456250000004
30
0
0
VERTEX
8
0
10
43.205400000000004
20
36.677600000000005
30
0
0
VERTEX
8
0
10
43.459396875
20
36.677600000000005
30
0
0
VERTEX
8
0
10
43.459396875
20
36.45124375
30
0
0
VERTEX
8
0
10
42.923753125000005
20
35.915600000000005
30
0
0
SEQEND
0
POLYLINE
66
1
8
16_copper
10
0.0
20
0.0
30
0.0
70
1
0
VERTEX
8
0
10
25.659740625
20
34.9504
30
0
0
VERTEX
8
0
10
25.4356875
20
35.043206250000004
30
0
0
VERTEX
8
0
10
25.26420625
20
35.214687500000004
30
0
0
VERTEX
8
0
10
25.171400000000002
20
35.438740625
30
0
0
VERTEX
8
0
10
25.171400000000002
20
35.681256250000004
30
0
0
VERTEX
8
0
10
25.26420625
20
35.905309375
30
0
0
VERTEX
8
0
10
25.4356875
20
36.076790625
30
0
0
VERTEX
8
0
10
25.659740625
20
36.169596875
30
0
0
VERTEX
8
0
10
25.90225625
20
36.169596875
30
0
0
VERTEX
8
0
10
26.126309375
20
36.076790625
30
0
0
VERTEX
8
0
10
26.300443750000003
20
35.90265625
30
0
0
VERTEX
8
0
10
26.30145625
20
35.901109375000004
30
0
0
VERTEX
8
0
10
26.3061875
20
35.8931375
30
0
42
0.14566318887484267
0
VERTEX
8
0
10
26.344778125
20
35.867665625
30
0
0
VERTEX
8
0
10
26.355296875
20
35.866209375000004
30
0
0
VERTEX
8
0
10
26.363059375000002
20
35.864834375
30
0
42
0.007240359013559325
0
VERTEX
8
0
10
26.365484375
20
35.864796875
30
0
0
VERTEX
8
0
10
26.7205125
20
35.864796875
30
0
0
VERTEX
8
0
10
26.72215625
20
35.865034375
30
0
0
VERTEX
8
0
10
26.723806250000003
20
35.86486875
30
0
42
0.2031782006671504
0
VERTEX
8
0
10
26.780353125
20
35.89381875
30
0
0
VERTEX
8
0
10
26.785500000000003
20
35.902603125
30
0
0
VERTEX
8
0
10
26.9596875
20
36.076790625
30
0
0
VERTEX
8
0
10
27.183740625000002
20
36.169596875
30
0
0
VERTEX
8
0
10
27.42625625
20
36.169596875
30
0
0
VERTEX
8
0
10
27.650309375000003
20
36.076790625
30
0
0
VERTEX
8
0
10
27.821790625000002
20
35.905309375
30
0
0
VERTEX
8
0
10
27.914596875
20
35.681256250000004
30
0
0
VERTEX
8
0
10
27.914596875
20
35.438740625
30
0
0
VERTEX
8
0
10
27.821790625000002
20
35.214687500000004
30
0
0
VERTEX
8
0
10
27.650309375000003
20
35.043206250000004
30
0
0
VERTEX
8
0
10
27.42625625
20
34.9504
30
0
0
VERTEX
8
0
10
27.183740625000002
20
34.9504
30
0
0
VERTEX
8
0
10
26.9596875
20
35.043206250000004
30
0
0
VERTEX
8
0
10
26.785553125
20
35.217340625
30
0
0
VERTEX
8
0
10
26.784540625
20
35.2188875
30
0
0
VERTEX
8
0
10
26.779809375000003
20
35.226859375000004
30
0
42
0.1553650101904322
0
VERTEX
8
0
10
26.74121875
20
35.252331250000005
30
0
0
VERTEX
8
0
10
26.730700000000002
20
35.2537875
30
0
0
VERTEX
8
0
10
26.7229375
20
35.255162500000004
30
0
42
0.007957433766569523
0
VERTEX
8
0
10
26.7205125
20
35.2552
30
0
0
VERTEX
8
0
10
26.365484375
20
35.2552
30
0
0
VERTEX
8
0
10
26.363840625
20
35.254962500000005
30
0
0
VERTEX
8
0
10
26.362190625
20
35.255128125
30
0
42
0.2031782006671504
0
VERTEX
8
0
10
26.30564375
20
35.226178125000004
30
0
0
VERTEX
8
0
10
26.300496875
20
35.21739375
30
0
0
VERTEX
8
0
10
26.126309375
20
35.043206250000004
30
0
0
VERTEX
8
0
10
25.90225625
20
34.9504
30
0
0
SEQEND
0
POLYLINE
66
1
8
16_copper
10
0.0
20
0.0
30
0.0
70
1
0
VERTEX
8
0
10
35.5854
20
34.44239375
30
0
0
VERTEX
8
0
10
35.5854
20
34.56354375
30
0
0
VERTEX
8
0
10
35.19854375
20
34.9504
30
0
0
VERTEX
8
0
10
35.07739375
20
34.9504
30
0
0
VERTEX
8
0
10
35.07739375
20
35.204396875
30
0
0
VERTEX
8
0
10
35.303753125
20
35.204396875
30
0
0
VERTEX
8
0
10
35.839396875
20
34.668753125
30
0
0
VERTEX
8
0
10
35.839396875
20
34.44239375
30
0
0
SEQEND
0
POLYLINE
66
1
8
16_copper
10
0.0
20
0.0
30
0.0
70
1
0
VERTEX
8
0
10
34.010596875000005
20
34.44239375
30
0
0
VERTEX
8
0
10
34.010600000000004
20
34.668753125
30
0
0
VERTEX
8
0
10
34.54624375
20
35.204396875
30
0
0
VERTEX
8
0
10
34.772600000000004
20
35.204396875
30
0
0
VERTEX
8
0
10
34.772600000000004
20
34.9504
30
0
0
VERTEX
8
0
10
34.65145625
20
34.9504
30
0
0
VERTEX
8
0
10
34.2646
20
34.56354375
30
0
0
VERTEX
8
0
10
34.2646
20
34.44239375
30
0
0
SEQEND
0
POLYLINE
66
1
8
16_copper
10
0.0
20
0.0
30
0.0
70
1
0
VERTEX
8
0
10
42.208325
20
33.4772
30
0
0
VERTEX
8
0
10
41.7322
20
33.953325
30
0
0
VERTEX
8
0
10
41.7322
20
34.626671875
30
0
0
VERTEX
8
0
10
42.208325
20
35.102796875
30
0
0
VERTEX
8
0
10
42.881671875
20
35.102796875
30
0
0
VERTEX
8
0
10
43.357796875000005
20
34.626671875
30
0
0
VERTEX
8
0
10
43.357796875000005
20
33.953325
30
0
0
VERTEX
8
0
10
42.881671875
20
33.4772
30
0
0
SEQEND
0
POLYLINE
66
1
8
16_copper
10
0.0
20
0.0
30
0.0
70
1
0
VERTEX
8
0
10
15.566112500000001
20
32.7406
30
0
0
VERTEX
8
0
10
15.230031250000001
20
32.879809375
30
0
0
VERTEX
8
0
10
14.972809375
20
33.13703125
30
0
0
VERTEX
8
0
10
14.8336
20
33.4731125
30
0
0
VERTEX
8
0
10
14.8336
20
33.836884375000004
30
0
0
VERTEX
8
0
10
14.972809375
20
34.172965625
30
0
0
VERTEX
8
0
10
15.230031250000001
20
34.4301875
30
0
0
VERTEX
8
0
10
15.566112500000001
20
34.569396875
30
0
0
VERTEX
8
0
10
17.453884375
20
34.569396875
30
0
0
VERTEX
8
0
10
17.789965625
20
34.4301875
30
0
0
VERTEX
8
0
10
18.0471875
20
34.172965625
30
0
0
VERTEX
8
0
10
18.186396875
20
33.836884375000004
30
0
0
VERTEX
8
0
10
18.186396875
20
33.4731125
30
0
0
VERTEX
8
0
10
18.0471875
20
33.13703125
30
0
0
VERTEX
8
0
10
17.789965625
20
32.879809375
30
0
0
VERTEX
8
0
10
17.453884375
20
32.7406
30
0
0
SEQEND
0
POLYLINE
66
1
8
16_copper
10
0.0
20
0.0
30
0.0
70
1
0
VERTEX
8
0
10
34.54624375
20
33.3756
30
0
0
VERTEX
8
0
10
34.010600000000004
20
33.911243750000004
30
0
0
VERTEX
8
0
10
34.010600000000004
20
34.1376
30
0
0
VERTEX
8
0
10
34.2646
20
34.1376
30
0
0
VERTEX
8
0
10
34.2646
20
34.016456250000005
30
0
0
VERTEX
8
0
10
34.65145625
20
33.6296
30
0
0
VERTEX
8
0
10
34.772600000000004
20
33.6296
30
0
0
VERTEX
8
0
10
34.772600000000004
20
33.3756
30
0
0
SEQEND
0
POLYLINE
66
1
8
16_copper
10
0.0
20
0.0
30
0.0
70
1
0
VERTEX
8
0
10
35.07739375
20
33.3756
30
0
0
VERTEX
8
0
10
35.07739375
20
33.6296
30
0
0
VERTEX
8
0
10
35.19854375
20
33.6296
30
0
0
VERTEX
8
0
10
35.5854
20
34.016456250000005
30
0
0
VERTEX
8
0
10
35.5854
20
34.1376
30
0
0
VERTEX
8
0
10
35.839396875
20
34.1376
30
0
0
VERTEX
8
0
10
35.839396875
20
33.911243750000004
30
0
0
VERTEX
8
0
10
35.303753125
20
33.3756
30
0
0
SEQEND
0
POLYLINE
66
1
8
16_copper
10
0.0
20
0.0
30
0.0
70
1
0
VERTEX
8
0
10
41.630596875
20
31.90239375
30
0
0
VERTEX
8
0
10
41.6306
20
32.128753125
30
0
0
VERTEX
8
0
10
42.16624375
20
32.664396875
30
0
0
VERTEX
8
0
10
42.3926
20
32.664396875
30
0
0
VERTEX
8
0
10
42.3926
20
32.4104
30
0
0
VERTEX
8
0
10
42.27145625
20
32.4104
30
0
0
VERTEX
8
0
10
41.8846
20
32.02354375
30
0
0
VERTEX
8
0
10
41.8846
20
31.90239375
30
0
0
SEQEND
0
POLYLINE
66
1
8
16_copper
10
0.0
20
0.0
30
0.0
70
1
0
VERTEX
8
0
10
43.205400000000004
20
31.90239375
30
0
0
VERTEX
8
0
10
43.205400000000004
20
32.02354375
30
0
0
VERTEX
8
0
10
42.81854375
20
32.4104
30
0
0
VERTEX
8
0
10
42.69739375
20
32.4104
30
0
0
VERTEX
8
0
10
42.69739375
20
32.664396875
30
0
0
VERTEX
8
0
10
42.923753125000005
20
32.664396875
30
0
0
VERTEX
8
0
10
43.459396875
20
32.128753125
30
0
0
VERTEX
8
0
10
43.459396875
20
31.90239375
30
0
0
SEQEND
0
POLYLINE
66
1
8
16_copper
10
0.0
20
0.0
30
0.0
70
1
0
VERTEX
8
0
10
40.303325
20
25.2222
30
0
0
VERTEX
8
0
10
39.827200000000005
20
25.698325
30
0
0
VERTEX
8
0
10
39.827200000000005
20
26.37166875
30
0
0
VERTEX
8
0
10
39.840756250000005
20
26.385225000000002
30
0
42
0.414230549670253
0
VERTEX
8
0
10
39.840759375000005
20
26.492990625
30
0
0
VERTEX
8
0
10
35.382990625000005
20
30.950759375
30
0
0
VERTEX
8
0
10
35.37844375
20
30.954159375000003
30
0
42
0.31516602510654185
0
VERTEX
8
0
10
35.29189375
20
30.963371875
30
0
0
VERTEX
8
0
10
35.287540625
20
30.960075
30
0
42
0.03516754107576733
0
VERTEX
8
0
10
35.275225
20
30.95075625
30
0
0
VERTEX
8
0
10
35.26166875
20
30.9372
30
0
0
VERTEX
8
0
10
34.588325000000005
20
30.9372
30
0
0
VERTEX
8
0
10
34.1122
20
31.413325
30
0
0
VERTEX
8
0
10
34.1122
20
32.086671875
30
0
0
VERTEX
8
0
10
34.588325000000005
20
32.562796875000004
30
0
0
VERTEX
8
0
10
35.261671875000005
20
32.562796875000004
30
0
0
VERTEX
8
0
10
35.737796875
20
32.086671875
30
0
0
VERTEX
8
0
10
35.737796875
20
31.413328125000003
30
0
0
VERTEX
8
0
10
35.724240625
20
31.399771875000003
30
0
42
0.39341102265919486
0
VERTEX
8
0
10
35.720940625000004
20
31.2963625
30
0
0
VERTEX
8
0
10
35.722715625
20
31.294015625
30
0
0
VERTEX
8
0
10
35.7232375
20
31.29321875
30
0
0
VERTEX
8
0
10
35.72346875
20
31.293021875
30
0
0
VERTEX
8
0
10
35.7242375
20
31.29200625
30
0
0
VERTEX
8
0
10
40.18200625
20
26.8342375
30
0
0
VERTEX
8
0
10
40.186553125
20
26.8308375
30
0
42
0.31516602510654185
0
VERTEX
8
0
10
40.273103125
20
26.821625
30
0
0
VERTEX
8
0
10
40.27745625
20
26.824921875
30
0
42
0.03516754107576733
0
VERTEX
8
0
10
40.289771875
20
26.834240625
30
0
0
VERTEX
8
0
10
40.303328125
20
26.847796875
30
0
0
VERTEX
8
0
10
40.976671875
20
26.847796875
30
0
0
VERTEX
8
0
10
41.452796875000004
20
26.371671875
30
0
0
VERTEX
8
0
10
41.452796875000004
20
25.698325
30
0
0
VERTEX
8
0
10
40.976671875
20
25.2222
30
0
0
SEQEND
0
POLYLINE
66
1
8
16_copper
10
0.0
20
0.0
30
0.0
70
1
0
VERTEX
8
0
10
15.566112500000001
20
30.2006
30
0
0
VERTEX
8
0
10
15.230031250000001
20
30.339809375
30
0
0
VERTEX
8
0
10
14.972809375
20
30.59703125
30
0
0
VERTEX
8
0
10
14.8336
20
30.9331125
30
0
0
VERTEX
8
0
10
14.8336
20
31.296884375
30
0
0
VERTEX
8
0
10
14.972809375
20
31.632965625
30
0
0
VERTEX
8
0
10
15.230031250000001
20
31.890187500000003
30
0
0
VERTEX
8
0
10
15.566112500000001
20
32.029396875
30
0
0
VERTEX
8
0
10
17.453884375
20
32.029396875
30
0
0
VERTEX
8
0
10
17.789965625
20
31.890187500000003
30
0
0
VERTEX
8
0
10
18.0471875
20
31.632965625
30
0
0
VERTEX
8
0
10
18.186396875
20
31.296884375
30
0
0
VERTEX
8
0
10
18.186396875
20
30.9331125
30
0
0
VERTEX
8
0
10
18.0471875
20
30.59703125
30
0
0
VERTEX
8
0
10
17.789965625
20
30.339809375
30
0
0
VERTEX
8
0
10
17.453884375
20
30.2006
30
0
0
SEQEND
0
POLYLINE
66
1
8
16_copper
10
0.0
20
0.0
30
0.0
70
1
0
VERTEX
8
0
10
42.16624375
20
30.835600000000003
30
0
0
VERTEX
8
0
10
41.6306
20
31.37124375
30
0
0
VERTEX
8
0
10
41.6306
20
31.5976
30
0
0
VERTEX
8
0
10
41.8846
20
31.5976
30
0
0
VERTEX
8
0
10
41.8846
20
31.476456250000002
30
0
0
VERTEX
8
0
10
42.27145625
20
31.0896
30
0
0
VERTEX
8
0
10
42.3926
20
31.0896
30
0
0
VERTEX
8
0
10
42.3926
20
30.835600000000003
30
0
0
SEQEND
0
POLYLINE
66
1
8
16_copper
10
0.0
20
0.0
30
0.0
70
1
0
VERTEX
8
0
10
42.69739375
20
30.835600000000003
30
0
0
VERTEX
8
0
10
42.69739375
20
31.0896
30
0
0
VERTEX
8
0
10
42.81854375
20
31.0896
30
0
0
VERTEX
8
0
10
43.205400000000004
20
31.476456250000002
30
0
0
VERTEX
8
0
10
43.205400000000004
20
31.5976
30
0
0
VERTEX
8
0
10
43.459396875
20
31.5976
30
0
0
VERTEX
8
0
10
43.459396875
20
31.37124375
30
0
0
VERTEX
8
0
10
42.923753125000005
20
30.835600000000003
30
0
0
SEQEND
0
POLYLINE
66
1
8
16_copper
10
0.0
20
0.0
30
0.0
70
1
0
VERTEX
8
0
10
32.625459375
20
28.2575
30
0
0
VERTEX
8
0
10
32.0675
20
28.815459375
30
0
0
VERTEX
8
0
10
32.0675
20
29.604537500000003
30
0
0
VERTEX
8
0
10
32.625459375
20
30.162496875000002
30
0
0
VERTEX
8
0
10
33.4145375
20
30.162496875000002
30
0
0
VERTEX
8
0
10
33.972496875000004
20
29.604537500000003
30
0
0
VERTEX
8
0
10
33.972496875000004
20
28.815459375
30
0
0
VERTEX
8
0
10
33.4145375
20
28.2575
30
0
0
SEQEND
0
POLYLINE
66
1
8
16_copper
10
0.0
20
0.0
30
0.0
70
1
0
VERTEX
8
0
10
8.40739375
20
28.72739375
30
0
0
VERTEX
8
0
10
8.40739375
20
29.571425
30
0
0
VERTEX
8
0
10
8.491037500000001
20
29.558175000000002
30
0
0
VERTEX
8
0
10
8.64195
20
29.50914375
30
0
0
VERTEX
8
0
10
8.783296875
20
29.437121875000003
30
0
0
VERTEX
8
0
10
8.91166875
20
29.343853125000003
30
0
0
VERTEX
8
0
10
9.023853125
20
29.23166875
30
0
0
VERTEX
8
0
10
9.117121875
20
29.103296875
30
0
0
VERTEX
8
0
10
9.189143750000001
20
28.96195
30
0
0
VERTEX
8
0
10
9.238175
20
28.8110375
30
0
0
VERTEX
8
0
10
9.251425000000001
20
28.72739375
30
0
0
SEQEND
0
POLYLINE
66
1
8
16_copper
10
0.0
20
0.0
30
0.0
70
1
0
VERTEX
8
0
10
7.258571875
20
28.72739375
30
0
0
VERTEX
8
0
10
7.2718218750000005
20
28.8110375
30
0
0
VERTEX
8
0
10
7.320853125
20
28.96195
30
0
0
VERTEX
8
0
10
7.392875
20
29.103296875
30
0
0
VERTEX
8
0
10
7.48614375
20
29.23166875
30
0
0
VERTEX
8
0
10
7.598328125
20
29.343853125000003
30
0
0
VERTEX
8
0
10
7.7267
20
29.437121875000003
30
0
0
VERTEX
8
0
10
7.868046875
20
29.50914375
30
0
0
VERTEX
8
0
10
8.018959375
20
29.558175000000002
30
0
0
VERTEX
8
0
10
8.1026
20
29.571421875000002
30
0
0
VERTEX
8
0
10
8.1026
20
28.72739375
30
0
0
SEQEND
0
POLYLINE
66
1
8
16_copper
10
0.0
20
0.0
30
0.0
70
1
0
VERTEX
8
0
10
40.26124375
20
27.660600000000002
30
0
0
VERTEX
8
0
10
39.7256
20
28.19624375
30
0
0
VERTEX
8
0
10
39.7256
20
28.953753125000002
30
0
0
VERTEX
8
0
10
40.26124375
20
29.489396875
30
0
0
VERTEX
8
0
10
41.018753125
20
29.489396875
30
0
0
VERTEX
8
0
10
41.554396875
20
28.953753125000002
30
0
0
VERTEX
8
0
10
41.554396875
20
28.19624375
30
0
0
VERTEX
8
0
10
41.018753125
20
27.660600000000002
30
0
0
SEQEND
0
POLYLINE
66
1
8
16_copper
10
0.0
20
0.0
30
0.0
70
1
0
VERTEX
8
0
10
15.566112500000001
20
27.660600000000002
30
0
0
VERTEX
8
0
10
15.230031250000001
20
27.799809375000002
30
0
0
VERTEX
8
0
10
14.972809375
20
28.05703125
30
0
0
VERTEX
8
0
10
14.8336
20
28.3931125
30
0
0
VERTEX
8
0
10
14.8336
20
28.756884375000002
30
0
0
VERTEX
8
0
10
14.972809375
20
29.092965625
30
0
0
VERTEX
8
0
10
15.230031250000001
20
29.3501875
30
0
0
VERTEX
8
0
10
15.566112500000001
20
29.489396875
30
0
0
VERTEX
8
0
10
17.453884375
20
29.489396875
30
0
0
VERTEX
8
0
10
17.789965625
20
29.3501875
30
0
0
VERTEX
8
0
10
18.0471875
20
29.092965625
30
0
0
VERTEX
8
0
10
18.186396875
20
28.756884375000002
30
0
0
VERTEX
8
0
10
18.186396875
20
28.3931125
30
0
0
VERTEX
8
0
10
18.0471875
20
28.05703125
30
0
0
VERTEX
8
0
10
17.789965625
20
27.799809375000002
30
0
0
VERTEX
8
0
10
17.453884375
20
27.660600000000002
30
0
0
SEQEND
0
POLYLINE
66
1
8
16_copper
10
0.0
20
0.0
30
0.0
70
1
0
VERTEX
8
0
10
5.534703125
20
27.6686
30
0
0
VERTEX
8
0
10
5.2015625000000005
20
27.806590625000002
30
0
0
VERTEX
8
0
10
4.946590625
20
28.0615625
30
0
0
VERTEX
8
0
10
4.8086
20
28.394703125000003
30
0
0
VERTEX
8
0
10
4.8086
20
28.75529375
30
0
0
VERTEX
8
0
10
4.946590625
20
29.088434375000002
30
0
0
VERTEX
8
0
10
5.2015625000000005
20
29.34340625
30
0
0
VERTEX
8
0
10
5.534703125
20
29.481396875
30
0
0
VERTEX
8
0
10
5.89529375
20
29.481396875
30
0
0
VERTEX
8
0
10
6.228434375
20
29.34340625
30
0
0
VERTEX
8
0
10
6.483406250000001
20
29.088434375000002
30
0
0
VERTEX
8
0
10
6.621396875
20
28.75529375
30
0
0
VERTEX
8
0
10
6.621396875
20
28.394703125000003
30
0
0
VERTEX
8
0
10
6.483406250000001
20
28.0615625
30
0
0
VERTEX
8
0
10
6.228434375
20
27.806590625000002
30
0
0
VERTEX
8
0
10
5.89529375
20
27.6686
30
0
0
SEQEND
0
POLYLINE
66
1
8
16_copper
10
0.0
20
0.0
30
0.0
70
1
0
VERTEX
8
0
10
8.254984375000001
20
28.574984375
30
0
0
VERTEX
8
0
10
8.254984375000001
20
28.5750125
30
0
0
VERTEX
8
0
10
8.255012500000001
20
28.5750125
30
0
0
VERTEX
8
0
10
8.255012500000001
20
28.574984375
30
0
0
SEQEND
0
POLYLINE
66
1
8
16_copper
10
0.0
20
0.0
30
0.0
70
1
0
VERTEX
8
0
10
8.40739375
20
28.422600000000003
30
0
0
VERTEX
8
0
10
9.251421875
20
28.422600000000003
30
0
0
VERTEX
8
0
10
9.238175
20
28.338959375
30
0
0
VERTEX
8
0
10
9.189143750000001
20
28.188046875
30
0
0
VERTEX
8
0
10
9.117121875
20
28.0467
30
0
0
VERTEX
8
0
10
9.023853125
20
27.918328125000002
30
0
0
VERTEX
8
0
10
8.91166875
20
27.80614375
30
0
0
VERTEX
8
0
10
8.783296875
20
27.712875
30
0
0
VERTEX
8
0
10
8.64195
20
27.640853125
30
0
0
VERTEX
8
0
10
8.491037500000001
20
27.591821875
30
0
0
VERTEX
8
0
10
8.40739375
20
27.578571875
30
0
0
SEQEND
0
POLYLINE
66
1
8
16_copper
10
0.0
20
0.0
30
0.0
70
1
0
VERTEX
8
0
10
8.018959375
20
27.591821875
30
0
0
VERTEX
8
0
10
7.868046875
20
27.640853125
30
0
0
VERTEX
8
0
10
7.7267
20
27.712875
30
0
0
VERTEX
8
0
10
7.598328125
20
27.80614375
30
0
0
VERTEX
8
0
10
7.48614375
20
27.918328125000002
30
0
0
VERTEX
8
0
10
7.392875
20
28.0467
30
0
0
VERTEX
8
0
10
7.320853125
20
28.188046875
30
0
0
VERTEX
8
0
10
7.2718218750000005
20
28.338959375
30
0
0
VERTEX
8
0
10
7.258575
20
28.422600000000003
30
0
0
VERTEX
8
0
10
8.1026
20
28.422600000000003
30
0
0
VERTEX
8
0
10
8.1026
20
27.578575
30
0
0
SEQEND
0
POLYLINE
66
1
8
16_copper
10
0.0
20
0.0
30
0.0
70
1
0
VERTEX
8
0
10
33.820100000000004
20
26.82239375
30
0
0
VERTEX
8
0
10
33.820100000000004
20
27.001409375
30
0
0
VERTEX
8
0
10
33.351409375
20
27.470100000000002
30
0
0
VERTEX
8
0
10
33.172393750000005
20
27.470100000000002
30
0
0
VERTEX
8
0
10
33.172393750000005
20
27.72409375
30
0
0
VERTEX
8
0
10
33.456618750000004
20
27.724096875
30
0
0
VERTEX
8
0
10
34.074096875
20
27.106618750000003
30
0
0
VERTEX
8
0
10
34.074096875
20
26.82239375
30
0
0
SEQEND
0
POLYLINE
66
1
8
16_copper
10
0.0
20
0.0
30
0.0
70
1
0
VERTEX
8
0
10
31.9659
20
26.82239375
30
0
0
VERTEX
8
0
10
31.9659
20
27.106618750000003
30
0
0
VERTEX
8
0
10
32.583378125
20
27.724096875
30
0
0
VERTEX
8
0
10
32.8676
20
27.724096875
30
0
0
VERTEX
8
0
10
32.8676
20
27.470100000000002
30
0
0
VERTEX
8
0
10
32.688590625
20
27.470100000000002
30
0
0
VERTEX
8
0
10
32.2199
20
27.001409375
30
0
0
VERTEX
8
0
10
32.2199
20
26.82239375
30
0
0
SEQEND
0
POLYLINE
66
1
8
16_copper
10
0.0
20
0.0
30
0.0
70
1
0
VERTEX
8
0
10
32.583378125
20
25.6159
30
0
0
VERTEX
8
0
10
31.9659
20
26.233378125
30
0
0
VERTEX
8
0
10
31.9659
20
26.5176
30
0
0
VERTEX
8
0
10
32.2199
20
26.5176
30
0
0
VERTEX
8
0
10
32.2199
20
26.338590625000002
30
0
0
VERTEX
8
0
10
32.688590625
20
25.8699
30
0
0
VERTEX
8
0
10
32.8676
20
25.8699
30
0
0
VERTEX
8
0
10
32.8676
20
25.6159
30
0
0
SEQEND
0
POLYLINE
66
1
8
16_copper
10
0.0
20
0.0
30
0.0
70
1
0
VERTEX
8
0
10
33.172393750000005
20
25.6159
30
0
0
VERTEX
8
0
10
33.172393750000005
20
25.8699
30
0
0
VERTEX
8
0
10
33.351409375
20
25.8699
30
0
0
VERTEX
8
0
10
33.820100000000004
20
26.338590625000002
30
0
0
VERTEX
8
0
10
33.820100000000004
20
26.5176
30
0
0
VERTEX
8
0
10
34.074096875
20
26.5176
30
0
0
VERTEX
8
0
10
34.074096875
20
26.233378125
30
0
0
VERTEX
8
0
10
33.456618750000004
20
25.6159
30
0
0
SEQEND
0
POLYLINE
66
1
8
16_copper
10
0.0
20
0.0
30
0.0
70
1
0
VERTEX
8
0
10
7.785100000000001
20
25.55239375
30
0
0
VERTEX
8
0
10
7.785100000000001
20
25.731409375000002
30
0
0
VERTEX
8
0
10
7.316409375
20
26.200100000000003
30
0
0
VERTEX
8
0
10
7.13739375
20
26.200100000000003
30
0
0
VERTEX
8
0
10
7.13739375
20
26.454096875
30
0
0
VERTEX
8
0
10
7.42161875
20
26.454096875
30
0
0
VERTEX
8
0
10
8.039096875
20
25.83661875
30
0
0
VERTEX
8
0
10
8.039096875
20
25.55239375
30
0
0
SEQEND
0
POLYLINE
66
1
8
16_copper
10
0.0
20
0.0
30
0.0
70
1
0
VERTEX
8
0
10
5.9309
20
25.55239375
30
0
0
VERTEX
8
0
10
5.9309
20
25.83661875
30
0
0
VERTEX
8
0
10
6.548378125
20
26.454096875
30
0
0
VERTEX
8
0
10
6.8326
20
26.454096875
30
0
0
VERTEX
8
0
10
6.8326
20
26.200100000000003
30
0
0
VERTEX
8
0
10
6.6535906250000005
20
26.200100000000003
30
0
0
VERTEX
8
0
10
6.184900000000001
20
25.731409375000002
30
0
0
VERTEX
8
0
10
6.184900000000001
20
25.55239375
30
0
0
SEQEND
0
POLYLINE
66
1
8
16_copper
10
0.0
20
0.0
30
0.0
70
1
0
VERTEX
8
0
10
9.723378125
20
24.3459
30
0
0
VERTEX
8
0
10
9.1059
20
24.963378125000002
30
0
0
VERTEX
8
0
10
9.1059
20
25.83661875
30
0
0
VERTEX
8
0
10
9.723378125
20
26.454096875
30
0
0
VERTEX
8
0
10
10.596618750000001
20
26.454096875
30
0
0
VERTEX
8
0
10
11.214096875000001
20
25.83661875
30
0
0
VERTEX
8
0
10
11.214096875000001
20
24.963378125000002
30
0
0
VERTEX
8
0
10
10.596618750000001
20
24.3459
30
0
0
SEQEND
0
POLYLINE
66
1
8
16_copper
10
0.0
20
0.0
30
0.0
70
1
0
VERTEX
8
0
10
13.5001
20
25.55239375
30
0
0
VERTEX
8
0
10
13.5001
20
25.731409375000002
30
0
0
VERTEX
8
0
10
13.031409375
20
26.200100000000003
30
0
0
VERTEX
8
0
10
12.852393750000001
20
26.200100000000003
30
0
0
VERTEX
8
0
10
12.852393750000001
20
26.454096875
30
0
0
VERTEX
8
0
10
13.13661875
20
26.454096875
30
0
0
VERTEX
8
0
10
13.754096875
20
25.83661875
30
0
0
VERTEX
8
0
10
13.754096875
20
25.55239375
30
0
0
SEQEND
0
POLYLINE
66
1
8
16_copper
10
0.0
20
0.0
30
0.0
70
1
0
VERTEX
8
0
10
11.645900000000001
20
25.55239375
30
0
0
VERTEX
8
0
10
11.645900000000001
20
25.83661875
30
0
0
VERTEX
8
0
10
12.263378125000001
20
26.454096875
30
0
0
VERTEX
8
0
10
12.547600000000001
20
26.454096875
30
0
0
VERTEX
8
0
10
12.547600000000001
20
26.200100000000003
30
0
0
VERTEX
8
0
10
12.368590625000001
20
26.200100000000003
30
0
0
VERTEX
8
0
10
11.8999
20
25.731409375000002
30
0
0
VERTEX
8
0
10
11.8999
20
25.55239375
30
0
0
SEQEND
0
POLYLINE
66
1
8
16_copper
10
0.0
20
0.0
30
0.0
70
1
0
VERTEX
8
0
10
4.050459375
20
24.4475
30
0
0
VERTEX
8
0
10
3.4925
20
25.005459375
30
0
0
VERTEX
8
0
10
3.4925
20
25.7945375
30
0
0
VERTEX
8
0
10
4.050459375
20
26.352496875
30
0
0
VERTEX
8
0
10
4.8395375000000005
20
26.352496875
30
0
0
VERTEX
8
0
10
5.397496875
20
25.7945375
30
0
0
VERTEX
8
0
10
5.397496875
20
25.005459375
30
0
0
VERTEX
8
0
10
4.8395375000000005
20
24.4475
30
0
0
SEQEND
0
POLYLINE
66
1
8
16_copper
10
0.0
20
0.0
30
0.0
70
1
0
VERTEX
8
0
10
12.263378125000001
20
24.3459
30
0
0
VERTEX
8
0
10
11.645900000000001
20
24.963378125000002
30
0
0
VERTEX
8
0
10
11.645900000000001
20
25.247600000000002
30
0
0
VERTEX
8
0
10
11.8999
20
25.247600000000002
30
0
0
VERTEX
8
0
10
11.8999
20
25.068590625000002
30
0
0
VERTEX
8
0
10
12.368590625000001
20
24.5999
30
0
0
VERTEX
8
0
10
12.547600000000001
20
24.5999
30
0
0
VERTEX
8
0
10
12.547600000000001
20
24.3459
30
0
0
SEQEND
0
POLYLINE
66
1
8
16_copper
10
0.0
20
0.0
30
0.0
70
1
0
VERTEX
8
0
10
6.548378125
20
24.3459
30
0
0
VERTEX
8
0
10
5.9309
20
24.963378125000002
30
0
0
VERTEX
8
0
10
5.9309
20
25.247600000000002
30
0
0
VERTEX
8
0
10
6.184900000000001
20
25.247600000000002
30
0
0
VERTEX
8
0
10
6.184900000000001
20
25.068590625000002
30
0
0
VERTEX
8
0
10
6.6535906250000005
20
24.5999
30
0
0
VERTEX
8
0
10
6.8326
20
24.5999
30
0
0
VERTEX
8
0
10
6.8326
20
24.3459
30
0
0
SEQEND
0
POLYLINE
66
1
8
16_copper
10
0.0
20
0.0
30
0.0
70
1
0
VERTEX
8
0
10
7.13739375
20
24.3459
30
0
0
VERTEX
8
0
10
7.13739375
20
24.5999
30
0
0
VERTEX
8
0
10
7.316409375
20
24.5999
30
0
0
VERTEX
8
0
10
7.785100000000001
20
25.068590625000002
30
0
0
VERTEX
8
0
10
7.785100000000001
20
25.247600000000002
30
0
0
VERTEX
8
0
10
8.039093750000001
20
25.247600000000002
30
0
0
VERTEX
8
0
10
8.039096875
20
24.963378125000002
30
0
0
VERTEX
8
0
10
7.42161875
20
24.3459
30
0
0
SEQEND
0
POLYLINE
66
1
8
16_copper
10
0.0
20
0.0
30
0.0
70
1
0
VERTEX
8
0
10
12.852393750000001
20
24.3459
30
0
0
VERTEX
8
0
10
12.852393750000001
20
24.5999
30
0
0
VERTEX
8
0
10
13.031409375
20
24.5999
30
0
0
VERTEX
8
0
10
13.5001
20
25.068590625000002
30
0
0
VERTEX
8
0
10
13.5001
20
25.247600000000002
30
0
0
VERTEX
8
0
10
13.754093750000001
20
25.247600000000002
30
0
0
VERTEX
8
0
10
13.754096875
20
24.963378125000002
30
0
0
VERTEX
8
0
10
13.13661875
20
24.3459
30
0
0
SEQEND
0
POLYLINE
66
1
8
16_copper
10
0.0
20
0.0
30
0.0
70
1
0
VERTEX
8
0
10
33.820100000000004
20
24.28239375
30
0
0
VERTEX
8
0
10
33.820100000000004
20
24.461409375000002
30
0
0
VERTEX
8
0
10
33.351409375
20
24.9301
30
0
0
VERTEX
8
0
10
33.172393750000005
20
24.9301
30
0
0
VERTEX
8
0
10
33.172393750000005
20
25.184093750000002
30
0
0
VERTEX
8
0
10
33.456618750000004
20
25.184096875
30
0
0
VERTEX
8
0
10
34.074096875
20
24.56661875
30
0
0
VERTEX
8
0
10
34.074096875
20
24.28239375
30
0
0
SEQEND
0
POLYLINE
66
1
8
16_copper
10
0.0
20
0.0
30
0.0
70
1
0
VERTEX
8
0
10
31.9659
20
24.28239375
30
0
0
VERTEX
8
0
10
31.9659
20
24.56661875
30
0
0
VERTEX
8
0
10
32.583378125
20
25.184096875
30
0
0
VERTEX
8
0
10
32.8676
20
25.184096875
30
0
0
VERTEX
8
0
10
32.8676
20
24.9301
30
0
0
VERTEX
8
0
10
32.688590625
20
24.9301
30
0
0
VERTEX
8
0
10
32.2199
20
24.461409375000002
30
0
0
VERTEX
8
0
10
32.2199
20
24.28239375
30
0
0
SEQEND
0
POLYLINE
66
1
8
16_copper
10
0.0
20
0.0
30
0.0
70
1
0
VERTEX
8
0
10
27.470100000000002
20
23.647393750000003
30
0
0
VERTEX
8
0
10
27.470100000000002
20
23.826409375
30
0
0
VERTEX
8
0
10
27.001409375
20
24.2951
30
0
0
VERTEX
8
0
10
26.82239375
20
24.2951
30
0
0
VERTEX
8
0
10
26.82239375
20
24.549096875
30
0
0
VERTEX
8
0
10
27.106618750000003
20
24.549096875
30
0
0
VERTEX
8
0
10
27.724096875
20
23.931618750000002
30
0
0
VERTEX
8
0
10
27.724096875
20
23.647393750000003
30
0
0
SEQEND
0
POLYLINE
66
1
8
16_copper
10
0.0
20
0.0
30
0.0
70
1
0
VERTEX
8
0
10
25.6159
20
23.647393750000003
30
0
0
VERTEX
8
0
10
25.6159
20
23.931618750000002
30
0
0
VERTEX
8
0
10
26.233378125
20
24.549096875
30
0
0
VERTEX
8
0
10
26.5176
20
24.549096875
30
0
0
VERTEX
8
0
10
26.5176
20
24.2951
30
0
0
VERTEX
8
0
10
26.338590625000002
20
24.2951
30
0
0
VERTEX
8
0
10
25.8699
20
23.826409375
30
0
0
VERTEX
8
0
10
25.8699
20
23.647393750000003
30
0
0
SEQEND
0
POLYLINE
66
1
8
16_copper
10
0.0
20
0.0
30
0.0
70
1
0
VERTEX
8
0
10
22.3901
20
23.647393750000003
30
0
0
VERTEX
8
0
10
22.3901
20
23.826409375
30
0
0
VERTEX
8
0
10
21.921409375
20
24.2951
30
0
0
VERTEX
8
0
10
21.74239375
20
24.2951
30
0
0
VERTEX
8
0
10
21.74239375
20
24.549096875
30
0
0
VERTEX
8
0
10
22.02661875
20
24.549096875
30
0
0
VERTEX
8
0
10
22.644096875000002
20
23.931618750000002
30
0
0
VERTEX
8
0
10
22.644096875000002
20
23.647393750000003
30
0
0
SEQEND
0
POLYLINE
66
1
8
16_copper
10
0.0
20
0.0
30
0.0
70
1
0
VERTEX
8
0
10
28.815459375
20
22.5425
30
0
0
VERTEX
8
0
10
28.2575
20
23.100459375
30
0
0
VERTEX
8
0
10
28.2575
20
23.8895375
30
0
0
VERTEX
8
0
10
28.815459375
20
24.447496875000002
30
0
0
VERTEX
8
0
10
29.604537500000003
20
24.447496875000002
30
0
0
VERTEX
8
0
10
30.162496875000002
20
23.8895375
30
0
0
VERTEX
8
0
10
30.162496875000002
20
23.100459375
30
0
0
VERTEX
8
0
10
29.604537500000003
20
22.5425
30
0
0
SEQEND
0
POLYLINE
66
1
8
16_copper
10
0.0
20
0.0
30
0.0
70
1
0
VERTEX
8
0
10
23.735459375
20
22.5425
30
0
0
VERTEX
8
0
10
23.177500000000002
20
23.100459375
30
0
0
VERTEX
8
0
10
23.177500000000002
20
23.8895375
30
0
0
VERTEX
8
0
10
23.735459375
20
24.447496875000002
30
0
0
VERTEX
8
0
10
24.5245375
20
24.447496875000002
30
0
0
VERTEX
8
0
10
25.082496875
20
23.8895375
30
0
0
VERTEX
8
0
10
25.082496875
20
23.100459375
30
0
0
VERTEX
8
0
10
24.5245375
20
22.5425
30
0
0
SEQEND
0
POLYLINE
66
1
8
16_copper
10
0.0
20
0.0
30
0.0
70
1
0
VERTEX
8
0
10
32.583378125
20
23.0759
30
0
0
VERTEX
8
0
10
31.9659
20
23.693378125000002
30
0
0
VERTEX
8
0
10
31.9659
20
23.977600000000002
30
0
0
VERTEX
8
0
10
32.2199
20
23.977600000000002
30
0
0
VERTEX
8
0
10
32.2199
20
23.798590625000003
30
0
0
VERTEX
8
0
10
32.688590625
20
23.329900000000002
30
0
0
VERTEX
8
0
10
32.8676
20
23.329900000000002
30
0
0
VERTEX
8
0
10
32.8676
20
23.0759
30
0
0
SEQEND
0
POLYLINE
66
1
8
16_copper
10
0.0
20
0.0
30
0.0
70
1
0
VERTEX
8
0
10
33.172393750000005
20
23.0759
30
0
0
VERTEX
8
0
10
33.172393750000005
20
23.329900000000002
30
0
0
VERTEX
8
0
10
33.351409375
20
23.329900000000002
30
0
0
VERTEX
8
0
10
33.820100000000004
20
23.798590625000003
30
0
0
VERTEX
8
0
10
33.820100000000004
20
23.977600000000002
30
0
0
VERTEX
8
0
10
34.074096875
20
23.977600000000002
30
0
0
VERTEX
8
0
10
34.074096875
20
23.693378125000002
30
0
0
VERTEX
8
0
10
33.456618750000004
20
23.0759
30
0
0
SEQEND
0
POLYLINE
66
1
8
16_copper
10
0.0
20
0.0
30
0.0
70
1
0
VERTEX
8
0
10
26.233378125
20
22.440900000000003
30
0
0
VERTEX
8
0
10
25.6159
20
23.058378125
30
0
0
VERTEX
8
0
10
25.6159
20
23.3426
30
0
0
VERTEX
8
0
10
25.8699
20
23.3426
30
0
0
VERTEX
8
0
10
25.8699
20
23.163590625
30
0
0
VERTEX
8
0
10
26.338590625000002
20
22.6949
30
0
0
VERTEX
8
0
10
26.5176
20
22.6949
30
0
0
VERTEX
8
0
10
26.5176
20
22.440900000000003
30
0
0
SEQEND
0
POLYLINE
66
1
8
16_copper
10
0.0
20
0.0
30
0.0
70
1
0
VERTEX
8
0
10
26.82239375
20
22.440900000000003
30
0
0
VERTEX
8
0
10
26.82239375
20
22.6949
30
0
0
VERTEX
8
0
10
27.001409375
20
22.6949
30
0
0
VERTEX
8
0
10
27.470100000000002
20
23.163590625
30
0
0
VERTEX
8
0
10
27.470100000000002
20
23.3426
30
0
0
VERTEX
8
0
10
27.72409375
20
23.3426
30
0
0
VERTEX
8
0
10
27.724096875
20
23.058378125
30
0
0
VERTEX
8
0
10
27.106618750000003
20
22.440900000000003
30
0
0
SEQEND
0
POLYLINE
66
1
8
16_copper
10
0.0
20
0.0
30
0.0
70
1
0
VERTEX
8
0
10
40.26124375
20
21.3106
30
0
0
VERTEX
8
0
10
39.7256
20
21.84624375
30
0
0
VERTEX
8
0
10
39.7256
20
22.603753125
30
0
0
VERTEX
8
0
10
40.26124375
20
23.139396875000003
30
0
0
VERTEX
8
0
10
41.018753125
20
23.139396875000003
30
0
0
VERTEX
8
0
10
41.554396875
20
22.603753125
30
0
0
VERTEX
8
0
10
41.554396875
20
21.84624375
30
0
0
VERTEX
8
0
10
41.018753125
20
21.3106
30
0
0
SEQEND
0
POLYLINE
66
1
8
16_copper
10
0.0
20
0.0
30
0.0
70
1
0
VERTEX
8
0
10
32.625459375
20
20.6375
30
0
0
VERTEX
8
0
10
32.0675
20
21.195459375000002
30
0
0
VERTEX
8
0
10
32.0675
20
21.984537500000002
30
0
0
VERTEX
8
0
10
32.625459375
20
22.542496875
30
0
0
VERTEX
8
0
10
33.4145375
20
22.542496875
30
0
0
VERTEX
8
0
10
33.972496875000004
20
21.984537500000002
30
0
0
VERTEX
8
0
10
33.972496875000004
20
21.195459375000002
30
0
0
VERTEX
8
0
10
33.4145375
20
20.6375
30
0
0
SEQEND
0
POLYLINE
66
1
8
16_copper
10
0.0
20
0.0
30
0.0
70
1
0
VERTEX
8
0
10
40.303325
20
18.8722
30
0
0
VERTEX
8
0
10
39.827200000000005
20
19.348325000000003
30
0
0
VERTEX
8
0
10
39.827200000000005
20
20.021671875000003
30
0
0
VERTEX
8
0
10
40.303325
20
20.497796875000002
30
0
0
VERTEX
8
0
10
40.976671875
20
20.497796875000002
30
0
0
VERTEX
8
0
10
41.452796875000004
20
20.021671875000003
30
0
0
VERTEX
8
0
10
41.452796875000004
20
19.348325000000003
30
0
0
VERTEX
8
0
10
40.976671875
20
18.8722
30
0
0
SEQEND
0
POLYLINE
66
1
8
16_copper
10
0.0
20
0.0
30
0.0
70
1
0
VERTEX
8
0
10
40.26124375
20
14.960600000000001
30
0
0
VERTEX
8
0
10
39.7256
20
15.496243750000001
30
0
0
VERTEX
8
0
10
39.7256
20
16.253753125
30
0
0
VERTEX
8
0
10
40.26124375
20
16.789396875
30
0
0
VERTEX
8
0
10
41.018753125
20
16.789396875
30
0
0
VERTEX
8
0
10
41.554396875
20
16.253753125
30
0
0
VERTEX
8
0
10
41.554396875
20
15.496243750000001
30
0
0
VERTEX
8
0
10
41.018753125
20
14.960600000000001
30
0
0
SEQEND
0
POLYLINE
66
1
8
16_copper
10
0.0
20
0.0
30
0.0
70
1
0
VERTEX
8
0
10
13.151865625000001
20
14.75739375
30
0
0
VERTEX
8
0
10
13.151865625000001
20
15.446953125
30
0
0
VERTEX
8
0
10
13.176884375
20
15.604909375
30
0
0
VERTEX
8
0
10
13.22630625
20
15.757021875000001
30
0
0
VERTEX
8
0
10
13.298903125
20
15.899500000000002
30
0
0
VERTEX
8
0
10
13.392900000000001
20
16.028875
30
0
0
VERTEX
8
0
10
13.5059875
20
16.1419625
30
0
0
VERTEX
8
0
10
13.635362500000001
20
16.235959375
30
0
0
VERTEX
8
0
10
13.777840625000001
20
16.308556250000002
30
0
0
VERTEX
8
0
10
13.929953125
20
16.357978125000002
30
0
0
VERTEX
8
0
10
14.015465625000001
20
16.371521875
30
0
0
VERTEX
8
0
10
14.015465625000001
20
16.113615625
30
0
0
VERTEX
8
0
10
13.982490625
20
16.10705625
30
0
42
0.3303552833504715
0
VERTEX
8
0
10
13.405865625
20
15.404434375000001
30
0
0
VERTEX
8
0
10
13.405865625
20
14.75739375
30
0
0
SEQEND
0
POLYLINE
66
1
8
16_copper
10
0.0
20
0.0
30
0.0
70
1
0
VERTEX
8
0
10
14.929865625000001
20
14.75739375
30
0
0
VERTEX
8
0
10
14.929865625000001
20
15.404434375000001
30
0
0
VERTEX
8
0
10
14.922528125000001
20
15.478943750000001
30
0
42
0.30334643882340373
0
VERTEX
8
0
10
14.353240625000002
20
16.10705625
30
0
0
VERTEX
8
0
10
14.320259375000001
20
16.113615625
30
0
0
VERTEX
8
0
10
14.320259375000001
20
16.371521875
30
0
0
VERTEX
8
0
10
14.405775
20
16.357978125000002
30
0
0
VERTEX
8
0
10
14.557887500000001
20
16.308556250000002
30
0
0
VERTEX
8
0
10
14.700365625
20
16.235959375
30
0
0
VERTEX
8
0
10
14.829740625000001
20
16.1419625
30
0
0
VERTEX
8
0
10
14.942828125
20
16.028875
30
0
0
VERTEX
8
0
10
15.036825
20
15.899500000000002
30
0
0
VERTEX
8
0
10
15.109421875
20
15.757021875000001
30
0
0
VERTEX
8
0
10
15.15884375
20
15.604909375
30
0
0
VERTEX
8
0
10
15.1838625
20
15.446953125
30
0
0
VERTEX
8
0
10
15.1838625
20
14.75739375
30
0
0
SEQEND
0
POLYLINE
66
1
8
16_copper
10
0.0
20
0.0
30
0.0
70
1
0
VERTEX
8
0
10
19.065978125
20
12.928600000000001
30
0
0
VERTEX
8
0
10
18.729896875
20
13.067809375000001
30
0
0
VERTEX
8
0
10
18.472675000000002
20
13.32503125
30
0
0
VERTEX
8
0
10
18.333465625000002
20
13.6611125
30
0
0
VERTEX
8
0
10
18.333465625000002
20
15.548884375
30
0
0
VERTEX
8
0
10
18.472675000000002
20
15.884965625000001
30
0
0
VERTEX
8
0
10
18.729896875
20
16.142187500000002
30
0
0
VERTEX
8
0
10
19.065978125
20
16.281396875000002
30
0
0
VERTEX
8
0
10
19.429750000000002
20
16.281396875000002
30
0
0
VERTEX
8
0
10
19.76583125
20
16.142187500000002
30
0
0
VERTEX
8
0
10
20.023053125
20
15.884965625000001
30
0
0
VERTEX
8
0
10
20.1622625
20
15.548884375
30
0
0
VERTEX
8
0
10
20.1622625
20
13.6611125
30
0
0
VERTEX
8
0
10
20.023053125
20
13.32503125
30
0
0
VERTEX
8
0
10
19.76583125
20
13.067809375000001
30
0
0
VERTEX
8
0
10
19.429750000000002
20
12.928600000000001
30
0
0
SEQEND
0
POLYLINE
66
1
8
16_copper
10
0.0
20
0.0
30
0.0
70
1
0
VERTEX
8
0
10
21.605978125
20
12.928600000000001
30
0
0
VERTEX
8
0
10
21.269896875
20
13.067809375000001
30
0
0
VERTEX
8
0
10
21.012675
20
13.32503125
30
0
0
VERTEX
8
0
10
20.873465625
20
13.6611125
30
0
0
VERTEX
8
0
10
20.873465625
20
15.548884375
30
0
0
VERTEX
8
0
10
21.012675
20
15.884965625000001
30
0
0
VERTEX
8
0
10
21.269896875
20
16.142187500000002
30
0
0
VERTEX
8
0
10
21.605978125
20
16.281396875000002
30
0
0
VERTEX
8
0
10
21.96975
20
16.281396875000002
30
0
0
VERTEX
8
0
10
22.30583125
20
16.142187500000002
30
0
0
VERTEX
8
0
10
22.563053125
20
15.884965625000001
30
0
0
VERTEX
8
0
10
22.7022625
20
15.548884375
30
0
0
VERTEX
8
0
10
22.7022625
20
13.6611125
30
0
0
VERTEX
8
0
10
22.563053125
20
13.32503125
30
0
0
VERTEX
8
0
10
22.30583125
20
13.067809375000001
30
0
0
VERTEX
8
0
10
21.96975
20
12.928600000000001
30
0
0
SEQEND
0
POLYLINE
66
1
8
16_copper
10
0.0
20
0.0
30
0.0
70
1
0
VERTEX
8
0
10
31.765978125
20
12.928600000000001
30
0
0
VERTEX
8
0
10
31.429896875
20
13.067809375000001
30
0
0
VERTEX
8
0
10
31.172675
20
13.32503125
30
0
0
VERTEX
8
0
10
31.033465625
20
13.6611125
30
0
0
VERTEX
8
0
10
31.033465625
20
15.548884375
30
0
0
VERTEX
8
0
10
31.172675
20
15.884965625000001
30
0
0
VERTEX
8
0
10
31.429896875
20
16.142187500000002
30
0
0
VERTEX
8
0
10
31.765978125
20
16.281396875000002
30
0
0
VERTEX
8
0
10
32.12975
20
16.281396875000002
30
0
0
VERTEX
8
0
10
32.46583125
20
16.142187500000002
30
0
0
VERTEX
8
0
10
32.723053125
20
15.884965625000001
30
0
0
VERTEX
8
0
10
32.8622625
20
15.548884375
30
0
0
VERTEX
8
0
10
32.8622625
20
13.6611125
30
0
0
VERTEX
8
0
10
32.723053125
20
13.32503125
30
0
0
VERTEX
8
0
10
32.46583125
20
13.067809375000001
30
0
0
VERTEX
8
0
10
32.12975
20
12.928600000000001
30
0
0
SEQEND
0
POLYLINE
66
1
8
16_copper
10
0.0
20
0.0
30
0.0
70
1
0
VERTEX
8
0
10
16.525978125
20
12.928600000000001
30
0
0
VERTEX
8
0
10
16.189896875000002
20
13.067809375000001
30
0
0
VERTEX
8
0
10
15.932675000000001
20
13.32503125
30
0
0
VERTEX
8
0
10
15.793465625000001
20
13.6611125
30
0
0
VERTEX
8
0
10
15.793465625000001
20
15.548884375
30
0
0
VERTEX
8
0
10
15.932675000000001
20
15.884965625000001
30
0
0
VERTEX
8
0
10
16.189896875000002
20
16.142187500000002
30
0
0
VERTEX
8
0
10
16.525978125
20
16.281396875000002
30
0
0
VERTEX
8
0
10
16.88975
20
16.281396875000002
30
0
0
VERTEX
8
0
10
17.225831250000002
20
16.142187500000002
30
0
0
VERTEX
8
0
10
17.483053125
20
15.884965625000001
30
0
0
VERTEX
8
0
10
17.6222625
20
15.548884375
30
0
0
VERTEX
8
0
10
17.6222625
20
13.6611125
30
0
0
VERTEX
8
0
10
17.483053125
20
13.32503125
30
0
0
VERTEX
8
0
10
17.225831250000002
20
13.067809375000001
30
0
0
VERTEX
8
0
10
16.88975
20
12.928600000000001
30
0
0
SEQEND
0
POLYLINE
66
1
8
16_copper
10
0.0
20
0.0
30
0.0
70
1
0
VERTEX
8
0
10
13.929953125
20
12.852018750000001
30
0
0
VERTEX
8
0
10
13.777840625000001
20
12.901440625000001
30
0
0
VERTEX
8
0
10
13.635362500000001
20
12.974037500000001
30
0
0
VERTEX
8
0
10
13.5059875
20
13.068034375
30
0
0
VERTEX
8
0
10
13.392900000000001
20
13.181121875
30
0
0
VERTEX
8
0
10
13.298903125
20
13.310496875
30
0
0
VERTEX
8
0
10
13.22630625
20
13.452975
30
0
0
VERTEX
8
0
10
13.176884375
20
13.6050875
30
0
0
VERTEX
8
0
10
13.151865625000001
20
13.763043750000001
30
0
0
VERTEX
8
0
10
13.151865625000001
20
14.4526
30
0
0
VERTEX
8
0
10
13.405865625
20
14.4526
30
0
0
VERTEX
8
0
10
13.405865625
20
13.805565625
30
0
0
VERTEX
8
0
10
13.413203125
20
13.73105625
30
0
42
0.30334643882340373
0
VERTEX
8
0
10
13.982490625
20
13.102943750000001
30
0
0
VERTEX
8
0
10
14.015465625000001
20
13.096384375000001
30
0
0
VERTEX
8
0
10
14.015465625000001
20
12.838475
30
0
0
SEQEND
0
POLYLINE
66
1
8
16_copper
10
0.0
20
0.0
30
0.0
70
1
0
VERTEX
8
0
10
14.320259375000001
20
13.096384375000001
30
0
0
VERTEX
8
0
10
14.353240625000002
20
13.102943750000001
30
0
42
0.3303552833504715
0
VERTEX
8
0
10
14.929865625000001
20
13.805565625
30
0
0
VERTEX
8
0
10
14.929865625000001
20
14.4526
30
0
0
VERTEX
8
0
10
15.183859375
20
14.4526
30
0
0
VERTEX
8
0
10
15.1838625
20
13.763043750000001
30
0
0
VERTEX
8
0
10
15.15884375
20
13.6050875
30
0
0
VERTEX
8
0
10
15.109421875
20
13.452975
30
0
0
VERTEX
8
0
10
15.036825
20
13.310496875
30
0
0
VERTEX
8
0
10
14.942828125
20
13.181121875
30
0
0
VERTEX
8
0
10
14.829740625000001
20
13.068034375
30
0
0
VERTEX
8
0
10
14.700365625
20
12.974037500000001
30
0
0
VERTEX
8
0
10
14.557887500000001
20
12.901440625000001
30
0
0
VERTEX
8
0
10
14.405775
20
12.852018750000001
30
0
0
VERTEX
8
0
10
14.320259375000001
20
12.838475
30
0
0
SEQEND
0
POLYLINE
66
1
8
1_copper
10
0.0
20
0.0
30
0.0
70
1
0
VERTEX
8
0
10
34.4551
20
53.643590625
30
0
0
VERTEX
8
0
10
34.4551
20
54.306409375
30
0
0
VERTEX
8
0
10
33.986409375
20
54.7751
30
0
0
VERTEX
8
0
10
33.8074
20
54.7751
30
0
0
VERTEX
8
0
10
33.8074
20
56.991875
30
0
0
VERTEX
8
0
10
41.5231
20
64.707575
30
0
0
VERTEX
8
0
10
41.52671875
20
64.7120125
30
0
0
VERTEX
8
0
10
41.53086875
20
64.71595
30
0
42
0.15312467584094633
0
VERTEX
8
0
10
41.566934375
20
64.799721875
30
0
0
VERTEX
8
0
10
41.5677375
20
64.8153375
30
0
0
VERTEX
8
0
10
41.5677375
20
74.31966875
30
0
0
VERTEX
8
0
10
41.567159375
20
74.325365625
30
0
0
VERTEX
8
0
10
41.567309375
20
74.331084375
30
0
42
0.1531278540915039
0
VERTEX
8
0
10
41.533575
20
74.415825
30
0
0
VERTEX
8
0
10
41.5231
20
74.42743125
30
0
0
VERTEX
8
0
10
40.7924
20
75.15813125
30
0
0
VERTEX
8
0
10
40.7924
20
77.86638437500001
30
0
0
VERTEX
8
0
10
40.825375
20
77.87294375
30
0
42
0.3303552833504715
0
VERTEX
8
0
10
41.402
20
78.57556562500001
30
0
0
VERTEX
8
0
10
41.402
20
80.174434375
30
0
0
VERTEX
8
0
10
41.3946625
20
80.24894375000001
30
0
42
0.9063472543261978
0
VERTEX
8
0
10
39.878
20
80.174434375
30
0
0
VERTEX
8
0
10
39.878
20
78.57556562500001
30
0
0
VERTEX
8
0
10
39.8853375
20
78.50105625
30
0
42
0.30334643882340373
0
VERTEX
8
0
10
40.454625
20
77.87294375
30
0
0
VERTEX
8
0
10
40.4876
20
77.86638437500001
30
0
0
VERTEX
8
0
10
40.4876
20
75.09500625
30
0
0
VERTEX
8
0
10
40.488178125000005
20
75.089309375
30
0
0
VERTEX
8
0
10
40.488028125
20
75.083590625
30
0
42
0.1531278540915039
0
VERTEX
8
0
10
40.5217625
20
74.99885
30
0
0
VERTEX
8
0
10
40.5322375
20
74.98724375
30
0
0
VERTEX
8
0
10
41.2629375
20
74.25654375
30
0
0
VERTEX
8
0
10
41.2629375
20
64.8784625
30
0
0
VERTEX
8
0
10
33.5472375
20
57.1627625
30
0
0
VERTEX
8
0
10
33.54361875
20
57.158325000000005
30
0
0
VERTEX
8
0
10
33.539468750000005
20
57.154387500000006
30
0
42
0.15312467584094633
0
VERTEX
8
0
10
33.503403125
20
57.070615625
30
0
0
VERTEX
8
0
10
33.5026
20
57.055
30
0
0
VERTEX
8
0
10
33.5026
20
54.7751
30
0
0
VERTEX
8
0
10
33.323590625
20
54.7751
30
0
0
VERTEX
8
0
10
32.8549
20
54.306409375
30
0
0
VERTEX
8
0
10
32.8549
20
53.643590625
30
0
0
VERTEX
8
0
10
33.323590625
20
53.1749
30
0
0
VERTEX
8
0
10
33.986409375
20
53.1749
30
0
0
SEQEND
0
POLYLINE
66
1
8
1_copper
10
0.0
20
0.0
30
0.0
70
1
0
VERTEX
8
0
10
16.266440625
20
64.080771875
30
0
42
0.5325344265187388
0
VERTEX
8
0
10
16.50880625
20
64.66104375
30
0
0
VERTEX
8
0
10
16.757865625
20
64.910103125
30
0
0
VERTEX
8
0
10
16.757865625
20
64.905
30
0
0
VERTEX
8
0
10
17.557865625
20
64.905
30
0
0
VERTEX
8
0
10
17.557865625
20
65.305
30
0
0
VERTEX
8
0
10
16.757865625
20
65.305
30
0
0
VERTEX
8
0
10
16.757865625
20
65.125628125
30
0
0
VERTEX
8
0
10
16.40104375
20
64.76880625
30
0
0
VERTEX
8
0
10
16.360131250000002
20
64.79242500000001
30
0
42
0.9999999999999999
0
VERTEX
8
0
10
16.02486875
20
64.112575
30
0
0
VERTEX
8
0
10
16.070671875000002
20
64.093603125
30
0
42
0.09849011607219813
0
VERTEX
8
0
10
16.2172875
20
64.07430000000001
30
0
0
SEQEND
0
POLYLINE
66
1
8
1_copper
10
0.0
20
0.0
30
0.0
70
1
0
VERTEX
8
0
10
13.3604
20
56.241456250000006
30
0
0
VERTEX
8
0
10
13.3604
20
56.78854375
30
0
0
VERTEX
8
0
10
12.973543750000001
20
57.1754
30
0
0
VERTEX
8
0
10
12.426456250000001
20
57.1754
30
0
0
VERTEX
8
0
10
12.0396
20
56.78854375
30
0
0
VERTEX
8
0
10
12.0396
20
56.241456250000006
30
0
0
VERTEX
8
0
10
12.426456250000001
20
55.854600000000005
30
0
0
VERTEX
8
0
10
12.973543750000001
20
55.854600000000005
30
0
0
SEQEND
0
POLYLINE
66
1
8
1_copper
10
0.0
20
0.0
30
0.0
70
1
0
VERTEX
8
0
10
26.200100000000003
20
53.643590625
30
0
0
VERTEX
8
0
10
26.200100000000003
20
54.306409375
30
0
0
VERTEX
8
0
10
25.731409375000002
20
54.7751
30
0
0
VERTEX
8
0
10
25.068590625000002
20
54.7751
30
0
0
VERTEX
8
0
10
24.5999
20
54.306409375
30
0
0
VERTEX
8
0
10
24.5999
20
53.643590625
30
0
0
VERTEX
8
0
10
25.068590625000002
20
53.1749
30
0
0
VERTEX
8
0
10
25.731409375000002
20
53.1749
30
0
0
SEQEND
0
POLYLINE
66
1
8
1_copper
10
0.0
20
0.0
30
0.0
70
1
0
VERTEX
8
0
10
2.4638
20
47.155100000000004
30
0
0
VERTEX
8
0
10
2.4638
20
45.5549
30
0
0
VERTEX
8
0
10
3.0988
20
45.5549
30
0
0
VERTEX
8
0
10
3.0988
20
44.615100000000005
30
0
0
VERTEX
8
0
10
2.4638
20
44.615100000000005
30
0
0
VERTEX
8
0
10
2.4638
20
43.014900000000004
30
0
0
VERTEX
8
0
10
3.0988
20
43.014900000000004
30
0
0
VERTEX
8
0
10
3.0988
20
40.005
30
0
0
VERTEX
8
0
10
3.100015625
20
39.996571875
30
0
0
VERTEX
8
0
10
3.100696875
20
39.98810625
30
0
42
0.08765396656356698
0
VERTEX
8
0
10
3.11098125
20
39.963668750000004
30
0
0
VERTEX
8
0
10
3.115853125
20
39.958075
30
0
0
VERTEX
8
0
10
3.12111875
20
39.95111875
30
0
0
VERTEX
8
0
10
5.5682375
20
37.504000000000005
30
0
0
VERTEX
8
0
10
5.5669
20
37.497521875000004
30
0
0
VERTEX
8
0
10
5.563840625
20
37.484396875
30
0
42
0.0062445069183670685
0
VERTEX
8
0
10
5.563403125000001
20
37.480615625
30
0
0
VERTEX
8
0
10
5.562600000000001
20
37.465
30
0
0
VERTEX
8
0
10
5.562600000000001
20
28.638125000000002
30
0
0
VERTEX
8
0
10
4.3372375000000005
20
27.412762500000003
30
0
0
VERTEX
8
0
10
4.33361875
20
27.408325
30
0
0
VERTEX
8
0
10
4.32946875
20
27.404387500000002
30
0
42
0.15312467584094633
0
VERTEX
8
0
10
4.293403125
20
27.320615625000002
30
0
0
VERTEX
8
0
10
4.2926
20
27.305
30
0
0
VERTEX
8
0
10
4.2926
20
26.200100000000003
30
0
0
VERTEX
8
0
10
4.1135906250000005
20
26.200100000000003
30
0
0
VERTEX
8
0
10
3.6449000000000003
20
25.731409375000002
30
0
0
VERTEX
8
0
10
3.6449000000000003
20
25.068590625000002
30
0
0
VERTEX
8
0
10
4.1135906250000005
20
24.5999
30
0
0
VERTEX
8
0
10
4.776409375
20
24.5999
30
0
0
VERTEX
8
0
10
5.2451
20
25.068590625000002
30
0
0
VERTEX
8
0
10
5.2451
20
25.731409375000002
30
0
0
VERTEX
8
0
10
4.776409375
20
26.200100000000003
30
0
0
VERTEX
8
0
10
4.5974
20
26.200100000000003
30
0
0
VERTEX
8
0
10
4.5974
20
27.241875
30
0
0
VERTEX
8
0
10
5.8227625000000005
20
28.467237500000003
30
0
0
VERTEX
8
0
10
5.82638125
20
28.471675
30
0
0
VERTEX
8
0
10
5.83053125
20
28.4756125
30
0
42
0.15312467584094633
0
VERTEX
8
0
10
5.866596875
20
28.559384375
30
0
0
VERTEX
8
0
10
5.8674
20
28.575000000000003
30
0
0
VERTEX
8
0
10
5.8674
20
37.097075000000004
30
0
0
VERTEX
8
0
10
10.6872375
20
32.2772375
30
0
0
VERTEX
8
0
10
10.691675
20
32.273618750000004
30
0
0
VERTEX
8
0
10
10.695612500000001
20
32.26946875
30
0
42
0.15312467584094633
0
VERTEX
8
0
10
10.779384375000001
20
32.233403125
30
0
0
VERTEX
8
0
10
10.795
20
32.232600000000005
30
0
0
VERTEX
8
0
10
12.065000000000001
20
32.232600000000005
30
0
0
VERTEX
8
0
10
12.095665625
20
32.235715625000005
30
0
42
0.20541769093331114
0
VERTEX
8
0
10
12.1943
20
32.304331250000004
30
0
0
VERTEX
8
0
10
12.19649375
20
32.308800000000005
30
0
0
VERTEX
8
0
10
19.05
20
32.308800000000005
30
0
0
VERTEX
8
0
10
19.058428125000002
20
32.310015625
30
0
0
VERTEX
8
0
10
19.066893750000002
20
32.310696875000005
30
0
42
0.08765396656356698
0
VERTEX
8
0
10
19.09133125
20
32.32098125
30
0
0
VERTEX
8
0
10
19.096925000000002
20
32.325853125
30
0
0
VERTEX
8
0
10
19.10388125
20
32.33111875
30
0
0
VERTEX
8
0
10
22.41094375
20
35.63818125
30
0
0
VERTEX
8
0
10
22.416640625
20
35.632481250000005
30
0
0
VERTEX
8
0
10
22.425665625
20
35.627271875000005
30
0
0
VERTEX
8
0
10
22.425665625
20
34.764303125000005
30
0
0
VERTEX
8
0
10
22.42624375
20
34.75860625
30
0
0
VERTEX
8
0
10
22.42609375
20
34.7528875
30
0
42
0.1531278540915039
0
VERTEX
8
0
10
22.459828125
20
34.668146875000005
30
0
0
VERTEX
8
0
10
22.470303125
20
34.656540625000005
30
0
0
VERTEX
8
0
10
23.071606250000002
20
34.055237500000004
30
0
0
VERTEX
8
0
10
23.07604375
20
34.05161875
30
0
0
VERTEX
8
0
10
23.07998125
20
34.04746875
30
0
42
0.15312467584094633
0
VERTEX
8
0
10
23.163753125
20
34.011403125
30
0
0
VERTEX
8
0
10
23.179368750000002
20
34.010600000000004
30
0
0
VERTEX
8
0
10
23.81063125
20
34.010600000000004
30
0
0
VERTEX
8
0
10
23.816328125000002
20
34.011178125
30
0
0
VERTEX
8
0
10
23.822046875
20
34.011028125
30
0
42
0.1531278540915039
0
VERTEX
8
0
10
23.9067875
20
34.044762500000004
30
0
0
VERTEX
8
0
10
23.91839375
20
34.055237500000004
30
0
0
VERTEX
8
0
10
24.3647625
20
34.50160625
30
0
0
VERTEX
8
0
10
24.368381250000002
20
34.50604375
30
0
0
VERTEX
8
0
10
24.37253125
20
34.50998125
30
0
42
0.15312467584094633
0
VERTEX
8
0
10
24.408596875
20
34.593753125
30
0
0
VERTEX
8
0
10
24.4094
20
34.60936875
30
0
0
VERTEX
8
0
10
24.4094
20
35.24063125
30
0
0
VERTEX
8
0
10
24.408821875
20
35.246328125000005
30
0
0
VERTEX
8
0
10
24.408971875000002
20
35.252046875000005
30
0
42
0.1531278540915039
0
VERTEX
8
0
10
24.3752375
20
35.3367875
30
0
0
VERTEX
8
0
10
24.370265625000002
20
35.342296875
30
0
0
VERTEX
8
0
10
24.370265625000002
20
35.905
30
0
0
VERTEX
8
0
10
24.446884375
20
35.905
30
0
0
VERTEX
8
0
10
24.469140625
20
35.910962500000004
30
0
0
VERTEX
8
0
10
24.489090625000003
20
35.922481250000004
30
0
0
VERTEX
8
0
10
24.505384375000002
20
35.938775
30
0
0
VERTEX
8
0
10
24.516903125000002
20
35.958725
30
0
0
VERTEX
8
0
10
24.522865625
20
35.98098125
30
0
0
VERTEX
8
0
10
24.522865625
20
36.179018750000004
30
0
0
VERTEX
8
0
10
24.516903125000002
20
36.201275
30
0
0
VERTEX
8
0
10
24.505384375000002
20
36.221225000000004
30
0
0
VERTEX
8
0
10
24.489090625000003
20
36.23751875
30
0
0
VERTEX
8
0
10
24.469140625
20
36.2490375
30
0
0
VERTEX
8
0
10
24.446884375
20
36.255
30
0
0
VERTEX
8
0
10
23.988846875
20
36.255
30
0
0
VERTEX
8
0
10
23.966590625000002
20
36.2490375
30
0
0
VERTEX
8
0
10
23.946640625
20
36.23751875
30
0
0
VERTEX
8
0
10
23.930346875
20
36.221225000000004
30
0
0
VERTEX
8
0
10
23.918828125
20
36.201275
30
0
0
VERTEX
8
0
10
23.912865625000002
20
36.179018750000004
30
0
0
VERTEX
8
0
10
23.912865625000002
20
35.98098125
30
0
0
VERTEX
8
0
10
23.918828125
20
35.958725
30
0
0
VERTEX
8
0
10
23.930346875
20
35.938775
30
0
0
VERTEX
8
0
10
23.946640625
20
35.922481250000004
30
0
0
VERTEX
8
0
10
23.966590625000002
20
35.910962500000004
30
0
0
VERTEX
8
0
10
23.988846875
20
35.905
30
0
0
VERTEX
8
0
10
24.065465625
20
35.905
30
0
0
VERTEX
8
0
10
24.065465625
20
35.279765625
30
0
0
VERTEX
8
0
10
24.066043750000002
20
35.274068750000005
30
0
0
VERTEX
8
0
10
24.06589375
20
35.268350000000005
30
0
42
0.09219335694871267
0
VERTEX
8
0
10
24.080584375
20
35.21468125
30
0
0
VERTEX
8
0
10
24.082700000000003
20
35.20936875
30
0
0
VERTEX
8
0
10
24.08804375
20
35.201234375
30
0
0
VERTEX
8
0
10
24.092759375
20
35.1927375
30
0
42
0.015972570042058754
0
VERTEX
8
0
10
24.099628125000002
20
35.183609375
30
0
0
VERTEX
8
0
10
24.1046
20
35.1781
30
0
0
VERTEX
8
0
10
24.1046
20
34.67249375
30
0
0
VERTEX
8
0
10
23.74750625
20
34.315400000000004
30
0
0
VERTEX
8
0
10
23.24249375
20
34.315400000000004
30
0
0
VERTEX
8
0
10
22.730465625
20
34.827428125000004
30
0
0
VERTEX
8
0
10
22.730465625
20
35.682021875000004
30
0
0
VERTEX
8
0
10
22.732865625000002
20
35.69098125
30
0
0
VERTEX
8
0
10
22.732865625000002
20
36.14901875
30
0
0
VERTEX
8
0
10
22.726903125
20
36.171275
30
0
0
VERTEX
8
0
10
22.715384375000003
20
36.191225
30
0
0
VERTEX
8
0
10
22.699090625
20
36.20751875
30
0
0
VERTEX
8
0
10
22.679140625000002
20
36.2190375
30
0
0
VERTEX
8
0
10
22.656884375
20
36.225
30
0
0
VERTEX
8
0
10
22.458846875000003
20
36.225
30
0
0
VERTEX
8
0
10
22.436590625
20
36.2190375
30
0
0
VERTEX
8
0
10
22.416640625
20
36.20751875
30
0
0
VERTEX
8
0
10
22.400346875
20
36.191225
30
0
0
VERTEX
8
0
10
22.388828125
20
36.171275
30
0
0
VERTEX
8
0
10
22.382865625
20
36.14901875
30
0
0
VERTEX
8
0
10
22.382865625
20
35.825628125
30
0
0
VERTEX
8
0
10
19.0184375
20
32.4612
30
0
0
VERTEX
8
0
10
12.196159375
20
32.4612
30
0
0
VERTEX
8
0
10
12.185603125
20
32.478171875
30
0
42
0.20541141293040752
0
VERTEX
8
0
10
12.080615625
20
32.536596875
30
0
0
VERTEX
8
0
10
12.065000000000001
20
32.5374
30
0
0
VERTEX
8
0
10
10.858125000000001
20
32.5374
30
0
0
VERTEX
8
0
10
5.8227625000000005
20
37.5727625
30
0
0
VERTEX
8
0
10
5.821284375
20
37.573965625
30
0
0
VERTEX
8
0
10
5.820037500000001
20
37.575421875
30
0
42
0.258802973520582
0
VERTEX
8
0
10
5.676915625
20
37.612565625
30
0
0
VERTEX
8
0
10
5.675659375
20
37.612103125000004
30
0
0
VERTEX
8
0
10
3.2512000000000003
20
40.0365625
30
0
0
VERTEX
8
0
10
3.2512000000000003
20
43.014900000000004
30
0
0
VERTEX
8
0
10
3.6322
20
43.014900000000004
30
0
0
VERTEX
8
0
10
3.6322
20
44.615100000000005
30
0
0
VERTEX
8
0
10
3.2512000000000003
20
44.615100000000005
30
0
0
VERTEX
8
0
10
3.2512000000000003
20
45.5549
30
0
0
VERTEX
8
0
10
3.6322
20
45.5549
30
0
0
VERTEX
8
0
10
3.6322
20
47.155100000000004
30
0
0
VERTEX
8
0
10
3.2512000000000003
20
47.155100000000004
30
0
0
VERTEX
8
0
10
3.2512000000000003
20
47.5488
30
0
0
VERTEX
8
0
10
5.3975
20
47.5488
30
0
0
VERTEX
8
0
10
5.405928125
20
47.550015625
30
0
0
VERTEX
8
0
10
5.41439375
20
47.550696875
30
0
42
0.08765396656356698
0
VERTEX
8
0
10
5.438831250000001
20
47.560981250000005
30
0
0
VERTEX
8
0
10
5.444425
20
47.565853125000004
30
0
0
VERTEX
8
0
10
5.45138125
20
47.571118750000004
30
0
0
VERTEX
8
0
10
6.0640625
20
48.183800000000005
30
0
0
VERTEX
8
0
10
11.43
20
48.183800000000005
30
0
0
VERTEX
8
0
10
11.438428125
20
48.185015625000005
30
0
0
VERTEX
8
0
10
11.446893750000001
20
48.185696875000005
30
0
42
0.08765396656356698
0
VERTEX
8
0
10
11.47133125
20
48.19598125
30
0
0
VERTEX
8
0
10
11.476925000000001
20
48.200853125
30
0
0
VERTEX
8
0
10
11.483881250000001
20
48.20611875
30
0
0
VERTEX
8
0
10
11.9060625
20
48.6283
30
0
0
VERTEX
8
0
10
13.0302
20
48.6283
30
0
0
VERTEX
8
0
10
13.0302
20
49.1617
30
0
0
VERTEX
8
0
10
12.801225
20
49.1617
30
0
0
VERTEX
8
0
10
13.017125
20
49.3776
30
0
0
VERTEX
8
0
10
14.808256250000001
20
49.3776
30
0
0
VERTEX
8
0
10
14.829068750000001
20
49.327353125
30
0
42
0.9999999999999999
0
VERTEX
8
0
10
15.650931250000001
20
49.732646875
30
0
0
VERTEX
8
0
10
15.620962500000001
20
49.784553125
30
0
42
0.6176572051597918
0
VERTEX
8
0
10
14.808256250000001
20
49.6824
30
0
0
VERTEX
8
0
10
12.954
20
49.6824
30
0
0
VERTEX
8
0
10
12.948303125
20
49.681821875000004
30
0
0
VERTEX
8
0
10
12.942584375000001
20
49.681971875
30
0
42
0.1531278540915039
0
VERTEX
8
0
10
12.85784375
20
49.6482375
30
0
0
VERTEX
8
0
10
12.8462375
20
49.6377625
30
0
0
VERTEX
8
0
10
12.370175000000001
20
49.1617
30
0
0
VERTEX
8
0
10
11.607800000000001
20
49.1617
30
0
0
VERTEX
8
0
10
11.607800000000001
20
48.6283
30
0
0
VERTEX
8
0
10
11.690537500000001
20
48.6283
30
0
0
VERTEX
8
0
10
11.3984375
20
48.336200000000005
30
0
0
VERTEX
8
0
10
6.032500000000001
20
48.336200000000005
30
0
0
VERTEX
8
0
10
6.024071875000001
20
48.334984375000005
30
0
0
VERTEX
8
0
10
6.01560625
20
48.334303125000005
30
0
42
0.08765396656356698
0
VERTEX
8
0
10
5.99116875
20
48.32401875
30
0
0
VERTEX
8
0
10
5.985575
20
48.319146875
30
0
0
VERTEX
8
0
10
5.97861875
20
48.31388125
30
0
0
VERTEX
8
0
10
5.3659375
20
47.7012
30
0
0
VERTEX
8
0
10
3.2512000000000003
20
47.7012
30
0
0
VERTEX
8
0
10
3.2512000000000003
20
48.0949
30
0
0
VERTEX
8
0
10
3.6322
20
48.0949
30
0
0
VERTEX
8
0
10
3.6322
20
49.695100000000004
30
0
0
VERTEX
8
0
10
2.4638
20
49.695100000000004
30
0
0
VERTEX
8
0
10
2.4638
20
48.0949
30
0
0
VERTEX
8
0
10
3.0988
20
48.0949
30
0
0
VERTEX
8
0
10
3.0988
20
47.155100000000004
30
0
0
SEQEND
0
POLYLINE
66
1
8
1_copper
10
0.0
20
0.0
30
0.0
70
1
0
VERTEX
8
0
10
17.38394375
20
45.6003375
30
0
42
0.9063472543261978
0
VERTEX
8
0
10
17.309434375000002
20
47.117000000000004
30
0
0
VERTEX
8
0
10
16.6624
20
47.117000000000004
30
0
0
VERTEX
8
0
10
16.6624
20
47.561875
30
0
0
VERTEX
8
0
10
16.947471875
20
47.846946875
30
0
0
VERTEX
8
0
10
16.997721875
20
47.826134375
30
0
42
0.9999999999999999
0
VERTEX
8
0
10
17.292278125
20
48.693865625
30
0
0
VERTEX
8
0
10
17.2343875
20
48.709378125
30
0
42
0.6176601800667056
0
VERTEX
8
0
10
16.731946875000002
20
48.062471875
30
0
0
VERTEX
8
0
10
16.402237500000002
20
47.7327625
30
0
0
VERTEX
8
0
10
16.39861875
20
47.728325000000005
30
0
0
VERTEX
8
0
10
16.39446875
20
47.7243875
30
0
42
0.15312467584094633
0
VERTEX
8
0
10
16.358403125000002
20
47.640615625
30
0
0
VERTEX
8
0
10
16.3576
20
47.625
30
0
0
VERTEX
8
0
10
16.3576
20
47.117000000000004
30
0
0
VERTEX
8
0
10
15.710565625000001
20
47.117000000000004
30
0
0
VERTEX
8
0
10
15.636056250000001
20
47.1096625
30
0
42
0.9063472543261978
0
VERTEX
8
0
10
15.710565625000001
20
45.593
30
0
0
VERTEX
8
0
10
17.309434375000002
20
45.593
30
0
0
SEQEND
0
POLYLINE
66
1
8
1_copper
10
0.0
20
0.0
30
0.0
70
1
0
VERTEX
8
0
10
23.400346875
20
38.011225
30
0
0
VERTEX
8
0
10
23.388828125
20
37.991275
30
0
0
VERTEX
8
0
10
23.382865625
20
37.969018750000004
30
0
0
VERTEX
8
0
10
23.382865625
20
37.51098125
30
0
0
VERTEX
8
0
10
23.388828125
20
37.488725
30
0
0
VERTEX
8
0
10
23.400346875
20
37.468775
30
0
0
VERTEX
8
0
10
23.416640625
20
37.452481250000005
30
0
0
VERTEX
8
0
10
23.436590625
20
37.440962500000005
30
0
0
VERTEX
8
0
10
23.458846875000003
20
37.435
30
0
0
VERTEX
8
0
10
23.656884375
20
37.435
30
0
0
VERTEX
8
0
10
23.679140625000002
20
37.440962500000005
30
0
0
VERTEX
8
0
10
23.699090625
20
37.452481250000005
30
0
0
VERTEX
8
0
10
23.715384375000003
20
37.468775
30
0
0
VERTEX
8
0
10
23.726903125
20
37.488725
30
0
0
VERTEX
8
0
10
23.732865625000002
20
37.51098125
30
0
0
VERTEX
8
0
10
23.732865625000002
20
37.969018750000004
30
0
0
VERTEX
8
0
10
23.726903125
20
37.991275
30
0
0
VERTEX
8
0
10
23.715384375000003
20
38.011225
30
0
0
VERTEX
8
0
10
23.710265625
20
38.016343750000004
30
0
0
VERTEX
8
0
10
23.710265625
20
38.0238
30
0
0
VERTEX
8
0
10
25.368437500000002
20
38.0238
30
0
0
VERTEX
8
0
10
26.4033
20
36.9889375
30
0
0
VERTEX
8
0
10
26.4033
20
24.8412
30
0
0
VERTEX
8
0
10
26.352500000000003
20
24.8412
30
0
42
0.14431046205070072
0
VERTEX
8
0
10
26.31116875
20
24.82901875
30
0
0
VERTEX
8
0
10
26.305575
20
24.824146875
30
0
0
VERTEX
8
0
10
26.298618750000003
20
24.81888125
30
0
0
VERTEX
8
0
10
25.0509375
20
23.5712
30
0
0
VERTEX
8
0
10
24.9301
20
23.5712
30
0
0
VERTEX
8
0
10
24.9301
20
23.826409375
30
0
0
VERTEX
8
0
10
24.461409375000002
20
24.2951
30
0
0
VERTEX
8
0
10
23.798590625000003
20
24.2951
30
0
0
VERTEX
8
0
10
23.329900000000002
20
23.826409375
30
0
0
VERTEX
8
0
10
23.329900000000002
20
23.163590625
30
0
0
VERTEX
8
0
10
23.798590625000003
20
22.6949
30
0
0
VERTEX
8
0
10
24.461409375000002
20
22.6949
30
0
0
VERTEX
8
0
10
24.9301
20
23.163590625
30
0
0
VERTEX
8
0
10
24.9301
20
23.4188
30
0
0
VERTEX
8
0
10
25.0825
20
23.4188
30
0
0
VERTEX
8
0
10
25.090928125
20
23.420015625
30
0
0
VERTEX
8
0
10
25.09939375
20
23.420696875
30
0
42
0.08765396656356698
0
VERTEX
8
0
10
25.123831250000002
20
23.430981250000002
30
0
0
VERTEX
8
0
10
25.129425
20
23.435853125
30
0
0
VERTEX
8
0
10
25.13638125
20
23.44111875
30
0
0
VERTEX
8
0
10
26.384062500000002
20
24.6888
30
0
0
VERTEX
8
0
10
27.9084375
20
24.6888
30
0
0
VERTEX
8
0
10
28.590365625
20
24.006875
30
0
0
VERTEX
8
0
10
28.4099
20
23.826409375
30
0
0
VERTEX
8
0
10
28.4099
20
23.163590625
30
0
0
VERTEX
8
0
10
28.878590625
20
22.6949
30
0
0
VERTEX
8
0
10
29.541409375
20
22.6949
30
0
0
VERTEX
8
0
10
29.721875
20
22.875365625
30
0
0
VERTEX
8
0
10
31.991300000000003
20
20.6059375
30
0
0
VERTEX
8
0
10
31.991300000000003
20
16.128409375
30
0
0
VERTEX
8
0
10
31.985300000000002
20
16.129
30
0
42
0.41421356237309503
0
VERTEX
8
0
10
31.185865625
20
15.404434375000001
30
0
0
VERTEX
8
0
10
31.185865625
20
13.805565625
30
0
0
VERTEX
8
0
10
31.193203125
20
13.73105625
30
0
42
0.9063472543261978
0
VERTEX
8
0
10
32.709865625
20
13.805565625
30
0
0
VERTEX
8
0
10
32.709865625
20
15.404434375000001
30
0
0
VERTEX
8
0
10
32.702528125
20
15.478943750000001
30
0
42
0.2767375280948381
0
VERTEX
8
0
10
32.204884375
20
16.085321875
30
0
0
VERTEX
8
0
10
32.1437
20
16.103884375
30
0
0
VERTEX
8
0
10
32.1437
20
20.6059375
30
0
0
VERTEX
8
0
10
32.508128125
20
20.970365625
30
0
0
VERTEX
8
0
10
32.688590625
20
20.7899
30
0
0
VERTEX
8
0
10
33.351409375
20
20.7899
30
0
0
VERTEX
8
0
10
33.820100000000004
20
21.258590625
30
0
0
VERTEX
8
0
10
33.820100000000004
20
21.921409375
30
0
0
VERTEX
8
0
10
33.351409375
20
22.3901
30
0
0
VERTEX
8
0
10
32.688590625
20
22.3901
30
0
0
VERTEX
8
0
10
32.2199
20
21.921409375
30
0
0
VERTEX
8
0
10
32.2199
20
21.258590625
30
0
0
VERTEX
8
0
10
32.400365625
20
21.078128125000003
30
0
0
VERTEX
8
0
10
32.0675
20
20.745262500000003
30
0
0
VERTEX
8
0
10
29.8296375
20
22.983128125
30
0
0
VERTEX
8
0
10
30.0101
20
23.163590625
30
0
0
VERTEX
8
0
10
30.0101
20
23.826409375
30
0
0
VERTEX
8
0
10
29.541409375
20
24.2951
30
0
0
VERTEX
8
0
10
28.878590625
20
24.2951
30
0
0
VERTEX
8
0
10
28.698128125
20
24.1146375
30
0
0
VERTEX
8
0
10
27.99388125
20
24.81888125
30
0
0
VERTEX
8
0
10
27.987096875000002
20
24.823953125000003
30
0
0
VERTEX
8
0
10
27.980596875
20
24.829487500000003
30
0
42
0.08765145259213399
0
VERTEX
8
0
10
27.956043750000003
20
24.839490625
30
0
0
VERTEX
8
0
10
27.948668750000003
20
24.84
30
0
0
VERTEX
8
0
10
27.94
20
24.8412
30
0
0
VERTEX
8
0
10
26.5557
20
24.8412
30
0
0
VERTEX
8
0
10
26.5557
20
37.0205
30
0
0
VERTEX
8
0
10
26.554484375
20
37.028928125
30
0
0
VERTEX
8
0
10
26.553803125
20
37.03739375
30
0
42
0.08765396656356698
0
VERTEX
8
0
10
26.54351875
20
37.061831250000004
30
0
0
VERTEX
8
0
10
26.538646875
20
37.067425
30
0
0
VERTEX
8
0
10
26.53338125
20
37.07438125
30
0
0
VERTEX
8
0
10
25.453881250000002
20
38.153881250000005
30
0
0
VERTEX
8
0
10
25.447096875
20
38.158953125000004
30
0
0
VERTEX
8
0
10
25.440596875
20
38.1644875
30
0
42
0.08765145259213399
0
VERTEX
8
0
10
25.41604375
20
38.174490625000004
30
0
0
VERTEX
8
0
10
25.40866875
20
38.175000000000004
30
0
0
VERTEX
8
0
10
25.400000000000002
20
38.1762
30
0
0
VERTEX
8
0
10
23.710265625
20
38.1762
30
0
0
VERTEX
8
0
10
23.710265625
20
40.236353125
30
0
0
VERTEX
8
0
10
23.749553125000002
20
40.259037500000005
30
0
42
0.9999999999999999
0
VERTEX
8
0
10
23.240446875
20
41.0209625
30
0
0
VERTEX
8
0
10
23.1929
20
40.984478125
30
0
42
0.6217240521842402
0
VERTEX
8
0
10
23.405465625
20
40.1906625
30
0
0
VERTEX
8
0
10
23.405465625
20
38.016343750000004
30
0
0
SEQEND
0
POLYLINE
66
1
8
16_copper
10
0.0
20
0.0
30
0.0
70
1
0
VERTEX
8
0
10
40.75194375
20
77.8583375
30
0
42
0.3578057741447831
0
VERTEX
8
0
10
41.402
20
78.57556562500001
30
0
0
VERTEX
8
0
10
41.402
20
80.174434375
30
0
0
VERTEX
8
0
10
41.3946625
20
80.24894375000001
30
0
42
0.9063472543261978
0
VERTEX
8
0
10
39.878
20
80.174434375
30
0
0
VERTEX
8
0
10
39.878
20
78.57556562500001
30
0
0
VERTEX
8
0
10
39.8853375
20
78.50105625
30
0
42
0.38574240611503685
0
VERTEX
8
0
10
40.677434375000004
20
77.851
30
0
0
SEQEND
0
POLYLINE
66
1
8
16_copper
10
0.0
20
0.0
30
0.0
70
1
0
VERTEX
8
0
10
17.578865625000002
20
48.112721875000005
30
0
42
0.6638192347416719
0
VERTEX
8
0
10
16.947471875
20
48.673053125
30
0
0
VERTEX
8
0
10
16.166725
20
49.4538
30
0
0
VERTEX
8
0
10
16.1925
20
49.4538
30
0
42
0.14431046205070072
0
VERTEX
8
0
10
16.23383125
20
49.465981250000006
30
0
0
VERTEX
8
0
10
16.239425
20
49.470853125000005
30
0
0
VERTEX
8
0
10
16.246381250000002
20
49.476118750000005
30
0
0
VERTEX
8
0
10
16.56388125
20
49.79361875
30
0
0
VERTEX
8
0
10
16.568953125
20
49.800403125
30
0
0
VERTEX
8
0
10
16.5744875
20
49.806903125000005
30
0
42
0.08765145259213399
0
VERTEX
8
0
10
16.584490625
20
49.83145625
30
0
0
VERTEX
8
0
10
16.585
20
49.838831250000005
30
0
0
VERTEX
8
0
10
16.5862
20
49.847500000000004
30
0
0
VERTEX
8
0
10
16.5862
20
50.165
30
0
0
VERTEX
8
0
10
16.584984375
20
50.173428125
30
0
0
VERTEX
8
0
10
16.584303125
20
50.18189375
30
0
42
0.08765396656356698
0
VERTEX
8
0
10
16.57401875
20
50.206331250000005
30
0
0
VERTEX
8
0
10
16.569146875
20
50.211925
30
0
0
VERTEX
8
0
10
16.56388125
20
50.21888125
30
0
0
VERTEX
8
0
10
12.776200000000001
20
54.0065625
30
0
0
VERTEX
8
0
10
12.776200000000001
20
55.854600000000005
30
0
0
VERTEX
8
0
10
12.973543750000001
20
55.854600000000005
30
0
0
VERTEX
8
0
10
13.3604
20
56.241456250000006
30
0
0
VERTEX
8
0
10
13.3604
20
56.78854375
30
0
0
VERTEX
8
0
10
12.973543750000001
20
57.1754
30
0
0
VERTEX
8
0
10
12.776200000000001
20
57.1754
30
0
0
VERTEX
8
0
10
12.776200000000001
20
57.4359375
30
0
0
VERTEX
8
0
10
16.246381250000002
20
60.906118750000005
30
0
0
VERTEX
8
0
10
16.251453125
20
60.912903125
30
0
0
VERTEX
8
0
10
16.2569875
20
60.919403125
30
0
42
0.08765145259213399
0
VERTEX
8
0
10
16.266990625000002
20
60.94395625
30
0
0
VERTEX
8
0
10
16.267500000000002
20
60.95133125
30
0
0
VERTEX
8
0
10
16.2687
20
60.96
30
0
0
VERTEX
8
0
10
16.2687
20
64.081378125
30
0
0
VERTEX
8
0
10
16.314328125
20
64.093603125
30
0
42
0.9999999999999999
0
VERTEX
8
0
10
16.070671875000002
20
64.811396875
30
0
0
VERTEX
8
0
10
16.02486875
20
64.79242500000001
30
0
42
0.7142629560749684
0
VERTEX
8
0
10
16.116300000000003
20
64.081378125
30
0
0
VERTEX
8
0
10
16.116300000000003
20
60.9915625
30
0
0
VERTEX
8
0
10
12.646118750000001
20
57.521381250000005
30
0
0
VERTEX
8
0
10
12.641046875
20
57.514596875
30
0
0
VERTEX
8
0
10
12.6355125
20
57.508096875
30
0
42
0.08765145259213399
0
VERTEX
8
0
10
12.625509375
20
57.48354375
30
0
0
VERTEX
8
0
10
12.625
20
57.47616875
30
0
0
VERTEX
8
0
10
12.623800000000001
20
57.4675
30
0
0
VERTEX
8
0
10
12.623800000000001
20
57.1754
30
0
0
VERTEX
8
0
10
12.426456250000001
20
57.1754
30
0
0
VERTEX
8
0
10
12.0396
20
56.78854375
30
0
0
VERTEX
8
0
10
12.0396
20
56.241456250000006
30
0
0
VERTEX
8
0
10
12.426456250000001
20
55.854600000000005
30
0
0
VERTEX
8
0
10
12.623800000000001
20
55.854600000000005
30
0
0
VERTEX
8
0
10
12.623800000000001
20
53.975
30
0
0
VERTEX
8
0
10
12.625015625000001
20
53.966571875
30
0
0
VERTEX
8
0
10
12.625696875000001
20
53.95810625
30
0
42
0.08765396656356698
0
VERTEX
8
0
10
12.63598125
20
53.93366875
30
0
0
VERTEX
8
0
10
12.640853125000001
20
53.928075
30
0
0
VERTEX
8
0
10
12.646118750000001
20
53.921118750000005
30
0
0
VERTEX
8
0
10
16.4338
20
50.1334375
30
0
0
VERTEX
8
0
10
16.4338
20
49.8790625
30
0
0
VERTEX
8
0
10
16.1609375
20
49.6062
30
0
0
VERTEX
8
0
10
16.014325
20
49.6062
30
0
0
VERTEX
8
0
10
15.982762500000002
20
49.6377625
30
0
42
0.17236533787118383
0
VERTEX
8
0
10
15.890615625
20
49.681596875000004
30
0
0
VERTEX
8
0
10
15.875
20
49.6824
30
0
0
VERTEX
8
0
10
15.671743750000001
20
49.6824
30
0
0
VERTEX
8
0
10
15.650931250000001
20
49.732646875
30
0
42
0.9999999999999999
0
VERTEX
8
0
10
14.829068750000001
20
49.327353125
30
0
0
VERTEX
8
0
10
14.859037500000001
20
49.275446875
30
0
42
0.6176572051597918
0
VERTEX
8
0
10
15.671743750000001
20
49.3776
30
0
0
VERTEX
8
0
10
15.811875
20
49.3776
30
0
0
VERTEX
8
0
10
16.731946875000002
20
48.457528125
30
0
0
VERTEX
8
0
10
16.711134375
20
48.407278125000005
30
0
42
0.6638192347416719
0
VERTEX
8
0
10
17.342528125
20
47.846946875
30
0
0
VERTEX
8
0
10
23.3426
20
41.846875000000004
30
0
0
VERTEX
8
0
10
23.3426
20
41.07174375
30
0
0
VERTEX
8
0
10
23.292353125
20
41.050931250000005
30
0
42
0.9999999999999999
0
VERTEX
8
0
10
23.697646875
20
40.22906875
30
0
0
VERTEX
8
0
10
23.749553125000002
20
40.259037500000005
30
0
42
0.6176572051597918
0
VERTEX
8
0
10
23.6474
20
41.07174375
30
0
0
VERTEX
8
0
10
23.6474
20
41.910000000000004
30
0
0
VERTEX
8
0
10
23.646821875
20
41.915696875
30
0
0
VERTEX
8
0
10
23.646971875000002
20
41.921415625
30
0
42
0.1531278540915039
0
VERTEX
8
0
10
23.6132375
20
42.006156250000004
30
0
0
VERTEX
8
0
10
23.6027625
20
42.0177625
30
0
0
VERTEX
8
0
10
19.659225
20
45.9613
30
0
0
VERTEX
8
0
10
19.685000000000002
20
45.9613
30
0
42
0.14431046205070072
0
VERTEX
8
0
10
19.72633125
20
45.97348125
30
0
0
VERTEX
8
0
10
19.731925
20
45.978353125000005
30
0
0
VERTEX
8
0
10
19.738881250000002
20
45.983618750000005
30
0
0
VERTEX
8
0
10
25.453881250000002
20
51.69861875
30
0
0
VERTEX
8
0
10
25.458953125
20
51.705403125000004
30
0
0
VERTEX
8
0
10
25.4644875
20
51.711903125
30
0
42
0.08765145259213399
0
VERTEX
8
0
10
25.474490625
20
51.73645625
30
0
0
VERTEX
8
0
10
25.475
20
51.74383125
30
0
0
VERTEX
8
0
10
25.476200000000002
20
51.752500000000005
30
0
0
VERTEX
8
0
10
25.476200000000002
20
53.1749
30
0
0
VERTEX
8
0
10
25.731409375000002
20
53.1749
30
0
0
VERTEX
8
0
10
26.200100000000003
20
53.643590625
30
0
0
VERTEX
8
0
10
26.200100000000003
20
54.306409375
30
0
0
VERTEX
8
0
10
26.0196375
20
54.486875000000005
30
0
0
VERTEX
8
0
10
27.0190625
20
55.4863
30
0
0
VERTEX
8
0
10
32.0359375
20
55.4863
30
0
0
VERTEX
8
0
10
33.035365625000004
20
54.486875000000005
30
0
0
VERTEX
8
0
10
32.8549
20
54.306409375
30
0
0
VERTEX
8
0
10
32.8549
20
53.643590625
30
0
0
VERTEX
8
0
10
33.323590625
20
53.1749
30
0
0
VERTEX
8
0
10
33.986409375
20
53.1749
30
0
0
VERTEX
8
0
10
34.4551
20
53.643590625
30
0
0
VERTEX
8
0
10
34.4551
20
54.306409375
30
0
0
VERTEX
8
0
10
33.986409375
20
54.7751
30
0
0
VERTEX
8
0
10
33.323590625
20
54.7751
30
0
0
VERTEX
8
0
10
33.143128125000004
20
54.594637500000005
30
0
0
VERTEX
8
0
10
32.12138125
20
55.61638125
30
0
0
VERTEX
8
0
10
32.114596875000004
20
55.621453125
30
0
0
VERTEX
8
0
10
32.108096875
20
55.626987500000006
30
0
42
0.08765145259213399
0
VERTEX
8
0
10
32.083543750000004
20
55.636990625
30
0
0
VERTEX
8
0
10
32.07616875
20
55.6375
30
0
0
VERTEX
8
0
10
32.0675
20
55.6387
30
0
0
VERTEX
8
0
10
26.9875
20
55.6387
30
0
0
VERTEX
8
0
10
26.979071875000002
20
55.637484375
30
0
0
VERTEX
8
0
10
26.970606250000003
20
55.636803125
30
0
42
0.08765396656356698
0
VERTEX
8
0
10
26.946168750000002
20
55.62651875
30
0
0
VERTEX
8
0
10
26.940575000000003
20
55.621646875
30
0
0
VERTEX
8
0
10
26.93361875
20
55.61638125
30
0
0
VERTEX
8
0
10
25.911875000000002
20
54.594637500000005
30
0
0
VERTEX
8
0
10
25.731409375000002
20
54.7751
30
0
0
VERTEX
8
0
10
25.068590625000002
20
54.7751
30
0
0
VERTEX
8
0
10
24.5999
20
54.306409375
30
0
0
VERTEX
8
0
10
24.5999
20
53.643590625
30
0
0
VERTEX
8
0
10
25.068590625000002
20
53.1749
30
0
0
VERTEX
8
0
10
25.323800000000002
20
53.1749
30
0
0
VERTEX
8
0
10
25.323800000000002
20
51.784062500000005
30
0
0
VERTEX
8
0
10
19.653437500000003
20
46.1137
30
0
0
VERTEX
8
0
10
19.506825
20
46.1137
30
0
0
VERTEX
8
0
10
17.558053125
20
48.062471875
30
0
0
SEQEND
0
POLYLINE
66
1
8
16_copper
10
0.0
20
0.0
30
0.0
70
1
0
VERTEX
8
0
10
17.38394375
20
45.6003375
30
0
42
0.9063472543261978
0
VERTEX
8
0
10
17.309434375000002
20
47.117000000000004
30
0
0
VERTEX
8
0
10
15.710565625000001
20
47.117000000000004
30
0
0
VERTEX
8
0
10
15.636056250000001
20
47.1096625
30
0
42
0.9063472543261978
0
VERTEX
8
0
10
15.710565625000001
20
45.593
30
0
0
VERTEX
8
0
10
17.309434375000002
20
45.593
30
0
0
SEQEND
0
POLYLINE
66
1
8
16_copper
10
0.0
20
0.0
30
0.0
70
1
0
VERTEX
8
0
10
5.2451
20
25.068590625000002
30
0
0
VERTEX
8
0
10
5.2451
20
25.731409375000002
30
0
0
VERTEX
8
0
10
4.776409375
20
26.200100000000003
30
0
0
VERTEX
8
0
10
4.1135906250000005
20
26.200100000000003
30
0
0
VERTEX
8
0
10
3.6449000000000003
20
25.731409375000002
30
0
0
VERTEX
8
0
10
3.6449000000000003
20
25.068590625000002
30
0
0
VERTEX
8
0
10
4.1135906250000005
20
24.5999
30
0
0
VERTEX
8
0
10
4.776409375
20
24.5999
30
0
0
SEQEND
0
POLYLINE
66
1
8
16_copper
10
0.0
20
0.0
30
0.0
70
1
0
VERTEX
8
0
10
30.0101
20
23.163590625
30
0
0
VERTEX
8
0
10
30.0101
20
23.826409375
30
0
0
VERTEX
8
0
10
29.541409375
20
24.2951
30
0
0
VERTEX
8
0
10
28.878590625
20
24.2951
30
0
0
VERTEX
8
0
10
28.4099
20
23.826409375
30
0
0
VERTEX
8
0
10
28.4099
20
23.163590625
30
0
0
VERTEX
8
0
10
28.878590625
20
22.6949
30
0
0
VERTEX
8
0
10
29.541409375
20
22.6949
30
0
0
SEQEND
0
POLYLINE
66
1
8
16_copper
10
0.0
20
0.0
30
0.0
70
1
0
VERTEX
8
0
10
24.9301
20
23.163590625
30
0
0
VERTEX
8
0
10
24.9301
20
23.826409375
30
0
0
VERTEX
8
0
10
24.461409375000002
20
24.2951
30
0
0
VERTEX
8
0
10
23.798590625000003
20
24.2951
30
0
0
VERTEX
8
0
10
23.329900000000002
20
23.826409375
30
0
0
VERTEX
8
0
10
23.329900000000002
20
23.163590625
30
0
0
VERTEX
8
0
10
23.798590625000003
20
22.6949
30
0
0
VERTEX
8
0
10
24.461409375000002
20
22.6949
30
0
0
SEQEND
0
POLYLINE
66
1
8
16_copper
10
0.0
20
0.0
30
0.0
70
1
0
VERTEX
8
0
10
33.820100000000004
20
21.258590625
30
0
0
VERTEX
8
0
10
33.820100000000004
20
21.921409375
30
0
0
VERTEX
8
0
10
33.351409375
20
22.3901
30
0
0
VERTEX
8
0
10
32.688590625
20
22.3901
30
0
0
VERTEX
8
0
10
32.2199
20
21.921409375
30
0
0
VERTEX
8
0
10
32.2199
20
21.258590625
30
0
0
VERTEX
8
0
10
32.688590625
20
20.7899
30
0
0
VERTEX
8
0
10
33.351409375
20
20.7899
30
0
0
SEQEND
0
POLYLINE
66
1
8
16_copper
10
0.0
20
0.0
30
0.0
70
1
0
VERTEX
8
0
10
32.059809375
20
13.088337500000002
30
0
42
0.3578057741447831
0
VERTEX
8
0
10
32.709865625
20
13.805565625
30
0
0
VERTEX
8
0
10
32.709865625
20
15.404434375000001
30
0
0
VERTEX
8
0
10
32.702528125
20
15.478943750000001
30
0
42
0.9063472543261978
0
VERTEX
8
0
10
31.185865625
20
15.404434375000001
30
0
0
VERTEX
8
0
10
31.185865625
20
13.805565625
30
0
0
VERTEX
8
0
10
31.193203125
20
13.73105625
30
0
42
0.38574240611503685
0
VERTEX
8
0
10
31.985300000000002
20
13.081000000000001
30
0
0
SEQEND
0
POLYLINE
66
1
8
1_copper
10
0.0
20
0.0
30
0.0
70
1
0
VERTEX
8
0
10
25.8703875
20
35.110621875
30
0
42
0.7625376949955013
0
VERTEX
8
0
10
25.933400000000002
20
35.991743750000005
30
0
0
VERTEX
8
0
10
25.933400000000002
20
37.0205
30
0
0
VERTEX
8
0
10
25.932821875000002
20
37.026196875000004
30
0
0
VERTEX
8
0
10
25.932971875
20
37.031915625
30
0
42
0.1531278540915039
0
VERTEX
8
0
10
25.8992375
20
37.11665625
30
0
0
VERTEX
8
0
10
25.888762500000002
20
37.128262500000005
30
0
0
VERTEX
8
0
10
25.329262500000002
20
37.687762500000005
30
0
0
VERTEX
8
0
10
25.324825
20
37.69138125
30
0
0
VERTEX
8
0
10
25.3208875
20
37.69553125
30
0
42
0.15312467584094633
0
VERTEX
8
0
10
25.237115625
20
37.731596875
30
0
0
VERTEX
8
0
10
25.221500000000002
20
37.7324
30
0
0
VERTEX
8
0
10
24.494209375
20
37.7324
30
0
0
VERTEX
8
0
10
24.489090625000003
20
37.73751875
30
0
0
VERTEX
8
0
10
24.469140625
20
37.7490375
30
0
0
VERTEX
8
0
10
24.446884375
20
37.755
30
0
0
VERTEX
8
0
10
23.988846875
20
37.755
30
0
0
VERTEX
8
0
10
23.966590625000002
20
37.7490375
30
0
0
VERTEX
8
0
10
23.946640625
20
37.73751875
30
0
0
VERTEX
8
0
10
23.930346875
20
37.721225000000004
30
0
0
VERTEX
8
0
10
23.918828125
20
37.701275
30
0
0
VERTEX
8
0
10
23.912865625000002
20
37.679018750000004
30
0
0
VERTEX
8
0
10
23.912865625000002
20
37.48098125
30
0
0
VERTEX
8
0
10
23.918828125
20
37.458725
30
0
0
VERTEX
8
0
10
23.930346875
20
37.438775
30
0
0
VERTEX
8
0
10
23.946640625
20
37.422481250000004
30
0
0
VERTEX
8
0
10
23.966590625000002
20
37.410962500000004
30
0
0
VERTEX
8
0
10
23.988846875
20
37.405
30
0
0
VERTEX
8
0
10
24.446884375
20
37.405
30
0
0
VERTEX
8
0
10
24.469140625
20
37.410962500000004
30
0
0
VERTEX
8
0
10
24.489090625000003
20
37.422481250000004
30
0
0
VERTEX
8
0
10
24.494209375
20
37.427600000000005
30
0
0
VERTEX
8
0
10
25.158375
20
37.427600000000005
30
0
0
VERTEX
8
0
10
25.628600000000002
20
36.957375
30
0
0
VERTEX
8
0
10
25.628600000000002
20
35.991743750000005
30
0
0
VERTEX
8
0
10
25.578353125
20
35.97093125
30
0
42
0.8206796506305387
0
VERTEX
8
0
10
25.810965625
20
35.1028
30
0
0
SEQEND
0
POLYLINE
66
1
8
1_copper
10
0.0
20
0.0
30
0.0
70
1
0
VERTEX
8
0
10
33.820100000000004
20
28.878590625
30
0
0
VERTEX
8
0
10
33.820100000000004
20
29.541409375
30
0
0
VERTEX
8
0
10
33.351409375
20
30.0101
30
0
0
VERTEX
8
0
10
33.1724
20
30.0101
30
0
0
VERTEX
8
0
10
33.1724
20
30.48
30
0
0
VERTEX
8
0
10
33.171821875
20
30.485696875000002
30
0
0
VERTEX
8
0
10
33.171971875000004
20
30.491415625000002
30
0
42
0.1531278540915039
0
VERTEX
8
0
10
33.1382375
20
30.57615625
30
0
0
VERTEX
8
0
10
33.1277625
20
30.5877625
30
0
0
VERTEX
8
0
10
28.0477625
20
35.6677625
30
0
0
VERTEX
8
0
10
28.043325000000003
20
35.67138125
30
0
0
VERTEX
8
0
10
28.0393875
20
35.67553125
30
0
42
0.15312467584094633
0
VERTEX
8
0
10
27.955615625
20
35.711596875000005
30
0
0
VERTEX
8
0
10
27.94
20
35.7124
30
0
0
VERTEX
8
0
10
27.736743750000002
20
35.7124
30
0
0
VERTEX
8
0
10
27.71593125
20
35.762646875
30
0
42
0.9999999999999999
0
VERTEX
8
0
10
26.894068750000002
20
35.357353125
30
0
0
VERTEX
8
0
10
26.9240375
20
35.305446875
30
0
42
0.6176572051597918
0
VERTEX
8
0
10
27.736743750000002
20
35.4076
30
0
0
VERTEX
8
0
10
27.876875000000002
20
35.4076
30
0
0
VERTEX
8
0
10
32.8676
20
30.416875
30
0
0
VERTEX
8
0
10
32.8676
20
30.0101
30
0
0
VERTEX
8
0
10
32.688590625
20
30.0101
30
0
0
VERTEX
8
0
10
32.2199
20
29.541409375
30
0
0
VERTEX
8
0
10
32.2199
20
28.878590625
30
0
0
VERTEX
8
0
10
32.688590625
20
28.4099
30
0
0
VERTEX
8
0
10
33.351409375
20
28.4099
30
0
0
SEQEND
0
POLYLINE
66
1
8
16_copper
10
0.0
20
0.0
30
0.0
70
1
0
VERTEX
8
0
10
25.8703875
20
35.110621875
30
0
42
0.26471346887115915
0
VERTEX
8
0
10
26.21274375
20
35.4076
30
0
0
VERTEX
8
0
10
26.87325625
20
35.4076
30
0
0
VERTEX
8
0
10
26.894068750000002
20
35.357353125
30
0
42
0.9999999999999999
0
VERTEX
8
0
10
27.71593125
20
35.762646875
30
0
0
VERTEX
8
0
10
27.685962500000002
20
35.814553125
30
0
42
0.6176572051597918
0
VERTEX
8
0
10
26.87325625
20
35.7124
30
0
0
VERTEX
8
0
10
26.21274375
20
35.7124
30
0
0
VERTEX
8
0
10
26.19193125
20
35.762646875
30
0
42
0.9999999999999999
0
VERTEX
8
0
10
25.37006875
20
35.357353125
30
0
0
VERTEX
8
0
10
25.4000375
20
35.305446875
30
0
42
0.2679476674525801
0
VERTEX
8
0
10
25.810965625
20
35.1028
30
0
0
SEQEND
0
POLYLINE
66
1
8
16_copper
10
0.0
20
0.0
30
0.0
70
1
0
VERTEX
8
0
10
33.820100000000004
20
28.878590625
30
0
0
VERTEX
8
0
10
33.820100000000004
20
29.541409375
30
0
0
VERTEX
8
0
10
33.351409375
20
30.0101
30
0
0
VERTEX
8
0
10
32.688590625
20
30.0101
30
0
0
VERTEX
8
0
10
32.2199
20
29.541409375
30
0
0
VERTEX
8
0
10
32.2199
20
28.878590625
30
0
0
VERTEX
8
0
10
32.688590625
20
28.4099
30
0
0
VERTEX
8
0
10
33.351409375
20
28.4099
30
0
0
SEQEND
0
POLYLINE
66
1
8
1_copper
10
0.0
20
0.0
30
0.0
70
1
0
VERTEX
8
0
10
20.4093875
20
34.475621875
30
0
42
0.4893958703878674
0
VERTEX
8
0
10
20.733053125
20
35.122528125
30
0
0
VERTEX
8
0
10
21.538125
20
35.9276
30
0
0
VERTEX
8
0
10
21.621521875000003
20
35.9276
30
0
0
VERTEX
8
0
10
21.626640625
20
35.922481250000004
30
0
0
VERTEX
8
0
10
21.646590625
20
35.910962500000004
30
0
0
VERTEX
8
0
10
21.668846875
20
35.905
30
0
0
VERTEX
8
0
10
22.126884375
20
35.905
30
0
0
VERTEX
8
0
10
22.149140625
20
35.910962500000004
30
0
0
VERTEX
8
0
10
22.169090625000003
20
35.922481250000004
30
0
0
VERTEX
8
0
10
22.185384375
20
35.938775
30
0
0
VERTEX
8
0
10
22.196903125000002
20
35.958725
30
0
0
VERTEX
8
0
10
22.202865625
20
35.98098125
30
0
0
VERTEX
8
0
10
22.202865625
20
36.179018750000004
30
0
0
VERTEX
8
0
10
22.196903125000002
20
36.201275
30
0
0
VERTEX
8
0
10
22.185384375
20
36.221225000000004
30
0
0
VERTEX
8
0
10
22.169090625000003
20
36.23751875
30
0
0
VERTEX
8
0
10
22.149140625
20
36.2490375
30
0
0
VERTEX
8
0
10
22.126884375
20
36.255
30
0
0
VERTEX
8
0
10
21.668846875
20
36.255
30
0
0
VERTEX
8
0
10
21.646590625
20
36.2490375
30
0
0
VERTEX
8
0
10
21.626640625
20
36.23751875
30
0
0
VERTEX
8
0
10
21.621521875000003
20
36.2324
30
0
0
VERTEX
8
0
10
21.475
20
36.2324
30
0
0
VERTEX
8
0
10
21.469303125
20
36.231821875
30
0
0
VERTEX
8
0
10
21.463584375
20
36.231971875
30
0
42
0.1531278540915039
0
VERTEX
8
0
10
21.37884375
20
36.198237500000005
30
0
0
VERTEX
8
0
10
21.3672375
20
36.187762500000005
30
0
0
VERTEX
8
0
10
20.517528125000002
20
35.338053125
30
0
0
VERTEX
8
0
10
20.467278125
20
35.358865625
30
0
42
0.9999999999999999
0
VERTEX
8
0
10
20.172721875
20
34.491134375
30
0
0
VERTEX
8
0
10
20.2306125
20
34.475621875
30
0
42
0.0655433404786496
0
VERTEX
8
0
10
20.349965625
20
34.467800000000004
30
0
0
SEQEND
0
POLYLINE
66
1
8
1_copper
10
0.0
20
0.0
30
0.0
70
1
0
VERTEX
8
0
10
17.155450000000002
20
12.62438125
30
0
0
VERTEX
8
0
10
17.16116875
20
12.624231250000001
30
0
42
0.1531278540915039
0
VERTEX
8
0
10
17.245909375
20
12.657965625000001
30
0
0
VERTEX
8
0
10
17.257515625
20
12.668440625
30
0
0
VERTEX
8
0
10
18.485865625000002
20
13.896790625000001
30
0
0
VERTEX
8
0
10
18.485865625000002
20
13.805565625
30
0
42
0.9520795017710562
0
VERTEX
8
0
10
20.009865625
20
13.805565625
30
0
0
VERTEX
8
0
10
20.009865625
20
15.404434375000001
30
0
0
VERTEX
8
0
10
20.002528125
20
15.478943750000001
30
0
42
0.9063472543261978
0
VERTEX
8
0
10
18.485865625000002
20
15.404434375000001
30
0
0
VERTEX
8
0
10
18.485865625000002
20
14.327840625
30
0
0
VERTEX
8
0
10
17.086628125
20
12.928603125
30
0
0
VERTEX
8
0
10
16.329103125
20
12.928603125
30
0
0
VERTEX
8
0
10
15.793465625000001
20
13.464240625
30
0
0
VERTEX
8
0
10
15.793465625000001
20
23.832940625000003
30
0
0
VERTEX
8
0
10
20.4277625
20
28.467237500000003
30
0
0
VERTEX
8
0
10
20.43138125
20
28.471675
30
0
0
VERTEX
8
0
10
20.43553125
20
28.4756125
30
0
42
0.15312467584094633
0
VERTEX
8
0
10
20.471596875
20
28.559384375
30
0
0
VERTEX
8
0
10
20.4724
20
28.575000000000003
30
0
0
VERTEX
8
0
10
20.4724
20
31.31825625
30
0
0
VERTEX
8
0
10
20.522646875
20
31.339068750000003
30
0
42
0.9999999999999999
0
VERTEX
8
0
10
20.117353125
20
32.160931250000004
30
0
0
VERTEX
8
0
10
20.065446875
20
32.1309625
30
0
42
0.6176572051597918
0
VERTEX
8
0
10
20.1676
20
31.31825625
30
0
0
VERTEX
8
0
10
20.1676
20
28.638125000000002
30
0
0
VERTEX
8
0
10
15.533303125000002
20
24.003828125000002
30
0
0
VERTEX
8
0
10
15.529684375
20
23.999390625
30
0
0
VERTEX
8
0
10
15.525534375000001
20
23.995453125
30
0
42
0.15312467584094633
0
VERTEX
8
0
10
15.48946875
20
23.91168125
30
0
0
VERTEX
8
0
10
15.488665625000001
20
23.896065625000002
30
0
0
VERTEX
8
0
10
15.488665625000001
20
13.401115625000001
30
0
0
VERTEX
8
0
10
15.48924375
20
13.395418750000001
30
0
0
VERTEX
8
0
10
15.48909375
20
13.389700000000001
30
0
42
0.1531278540915039
0
VERTEX
8
0
10
15.522828125
20
13.304959375000001
30
0
0
VERTEX
8
0
10
15.533303125000002
20
13.293353125000001
30
0
0
VERTEX
8
0
10
16.158215625
20
12.668440625
30
0
0
VERTEX
8
0
10
16.162653125000002
20
12.664821875000001
30
0
0
VERTEX
8
0
10
16.166590625
20
12.660671875
30
0
42
0.15312467584094633
0
VERTEX
8
0
10
16.2503625
20
12.624606250000001
30
0
0
VERTEX
8
0
10
16.265978125
20
12.623803125
30
0
0
VERTEX
8
0
10
17.149753125
20
12.623803125
30
0
0
SEQEND
0
POLYLINE
66
1
8
16_copper
10
0.0
20
0.0
30
0.0
70
1
0
VERTEX
8
0
10
20.4093875
20
31.300621875
30
0
42
0.7625376949955013
0
VERTEX
8
0
10
20.4724
20
32.18174375
30
0
0
VERTEX
8
0
10
20.4724
20
34.49325625
30
0
0
VERTEX
8
0
10
20.522646875
20
34.51406875
30
0
42
0.9999999999999999
0
VERTEX
8
0
10
20.117353125
20
35.33593125
30
0
0
VERTEX
8
0
10
20.065446875
20
35.3059625
30
0
42
0.6176572051597918
0
VERTEX
8
0
10
20.1676
20
34.49325625
30
0
0
VERTEX
8
0
10
20.1676
20
32.18174375
30
0
0
VERTEX
8
0
10
20.117353125
20
32.160931250000004
30
0
42
0.8206796506305387
0
VERTEX
8
0
10
20.349965625
20
31.2928
30
0
0
SEQEND
0
POLYLINE
66
1
8
16_copper
10
0.0
20
0.0
30
0.0
70
1
0
VERTEX
8
0
10
19.359809375
20
13.088337500000002
30
0
42
0.3578057741447831
0
VERTEX
8
0
10
20.009865625
20
13.805565625
30
0
0
VERTEX
8
0
10
20.009865625
20
15.404434375000001
30
0
0
VERTEX
8
0
10
20.002528125
20
15.478943750000001
30
0
42
0.9063472543261978
0
VERTEX
8
0
10
18.485865625000002
20
15.404434375000001
30
0
0
VERTEX
8
0
10
18.485865625000002
20
13.805565625
30
0
0
VERTEX
8
0
10
18.493203125
20
13.73105625
30
0
42
0.38574240611503685
0
VERTEX
8
0
10
19.2853
20
13.081000000000001
30
0
0
SEQEND
0
POLYLINE
66
1
8
1_copper
10
0.0
20
0.0
30
0.0
70
1
0
VERTEX
8
0
10
16.819809375000002
20
13.088337500000002
30
0
42
0.3578057741447831
0
VERTEX
8
0
10
17.469865625
20
13.805565625
30
0
0
VERTEX
8
0
10
17.469865625
20
15.404434375000001
30
0
0
VERTEX
8
0
10
17.462528125000002
20
15.478943750000001
30
0
42
0.2767375280948381
0
VERTEX
8
0
10
16.964884375
20
16.085321875
30
0
0
VERTEX
8
0
10
16.9037
20
16.103884375
30
0
0
VERTEX
8
0
10
16.9037
20
20.2884375
30
0
0
VERTEX
8
0
10
24.81888125
20
28.20361875
30
0
0
VERTEX
8
0
10
24.823953125000003
20
28.210403125000003
30
0
0
VERTEX
8
0
10
24.829487500000003
20
28.216903125
30
0
42
0.08765145259213399
0
VERTEX
8
0
10
24.839490625
20
28.241456250000002
30
0
0
VERTEX
8
0
10
24.84
20
28.248831250000002
30
0
0
VERTEX
8
0
10
24.8412
20
28.2575
30
0
0
VERTEX
8
0
10
24.8412
20
36.5125
30
0
0
VERTEX
8
0
10
24.840387500000002
20
36.51811875
30
0
42
0.3925881563456996
0
VERTEX
8
0
10
24.765
20
36.5887
30
0
0
VERTEX
8
0
10
24.522865625
20
36.5887
30
0
0
VERTEX
8
0
10
24.522865625
20
36.679018750000004
30
0
0
VERTEX
8
0
10
24.516903125000002
20
36.701275
30
0
0
VERTEX
8
0
10
24.505384375000002
20
36.721225000000004
30
0
0
VERTEX
8
0
10
24.489090625000003
20
36.73751875
30
0
0
VERTEX
8
0
10
24.469140625
20
36.7490375
30
0
0
VERTEX
8
0
10
24.446884375
20
36.755
30
0
0
VERTEX
8
0
10
23.988846875
20
36.755
30
0
0
VERTEX
8
0
10
23.966590625000002
20
36.7490375
30
0
0
VERTEX
8
0
10
23.946640625
20
36.73751875
30
0
0
VERTEX
8
0
10
23.930346875
20
36.721225000000004
30
0
0
VERTEX
8
0
10
23.918828125
20
36.701275
30
0
0
VERTEX
8
0
10
23.912865625000002
20
36.679018750000004
30
0
0
VERTEX
8
0
10
23.912865625000002
20
36.48098125
30
0
0
VERTEX
8
0
10
23.918828125
20
36.458725
30
0
0
VERTEX
8
0
10
23.930346875
20
36.438775
30
0
0
VERTEX
8
0
10
23.946640625
20
36.422481250000004
30
0
0
VERTEX
8
0
10
23.966590625000002
20
36.410962500000004
30
0
0
VERTEX
8
0
10
23.988846875
20
36.405
30
0
0
VERTEX
8
0
10
24.446884375
20
36.405
30
0
0
VERTEX
8
0
10
24.469140625
20
36.410962500000004
30
0
0
VERTEX
8
0
10
24.489090625000003
20
36.422481250000004
30
0
0
VERTEX
8
0
10
24.502909375
20
36.4363
30
0
0
VERTEX
8
0
10
24.6888
20
36.4363
30
0
0
VERTEX
8
0
10
24.6888
20
28.2890625
30
0
0
VERTEX
8
0
10
16.77361875
20
20.37388125
30
0
0
VERTEX
8
0
10
16.768546875000002
20
20.367096875
30
0
0
VERTEX
8
0
10
16.763012500000002
20
20.360596875000002
30
0
42
0.08765145259213399
0
VERTEX
8
0
10
16.753009375
20
20.33604375
30
0
0
VERTEX
8
0
10
16.7525
20
20.328668750000002
30
0
0
VERTEX
8
0
10
16.7513
20
20.32
30
0
0
VERTEX
8
0
10
16.7513
20
16.128409375
30
0
0
VERTEX
8
0
10
16.7453
20
16.129
30
0
42
0.41421356237309503
0
VERTEX
8
0
10
15.945865625000001
20
15.404434375000001
30
0
0
VERTEX
8
0
10
15.945865625000001
20
13.805565625
30
0
0
VERTEX
8
0
10
15.953203125
20
13.73105625
30
0
42
0.38574240611503685
0
VERTEX
8
0
10
16.7453
20
13.081000000000001
30
0
0
SEQEND
0
POLYLINE
66
1
8
16_copper
10
0.0
20
0.0
30
0.0
70
1
0
VERTEX
8
0
10
16.819809375000002
20
13.088337500000002
30
0
42
0.3578057741447831
0
VERTEX
8
0
10
17.469865625
20
13.805565625
30
0
0
VERTEX
8
0
10
17.469865625
20
15.404434375000001
30
0
0
VERTEX
8
0
10
17.462528125000002
20
15.478943750000001
30
0
42
0.9063472543261978
0
VERTEX
8
0
10
15.945865625000001
20
15.404434375000001
30
0
0
VERTEX
8
0
10
15.945865625000001
20
13.805565625
30
0
0
VERTEX
8
0
10
15.953203125
20
13.73105625
30
0
42
0.38574240611503685
0
VERTEX
8
0
10
16.7453
20
13.081000000000001
30
0
0
SEQEND
0
POLYLINE
66
1
8
1_copper
10
0.0
20
0.0
30
0.0
70
1
0
VERTEX
8
0
10
21.899809375
20
13.088337500000002
30
0
42
0.3578057741447831
0
VERTEX
8
0
10
22.549865625000002
20
13.805565625
30
0
0
VERTEX
8
0
10
22.549865625000002
20
15.139603125
30
0
0
VERTEX
8
0
10
22.913881250000003
20
15.503618750000001
30
0
0
VERTEX
8
0
10
22.918953125
20
15.510403125000002
30
0
0
VERTEX
8
0
10
22.9244875
20
15.516903125
30
0
42
0.08765145259213399
0
VERTEX
8
0
10
22.934490625000002
20
15.541456250000001
30
0
0
VERTEX
8
0
10
22.935000000000002
20
15.548831250000001
30
0
0
VERTEX
8
0
10
22.9362
20
15.557500000000001
30
0
0
VERTEX
8
0
10
22.9362
20
23.7809375
30
0
0
VERTEX
8
0
10
25.13638125
20
25.98111875
30
0
0
VERTEX
8
0
10
25.141453125
20
25.987903125000003
30
0
0
VERTEX
8
0
10
25.1469875
20
25.994403125
30
0
42
0.08765145259213399
0
VERTEX
8
0
10
25.156990625000002
20
26.018956250000002
30
0
0
VERTEX
8
0
10
25.157500000000002
20
26.026331250000002
30
0
0
VERTEX
8
0
10
25.1587
20
26.035
30
0
0
VERTEX
8
0
10
25.1587
20
36.83
30
0
0
VERTEX
8
0
10
25.157484375000003
20
36.838428125
30
0
0
VERTEX
8
0
10
25.156803125
20
36.84689375
30
0
42
0.08765396656356698
0
VERTEX
8
0
10
25.146518750000002
20
36.871331250000004
30
0
0
VERTEX
8
0
10
25.141646875000003
20
36.876925
30
0
0
VERTEX
8
0
10
25.13638125
20
36.88388125
30
0
0
VERTEX
8
0
10
24.81888125
20
37.201381250000004
30
0
0
VERTEX
8
0
10
24.812096875
20
37.206453125
30
0
0
VERTEX
8
0
10
24.805596875000003
20
37.2119875
30
0
42
0.08765145259213399
0
VERTEX
8
0
10
24.781043750000002
20
37.221990625000004
30
0
0
VERTEX
8
0
10
24.773668750000002
20
37.222500000000004
30
0
0
VERTEX
8
0
10
24.765
20
37.2237
30
0
0
VERTEX
8
0
10
24.502909375
20
37.2237
30
0
0
VERTEX
8
0
10
24.489090625000003
20
37.23751875
30
0
0
VERTEX
8
0
10
24.469140625
20
37.2490375
30
0
0
VERTEX
8
0
10
24.446884375
20
37.255
30
0
0
VERTEX
8
0
10
23.988846875
20
37.255
30
0
0
VERTEX
8
0
10
23.966590625000002
20
37.2490375
30
0
0
VERTEX
8
0
10
23.946640625
20
37.23751875
30
0
0
VERTEX
8
0
10
23.930346875
20
37.221225000000004
30
0
0
VERTEX
8
0
10
23.918828125
20
37.201275
30
0
0
VERTEX
8
0
10
23.912865625000002
20
37.179018750000004
30
0
0
VERTEX
8
0
10
23.912865625000002
20
36.98098125
30
0
0
VERTEX
8
0
10
23.918828125
20
36.958725
30
0
0
VERTEX
8
0
10
23.930346875
20
36.938775
30
0
0
VERTEX
8
0
10
23.946640625
20
36.922481250000004
30
0
0
VERTEX
8
0
10
23.966590625000002
20
36.910962500000004
30
0
0
VERTEX
8
0
10
23.988846875
20
36.905
30
0
0
VERTEX
8
0
10
24.446884375
20
36.905
30
0
0
VERTEX
8
0
10
24.469140625
20
36.910962500000004
30
0
0
VERTEX
8
0
10
24.489090625000003
20
36.922481250000004
30
0
0
VERTEX
8
0
10
24.505384375000002
20
36.938775
30
0
0
VERTEX
8
0
10
24.516903125000002
20
36.958725
30
0
0
VERTEX
8
0
10
24.522865625
20
36.98098125
30
0
0
VERTEX
8
0
10
24.522865625
20
37.0713
30
0
0
VERTEX
8
0
10
24.7334375
20
37.0713
30
0
0
VERTEX
8
0
10
25.0063
20
36.7984375
30
0
0
VERTEX
8
0
10
25.0063
20
26.0665625
30
0
0
VERTEX
8
0
10
22.80611875
20
23.86638125
30
0
0
VERTEX
8
0
10
22.801046875
20
23.859596875
30
0
0
VERTEX
8
0
10
22.7955125
20
23.853096875000002
30
0
42
0.08765145259213399
0
VERTEX
8
0
10
22.785509375
20
23.82854375
30
0
0
VERTEX
8
0
10
22.785
20
23.821168750000002
30
0
0
VERTEX
8
0
10
22.7838
20
23.8125
30
0
0
VERTEX
8
0
10
22.7838
20
15.5890625
30
0
0
VERTEX
8
0
10
22.549865625000002
20
15.355128125
30
0
0
VERTEX
8
0
10
22.549865625000002
20
15.404434375000001
30
0
42
0.9520795017710562
0
VERTEX
8
0
10
21.025865625
20
15.404434375000001
30
0
0
VERTEX
8
0
10
21.025865625
20
13.805565625
30
0
0
VERTEX
8
0
10
21.033203125
20
13.73105625
30
0
42
0.38574240611503685
0
VERTEX
8
0
10
21.825300000000002
20
13.081000000000001
30
0
0
SEQEND
0
POLYLINE
66
1
8
16_copper
10
0.0
20
0.0
30
0.0
70
1
0
VERTEX
8
0
10
21.899809375
20
13.088337500000002
30
0
42
0.3578057741447831
0
VERTEX
8
0
10
22.549865625000002
20
13.805565625
30
0
0
VERTEX
8
0
10
22.549865625000002
20
15.404434375000001
30
0
0
VERTEX
8
0
10
22.542528125
20
15.478943750000001
30
0
42
0.9063472543261978
0
VERTEX
8
0
10
21.025865625
20
15.404434375000001
30
0
0
VERTEX
8
0
10
21.025865625
20
13.805565625
30
0
0
VERTEX
8
0
10
21.033203125
20
13.73105625
30
0
42
0.38574240611503685
0
VERTEX
8
0
10
21.825300000000002
20
13.081000000000001
30
0
0
SEQEND
0
POLYLINE
66
1
8
1_copper
10
0.0
20
0.0
30
0.0
70
1
0
VERTEX
8
0
10
11.19161875
20
45.581275000000005
30
0
0
VERTEX
8
0
10
11.18746875
20
45.5773375
30
0
42
0.15312467584094633
0
VERTEX
8
0
10
11.151403125
20
45.493565625
30
0
0
VERTEX
8
0
10
11.1506
20
45.47795
30
0
0
VERTEX
8
0
10
11.1506
20
44.69205
30
0
0
VERTEX
8
0
10
11.151178125000001
20
44.686353125000004
30
0
0
VERTEX
8
0
10
11.151028125
20
44.680634375000004
30
0
42
0.1531278540915039
0
VERTEX
8
0
10
11.1847625
20
44.59589375
30
0
0
VERTEX
8
0
10
11.195237500000001
20
44.5842875
30
0
0
VERTEX
8
0
10
11.3737875
20
44.4057375
30
0
0
VERTEX
8
0
10
11.378225
20
44.40211875
30
0
0
VERTEX
8
0
10
11.3821625
20
44.397968750000004
30
0
42
0.15312467584094633
0
VERTEX
8
0
10
11.465934375
20
44.361903125000005
30
0
0
VERTEX
8
0
10
11.48155
20
44.3611
30
0
0
VERTEX
8
0
10
13.208375
20
44.3611
30
0
0
VERTEX
8
0
10
15.556328125
20
42.013146875000004
30
0
0
VERTEX
8
0
10
15.49098125
20
41.993321875
30
0
42
0.8206794251183314
0
VERTEX
8
0
10
15.710565625000001
20
40.513000000000005
30
0
0
VERTEX
8
0
10
17.309434375000002
20
40.513000000000005
30
0
0
VERTEX
8
0
10
17.38394375
20
40.520337500000004
30
0
42
0.30334643882340373
0
VERTEX
8
0
10
18.01205625
20
41.089625000000005
30
0
0
VERTEX
8
0
10
18.018615625000002
20
41.1226
30
0
0
VERTEX
8
0
10
19.81953125
20
41.1226
30
0
0
VERTEX
8
0
10
22.885265625000002
20
38.056865625
30
0
0
VERTEX
8
0
10
22.885265625000002
20
37.977978125
30
0
0
VERTEX
8
0
10
22.882865625
20
37.969018750000004
30
0
0
VERTEX
8
0
10
22.882865625
20
37.51098125
30
0
0
VERTEX
8
0
10
22.888828125
20
37.488725
30
0
0
VERTEX
8
0
10
22.900346875
20
37.468775
30
0
0
VERTEX
8
0
10
22.916640625
20
37.452481250000005
30
0
0
VERTEX
8
0
10
22.936590625
20
37.440962500000005
30
0
0
VERTEX
8
0
10
22.958846875000003
20
37.435
30
0
0
VERTEX
8
0
10
23.156884375
20
37.435
30
0
0
VERTEX
8
0
10
23.179140625000002
20
37.440962500000005
30
0
0
VERTEX
8
0
10
23.199090625
20
37.452481250000005
30
0
0
VERTEX
8
0
10
23.215384375000003
20
37.468775
30
0
0
VERTEX
8
0
10
23.226903125
20
37.488725
30
0
0
VERTEX
8
0
10
23.232865625000002
20
37.51098125
30
0
0
VERTEX
8
0
10
23.232865625000002
20
37.969018750000004
30
0
0
VERTEX
8
0
10
23.226903125
20
37.991275
30
0
0
VERTEX
8
0
10
23.215384375000003
20
38.011225
30
0
0
VERTEX
8
0
10
23.199090625
20
38.02751875
30
0
0
VERTEX
8
0
10
23.190065625000003
20
38.032728125
30
0
0
VERTEX
8
0
10
23.190065625000003
20
38.119990625
30
0
42
0.17236881692202358
0
VERTEX
8
0
10
23.155903125000002
20
38.216146875
30
0
0
VERTEX
8
0
10
23.145428125000002
20
38.227753125
30
0
0
VERTEX
8
0
10
21.374221875
20
39.998959375000005
30
0
0
VERTEX
8
0
10
22.891562500000003
20
41.5163
30
0
0
VERTEX
8
0
10
23.7809375
20
41.5163
30
0
0
VERTEX
8
0
10
34.2138
20
31.083437500000002
30
0
0
VERTEX
8
0
10
34.2138
20
14.6365625
30
0
0
VERTEX
8
0
10
32.3534375
20
12.776200000000001
30
0
0
VERTEX
8
0
10
28.9240625
20
12.776200000000001
30
0
0
VERTEX
8
0
10
27.629865625
20
14.070396875
30
0
0
VERTEX
8
0
10
27.629865625
20
15.404434375000001
30
0
0
VERTEX
8
0
10
27.622528125000002
20
15.478943750000001
30
0
42
0.9063472543261978
0
VERTEX
8
0
10
26.105865625
20
15.404434375000001
30
0
0
VERTEX
8
0
10
26.105865625
20
13.805565625
30
0
0
VERTEX
8
0
10
26.113203125000002
20
13.73105625
30
0
42
0.9063472543261978
0
VERTEX
8
0
10
27.629865625
20
13.805565625
30
0
0
VERTEX
8
0
10
27.629865625
20
13.854871875
30
0
0
VERTEX
8
0
10
28.838618750000002
20
12.646118750000001
30
0
0
VERTEX
8
0
10
28.845403125
20
12.641046875
30
0
0
VERTEX
8
0
10
28.851903125
20
12.6355125
30
0
42
0.08765145259213399
0
VERTEX
8
0
10
28.87645625
20
12.625509375
30
0
0
VERTEX
8
0
10
28.88383125
20
12.625
30
0
0
VERTEX
8
0
10
28.892500000000002
20
12.623800000000001
30
0
0
VERTEX
8
0
10
32.385
20
12.623800000000001
30
0
0
VERTEX
8
0
10
32.393428125
20
12.625015625000001
30
0
0
VERTEX
8
0
10
32.40189375
20
12.625696875000001
30
0
42
0.08765396656356698
0
VERTEX
8
0
10
32.426331250000004
20
12.63598125
30
0
0
VERTEX
8
0
10
32.431925
20
12.640853125000001
30
0
0
VERTEX
8
0
10
32.43888125
20
12.646118750000001
30
0
0
VERTEX
8
0
10
34.34388125
20
14.55111875
30
0
0
VERTEX
8
0
10
34.348953125
20
14.557903125000001
30
0
0
VERTEX
8
0
10
34.354487500000005
20
14.564403125
30
0
42
0.08765145259213399
0
VERTEX
8
0
10
34.364490625
20
14.58895625
30
0
0
VERTEX
8
0
10
34.365
20
14.59633125
30
0
0
VERTEX
8
0
10
34.3662
20
14.605
30
0
0
VERTEX
8
0
10
34.3662
20
31.115000000000002
30
0
0
VERTEX
8
0
10
34.364984375
20
31.123428125
30
0
0
VERTEX
8
0
10
34.364303125
20
31.131893750000003
30
0
42
0.08765396656356698
0
VERTEX
8
0
10
34.35401875
20
31.15633125
30
0
0
VERTEX
8
0
10
34.349146875
20
31.161925
30
0
0
VERTEX
8
0
10
34.34388125
20
31.168881250000002
30
0
0
VERTEX
8
0
10
23.86638125
20
41.646381250000005
30
0
0
VERTEX
8
0
10
23.859596875
20
41.651453125
30
0
0
VERTEX
8
0
10
23.853096875000002
20
41.6569875
30
0
42
0.08765145259213399
0
VERTEX
8
0
10
23.82854375
20
41.666990625000004
30
0
0
VERTEX
8
0
10
23.821168750000002
20
41.667500000000004
30
0
0
VERTEX
8
0
10
23.8125
20
41.6687
30
0
0
VERTEX
8
0
10
22.86
20
41.6687
30
0
0
VERTEX
8
0
10
22.851571875
20
41.667484375
30
0
0
VERTEX
8
0
10
22.84310625
20
41.666803125
30
0
42
0.08765396656356698
0
VERTEX
8
0
10
22.81866875
20
41.656518750000004
30
0
0
VERTEX
8
0
10
22.813075
20
41.651646875000004
30
0
0
VERTEX
8
0
10
22.80611875
20
41.646381250000005
30
0
0
VERTEX
8
0
10
21.266459375
20
40.106721875000005
30
0
0
VERTEX
8
0
10
19.99041875
20
41.382762500000005
30
0
0
VERTEX
8
0
10
19.985981250000002
20
41.38638125
30
0
0
VERTEX
8
0
10
19.982043750000003
20
41.39053125
30
0
42
0.15312467584094633
0
VERTEX
8
0
10
19.898271875000002
20
41.426596875
30
0
0
VERTEX
8
0
10
19.88265625
20
41.4274
30
0
0
VERTEX
8
0
10
18.018615625000002
20
41.4274
30
0
0
VERTEX
8
0
10
18.01205625
20
41.460375
30
0
42
0.3303552833504715
0
VERTEX
8
0
10
17.309434375000002
20
42.037
30
0
0
VERTEX
8
0
10
15.963525
20
42.037
30
0
0
VERTEX
8
0
10
13.4295
20
44.571025
30
0
0
VERTEX
8
0
10
13.994275
20
45.1358
30
0
0
VERTEX
8
0
10
17.713887500000002
20
45.1358
30
0
0
VERTEX
8
0
10
17.719584375
20
45.136378125
30
0
0
VERTEX
8
0
10
17.725303125
20
45.136228125
30
0
42
0.1531278540915039
0
VERTEX
8
0
10
17.810043750000002
20
45.169962500000004
30
0
0
VERTEX
8
0
10
17.82165
20
45.180437500000004
30
0
0
VERTEX
8
0
10
18.446562500000002
20
45.805350000000004
30
0
0
VERTEX
8
0
10
18.45018125
20
45.8097875
30
0
0
VERTEX
8
0
10
18.45433125
20
45.813725000000005
30
0
42
0.15312467584094633
0
VERTEX
8
0
10
18.490396875000002
20
45.897496875
30
0
0
VERTEX
8
0
10
18.4912
20
45.913112500000004
30
0
0
VERTEX
8
0
10
18.4912
20
50.025675
30
0
0
VERTEX
8
0
10
19.113125
20
50.647600000000004
30
0
0
VERTEX
8
0
10
21.59
20
50.647600000000004
30
0
0
VERTEX
8
0
10
21.595696875
20
50.648178125
30
0
0
VERTEX
8
0
10
21.601415625
20
50.648028125
30
0
42
0.1531278540915039
0
VERTEX
8
0
10
21.68615625
20
50.681762500000005
30
0
0
VERTEX
8
0
10
21.6977625
20
50.692237500000005
30
0
0
VERTEX
8
0
10
23.723225000000003
20
52.7177
30
0
0
VERTEX
8
0
10
25.857668750000002
20
52.7177
30
0
0
VERTEX
8
0
10
25.863365625
20
52.718278125000005
30
0
0
VERTEX
8
0
10
25.869084375
20
52.718128125
30
0
42
0.1531278540915039
0
VERTEX
8
0
10
25.953825000000002
20
52.7518625
30
0
0
VERTEX
8
0
10
25.96543125
20
52.7623375
30
0
0
VERTEX
8
0
10
26.612662500000003
20
53.409568750000005
30
0
0
VERTEX
8
0
10
26.61628125
20
53.41400625
30
0
0
VERTEX
8
0
10
26.620431250000003
20
53.41794375
30
0
42
0.15312467584094633
0
VERTEX
8
0
10
26.656496875000002
20
53.501715625
30
0
0
VERTEX
8
0
10
26.657300000000003
20
53.517331250000005
30
0
0
VERTEX
8
0
10
26.657300000000003
20
54.432668750000005
30
0
0
VERTEX
8
0
10
26.656721875000002
20
54.438365625
30
0
0
VERTEX
8
0
10
26.656871875
20
54.444084375
30
0
42
0.1531278540915039
0
VERTEX
8
0
10
26.623137500000002
20
54.528825000000005
30
0
0
VERTEX
8
0
10
26.612662500000003
20
54.540431250000005
30
0
0
VERTEX
8
0
10
26.410265625
20
54.742828125
30
0
0
VERTEX
8
0
10
26.410265625
20
57.405
30
0
0
VERTEX
8
0
10
26.457865625
20
57.405
30
0
0
VERTEX
8
0
10
26.457865625
20
58.205000000000005
30
0
0
VERTEX
8
0
10
26.057865625
20
58.205000000000005
30
0
0
VERTEX
8
0
10
26.057865625
20
57.405
30
0
0
VERTEX
8
0
10
26.105465625
20
57.405
30
0
0
VERTEX
8
0
10
26.105465625
20
54.679703125
30
0
0
VERTEX
8
0
10
26.10604375
20
54.674006250000005
30
0
0
VERTEX
8
0
10
26.10589375
20
54.668287500000005
30
0
42
0.1531278540915039
0
VERTEX
8
0
10
26.139628125
20
54.583546875
30
0
0
VERTEX
8
0
10
26.150103125
20
54.571940625
30
0
0
VERTEX
8
0
10
26.352500000000003
20
54.369543750000005
30
0
0
VERTEX
8
0
10
26.352500000000003
20
53.580456250000005
30
0
0
VERTEX
8
0
10
25.794543750000003
20
53.0225
30
0
0
VERTEX
8
0
10
23.6601
20
53.0225
30
0
0
VERTEX
8
0
10
23.654403125
20
53.021921875000004
30
0
0
VERTEX
8
0
10
23.648684375000002
20
53.022071875
30
0
42
0.1531278540915039
0
VERTEX
8
0
10
23.56394375
20
52.9883375
30
0
0
VERTEX
8
0
10
23.5523375
20
52.9778625
30
0
0
VERTEX
8
0
10
21.526875
20
50.952400000000004
30
0
0
VERTEX
8
0
10
19.05
20
50.952400000000004
30
0
0
VERTEX
8
0
10
19.044303125000003
20
50.951821875
30
0
0
VERTEX
8
0
10
19.038584375
20
50.951971875000005
30
0
42
0.1531278540915039
0
VERTEX
8
0
10
18.95384375
20
50.918237500000004
30
0
0
VERTEX
8
0
10
18.9422375
20
50.907762500000004
30
0
0
VERTEX
8
0
10
18.2310375
20
50.1965625
30
0
0
VERTEX
8
0
10
18.227418750000002
20
50.192125000000004
30
0
0
VERTEX
8
0
10
18.223268750000003
20
50.188187500000005
30
0
42
0.15312467584094633
0
VERTEX
8
0
10
18.187203125
20
50.104415625
30
0
0
VERTEX
8
0
10
18.186400000000003
20
50.0888
30
0
0
VERTEX
8
0
10
18.186400000000003
20
45.9762375
30
0
0
VERTEX
8
0
10
17.650762500000003
20
45.4406
30
0
0
VERTEX
8
0
10
13.93115
20
45.4406
30
0
0
VERTEX
8
0
10
13.925453125
20
45.440021875
30
0
0
VERTEX
8
0
10
13.919734375
20
45.440171875000004
30
0
42
0.1531278540915039
0
VERTEX
8
0
10
13.83499375
20
45.4064375
30
0
0
VERTEX
8
0
10
13.8233875
20
45.3959625
30
0
0
VERTEX
8
0
10
13.093325
20
44.6659
30
0
0
VERTEX
8
0
10
11.544675
20
44.6659
30
0
0
VERTEX
8
0
10
11.455400000000001
20
44.755175
30
0
0
VERTEX
8
0
10
11.455400000000001
20
45.414825
30
0
0
VERTEX
8
0
10
11.544675
20
45.5041
30
0
0
VERTEX
8
0
10
11.6205
20
45.5041
30
0
0
VERTEX
8
0
10
11.626196875
20
45.504678125000005
30
0
0
VERTEX
8
0
10
11.631915625000001
20
45.504528125
30
0
42
0.1531278540915039
0
VERTEX
8
0
10
11.71665625
20
45.5382625
30
0
0
VERTEX
8
0
10
11.728262500000001
20
45.5487375
30
0
0
VERTEX
8
0
10
12.267825
20
46.088300000000004
30
0
0
VERTEX
8
0
10
13.0302
20
46.088300000000004
30
0
0
VERTEX
8
0
10
13.0302
20
46.621700000000004
30
0
0
VERTEX
8
0
10
11.607800000000001
20
46.621700000000004
30
0
0
VERTEX
8
0
10
11.607800000000001
20
46.088300000000004
30
0
0
VERTEX
8
0
10
11.697825
20
46.088300000000004
30
0
0
VERTEX
8
0
10
11.195237500000001
20
45.5857125
30
0
0
SEQEND
0
POLYLINE
66
1
8
16_copper
10
0.0
20
0.0
30
0.0
70
1
0
VERTEX
8
0
10
17.38394375
20
40.520337500000004
30
0
42
0.9063472543261978
0
VERTEX
8
0
10
17.309434375000002
20
42.037
30
0
0
VERTEX
8
0
10
15.710565625000001
20
42.037
30
0
0
VERTEX
8
0
10
15.636056250000001
20
42.0296625
30
0
42
0.9063472543261978
0
VERTEX
8
0
10
15.710565625000001
20
40.513000000000005
30
0
0
VERTEX
8
0
10
17.309434375000002
20
40.513000000000005
30
0
0
SEQEND
0
POLYLINE
66
1
8
16_copper
10
0.0
20
0.0
30
0.0
70
1
0
VERTEX
8
0
10
26.979809375000002
20
13.088337500000002
30
0
42
0.3578057741447831
0
VERTEX
8
0
10
27.629865625
20
13.805565625
30
0
0
VERTEX
8
0
10
27.629865625
20
15.404434375000001
30
0
0
VERTEX
8
0
10
27.622528125000002
20
15.478943750000001
30
0
42
0.9063472543261978
0
VERTEX
8
0
10
26.105865625
20
15.404434375000001
30
0
0
VERTEX
8
0
10
26.105865625
20
13.805565625
30
0
0
VERTEX
8
0
10
26.113203125000002
20
13.73105625
30
0
42
0.38574240611503685
0
VERTEX
8
0
10
26.9053
20
13.081000000000001
30
0
0
SEQEND
0
POLYLINE
66
1
8
1_copper
10
0.0
20
0.0
30
0.0
70
1
0
VERTEX
8
0
10
20.955000000000002
20
51.2826
30
0
42
0.17236881692202358
0
VERTEX
8
0
10
21.051156250000002
20
51.3167625
30
0
0
VERTEX
8
0
10
21.0627625
20
51.3272375
30
0
0
VERTEX
8
0
10
25.565628125
20
55.830103125
30
0
0
VERTEX
8
0
10
25.569246875
20
55.834540625
30
0
0
VERTEX
8
0
10
25.573396875
20
55.838478125
30
0
42
0.15312467584094633
0
VERTEX
8
0
10
25.609462500000003
20
55.922250000000005
30
0
0
VERTEX
8
0
10
25.610265625
20
55.937865625
30
0
0
VERTEX
8
0
10
25.610265625
20
57.405
30
0
0
VERTEX
8
0
10
25.657865625
20
57.405
30
0
0
VERTEX
8
0
10
25.657865625
20
58.205000000000005
30
0
0
VERTEX
8
0
10
25.257865625
20
58.205000000000005
30
0
0
VERTEX
8
0
10
25.257865625
20
57.405
30
0
0
VERTEX
8
0
10
25.305465625
20
57.405
30
0
0
VERTEX
8
0
10
25.305465625
20
56.000990625
30
0
0
VERTEX
8
0
10
20.891875000000002
20
51.5874
30
0
0
VERTEX
8
0
10
18.80795
20
51.5874
30
0
0
VERTEX
8
0
10
18.802253125
20
51.586821875000005
30
0
0
VERTEX
8
0
10
18.796534375
20
51.586971875
30
0
42
0.1531278540915039
0
VERTEX
8
0
10
18.711793750000002
20
51.5532375
30
0
0
VERTEX
8
0
10
18.700187500000002
20
51.5427625
30
0
0
VERTEX
8
0
10
13.487400000000001
20
46.329975000000005
30
0
0
VERTEX
8
0
10
13.487400000000001
20
46.74795
30
0
0
VERTEX
8
0
10
13.486821875
20
46.753646875
30
0
0
VERTEX
8
0
10
13.486971875
20
46.759365625
30
0
42
0.1531278540915039
0
VERTEX
8
0
10
13.4532375
20
46.84410625
30
0
0
VERTEX
8
0
10
13.4427625
20
46.8557125
30
0
0
VERTEX
8
0
10
13.264212500000001
20
47.034262500000004
30
0
0
VERTEX
8
0
10
13.259775000000001
20
47.037881250000005
30
0
0
VERTEX
8
0
10
13.2558375
20
47.04203125
30
0
42
0.15312467584094633
0
VERTEX
8
0
10
13.172065625
20
47.078096875
30
0
0
VERTEX
8
0
10
13.156450000000001
20
47.078900000000004
30
0
0
VERTEX
8
0
10
11.48155
20
47.078900000000004
30
0
0
VERTEX
8
0
10
11.475853125
20
47.078321875
30
0
0
VERTEX
8
0
10
11.470134375
20
47.078471875000005
30
0
42
0.1531278540915039
0
VERTEX
8
0
10
11.38539375
20
47.044737500000004
30
0
0
VERTEX
8
0
10
11.3737875
20
47.034262500000004
30
0
0
VERTEX
8
0
10
10.7380375
20
46.3985125
30
0
0
VERTEX
8
0
10
10.73441875
20
46.394075
30
0
0
VERTEX
8
0
10
10.73026875
20
46.3901375
30
0
42
0.15312467584094633
0
VERTEX
8
0
10
10.694203125000001
20
46.306365625000005
30
0
0
VERTEX
8
0
10
10.6934
20
46.29075
30
0
0
VERTEX
8
0
10
10.6934
20
44.3992
30
0
0
VERTEX
8
0
10
10.693978125000001
20
44.393503125
30
0
0
VERTEX
8
0
10
10.693828125000001
20
44.387784375
30
0
42
0.1531278540915039
0
VERTEX
8
0
10
10.727562500000001
20
44.30304375
30
0
0
VERTEX
8
0
10
10.7380375
20
44.2914375
30
0
0
VERTEX
8
0
10
15.556328125
20
39.473146875000005
30
0
0
VERTEX
8
0
10
15.49098125
20
39.453321875
30
0
42
0.8206794251183314
0
VERTEX
8
0
10
15.710565625000001
20
37.973
30
0
0
VERTEX
8
0
10
17.309434375000002
20
37.973
30
0
0
VERTEX
8
0
10
17.38394375
20
37.980337500000005
30
0
42
0.30334643882340373
0
VERTEX
8
0
10
18.01205625
20
38.549625
30
0
0
VERTEX
8
0
10
18.018615625000002
20
38.5826
30
0
0
VERTEX
8
0
10
21.53953125
20
38.5826
30
0
0
VERTEX
8
0
10
22.3579
20
37.76423125
30
0
0
VERTEX
8
0
10
22.358378125
20
37.7595375
30
0
42
0.10164548527249197
0
VERTEX
8
0
10
22.38255625
20
37.703175
30
0
0
VERTEX
8
0
10
22.382865625
20
37.702815625
30
0
0
VERTEX
8
0
10
22.382865625
20
37.51098125
30
0
0
VERTEX
8
0
10
22.388828125
20
37.488725
30
0
0
VERTEX
8
0
10
22.400346875
20
37.468775
30
0
0
VERTEX
8
0
10
22.416640625
20
37.452481250000005
30
0
0
VERTEX
8
0
10
22.436590625
20
37.440962500000005
30
0
0
VERTEX
8
0
10
22.458846875000003
20
37.435
30
0
0
VERTEX
8
0
10
22.656884375
20
37.435
30
0
0
VERTEX
8
0
10
22.679140625000002
20
37.440962500000005
30
0
0
VERTEX
8
0
10
22.699090625
20
37.452481250000005
30
0
0
VERTEX
8
0
10
22.715384375000003
20
37.468775
30
0
0
VERTEX
8
0
10
22.726903125
20
37.488725
30
0
0
VERTEX
8
0
10
22.732865625000002
20
37.51098125
30
0
0
VERTEX
8
0
10
22.732865625000002
20
37.969018750000004
30
0
0
VERTEX
8
0
10
22.726903125
20
37.991275
30
0
0
VERTEX
8
0
10
22.715384375000003
20
38.011225
30
0
0
VERTEX
8
0
10
22.699090625
20
38.02751875
30
0
0
VERTEX
8
0
10
22.679140625000002
20
38.0390375
30
0
0
VERTEX
8
0
10
22.656884375
20
38.045
30
0
0
VERTEX
8
0
10
22.50818125
20
38.045
30
0
0
VERTEX
8
0
10
21.710418750000002
20
38.8427625
30
0
0
VERTEX
8
0
10
21.70598125
20
38.84638125
30
0
0
VERTEX
8
0
10
21.70204375
20
38.85053125
30
0
42
0.15312467584094633
0
VERTEX
8
0
10
21.618271875
20
38.886596875
30
0
0
VERTEX
8
0
10
21.602656250000003
20
38.8874
30
0
0
VERTEX
8
0
10
18.018615625000002
20
38.8874
30
0
0
VERTEX
8
0
10
18.01205625
20
38.920375
30
0
42
0.3303552833504715
0
VERTEX
8
0
10
17.309434375000002
20
39.497
30
0
0
VERTEX
8
0
10
15.963525
20
39.497
30
0
0
VERTEX
8
0
10
10.9982
20
44.462325
30
0
0
VERTEX
8
0
10
10.9982
20
46.227625
30
0
0
VERTEX
8
0
10
11.544675
20
46.774100000000004
30
0
0
VERTEX
8
0
10
13.093325
20
46.774100000000004
30
0
0
VERTEX
8
0
10
13.1826
20
46.684825000000004
30
0
0
VERTEX
8
0
10
13.1826
20
46.025175000000004
30
0
0
VERTEX
8
0
10
13.093325
20
45.935900000000004
30
0
0
VERTEX
8
0
10
13.0175
20
45.935900000000004
30
0
42
0.17236881692202358
0
VERTEX
8
0
10
12.92134375
20
45.9017375
30
0
0
VERTEX
8
0
10
12.9097375
20
45.8912625
30
0
0
VERTEX
8
0
10
12.370175000000001
20
45.3517
30
0
0
VERTEX
8
0
10
11.607800000000001
20
45.3517
30
0
0
VERTEX
8
0
10
11.607800000000001
20
44.8183
30
0
0
VERTEX
8
0
10
13.0302
20
44.8183
30
0
0
VERTEX
8
0
10
13.0302
20
45.3517
30
0
0
VERTEX
8
0
10
12.940175
20
45.3517
30
0
0
VERTEX
8
0
10
18.871075
20
51.2826
30
0
0
SEQEND
0
POLYLINE
66
1
8
1_copper
10
0.0
20
0.0
30
0.0
70
1
0
VERTEX
8
0
10
24.439809375000003
20
13.088337500000002
30
0
42
0.3578057741447831
0
VERTEX
8
0
10
25.089865625
20
13.805565625
30
0
0
VERTEX
8
0
10
25.089865625
20
15.404434375000001
30
0
0
VERTEX
8
0
10
25.082528125
20
15.478943750000001
30
0
42
0.9063472543261978
0
VERTEX
8
0
10
23.565865625
20
15.404434375000001
30
0
0
VERTEX
8
0
10
23.565865625
20
13.805565625
30
0
0
VERTEX
8
0
10
23.573203125000003
20
13.73105625
30
0
42
0.38574240611503685
0
VERTEX
8
0
10
24.3653
20
13.081000000000001
30
0
0
SEQEND
0
POLYLINE
66
1
8
16_copper
10
0.0
20
0.0
30
0.0
70
1
0
VERTEX
8
0
10
24.439809375000003
20
13.088337500000002
30
0
42
0.3578057741447831
0
VERTEX
8
0
10
25.089865625
20
13.805565625
30
0
0
VERTEX
8
0
10
25.089865625
20
15.404434375000001
30
0
0
VERTEX
8
0
10
25.082528125
20
15.478943750000001
30
0
42
0.4729643694013314
0
VERTEX
8
0
10
24.070846875
20
16.085321875
30
0
0
VERTEX
8
0
10
24.040153125
20
16.072609375000003
30
0
0
VERTEX
8
0
10
18.8087
20
21.3040625
30
0
0
VERTEX
8
0
10
18.8087
20
36.83
30
0
0
VERTEX
8
0
10
18.807484375
20
36.838428125
30
0
0
VERTEX
8
0
10
18.806803125000002
20
36.84689375
30
0
42
0.08765396656356698
0
VERTEX
8
0
10
18.79651875
20
36.871331250000004
30
0
0
VERTEX
8
0
10
18.791646875
20
36.876925
30
0
0
VERTEX
8
0
10
18.78638125
20
36.88388125
30
0
0
VERTEX
8
0
10
18.15138125
20
37.51888125
30
0
0
VERTEX
8
0
10
18.144596875
20
37.523953125
30
0
0
VERTEX
8
0
10
18.138096875000002
20
37.5294875
30
0
42
0.08765145259213399
0
VERTEX
8
0
10
18.11354375
20
37.539490625
30
0
0
VERTEX
8
0
10
18.106168750000002
20
37.54
30
0
0
VERTEX
8
0
10
18.0975
20
37.5412
30
0
0
VERTEX
8
0
10
17.8115625
20
37.5412
30
0
0
VERTEX
8
0
10
17.37345625
20
37.97930625
30
0
0
VERTEX
8
0
10
17.38394375
20
37.980337500000005
30
0
42
0.9063472543261978
0
VERTEX
8
0
10
17.309434375000002
20
39.497
30
0
0
VERTEX
8
0
10
15.710565625000001
20
39.497
30
0
0
VERTEX
8
0
10
15.636056250000001
20
39.4896625
30
0
42
0.9063472543261978
0
VERTEX
8
0
10
15.710565625000001
20
37.973
30
0
0
VERTEX
8
0
10
17.164237500000002
20
37.973
30
0
0
VERTEX
8
0
10
17.72611875
20
37.41111875
30
0
0
VERTEX
8
0
10
17.732903125
20
37.406046875
30
0
0
VERTEX
8
0
10
17.739403125000003
20
37.400512500000005
30
0
42
0.08765145259213399
0
VERTEX
8
0
10
17.76395625
20
37.390509375
30
0
0
VERTEX
8
0
10
17.77133125
20
37.39
30
0
0
VERTEX
8
0
10
17.78
20
37.3888
30
0
0
VERTEX
8
0
10
18.0659375
20
37.3888
30
0
0
VERTEX
8
0
10
18.6563
20
36.7984375
30
0
0
VERTEX
8
0
10
18.6563
20
21.2725
30
0
0
VERTEX
8
0
10
18.657515625000002
20
21.264071875000003
30
0
0
VERTEX
8
0
10
18.658196875
20
21.25560625
30
0
42
0.08765396656356698
0
VERTEX
8
0
10
18.66848125
20
21.231168750000002
30
0
0
VERTEX
8
0
10
18.673353125000002
20
21.225575000000003
30
0
0
VERTEX
8
0
10
18.678618750000002
20
21.21861875
30
0
0
VERTEX
8
0
10
23.899809375
20
15.997428125
30
0
0
VERTEX
8
0
10
23.873396875
20
15.97978125
30
0
42
0.22455782798648444
0
VERTEX
8
0
10
23.565865625
20
15.404434375000001
30
0
0
VERTEX
8
0
10
23.565865625
20
13.805565625
30
0
0
VERTEX
8
0
10
23.573203125000003
20
13.73105625
30
0
42
0.38574240611503685
0
VERTEX
8
0
10
24.3653
20
13.081000000000001
30
0
0
SEQEND
0
POLYLINE
66
1
8
1_copper
10
0.0
20
0.0
30
0.0
70
1
0
VERTEX
8
0
10
19.7743875
20
36.380621875
30
0
42
0.4893958703878674
0
VERTEX
8
0
10
20.098053125
20
37.027528125
30
0
0
VERTEX
8
0
10
20.498125
20
37.427600000000005
30
0
0
VERTEX
8
0
10
21.621521875000003
20
37.427600000000005
30
0
0
VERTEX
8
0
10
21.626640625
20
37.422481250000004
30
0
0
VERTEX
8
0
10
21.646590625
20
37.410962500000004
30
0
0
VERTEX
8
0
10
21.668846875
20
37.405
30
0
0
VERTEX
8
0
10
22.126884375
20
37.405
30
0
0
VERTEX
8
0
10
22.149140625
20
37.410962500000004
30
0
0
VERTEX
8
0
10
22.169090625000003
20
37.422481250000004
30
0
0
VERTEX
8
0
10
22.185384375
20
37.438775
30
0
0
VERTEX
8
0
10
22.196903125000002
20
37.458725
30
0
0
VERTEX
8
0
10
22.202865625
20
37.48098125
30
0
0
VERTEX
8
0
10
22.202865625
20
37.679018750000004
30
0
0
VERTEX
8
0
10
22.196903125000002
20
37.701275
30
0
0
VERTEX
8
0
10
22.185384375
20
37.721225000000004
30
0
0
VERTEX
8
0
10
22.169090625000003
20
37.73751875
30
0
0
VERTEX
8
0
10
22.149140625
20
37.7490375
30
0
0
VERTEX
8
0
10
22.126884375
20
37.755
30
0
0
VERTEX
8
0
10
21.668846875
20
37.755
30
0
0
VERTEX
8
0
10
21.646590625
20
37.7490375
30
0
0
VERTEX
8
0
10
21.626640625
20
37.73751875
30
0
0
VERTEX
8
0
10
21.621521875000003
20
37.7324
30
0
0
VERTEX
8
0
10
20.435000000000002
20
37.7324
30
0
0
VERTEX
8
0
10
20.429303125
20
37.731821875
30
0
0
VERTEX
8
0
10
20.423584375
20
37.731971875
30
0
42
0.1531278540915039
0
VERTEX
8
0
10
20.338843750000002
20
37.698237500000005
30
0
0
VERTEX
8
0
10
20.327237500000003
20
37.687762500000005
30
0
0
VERTEX
8
0
10
19.882528125
20
37.243053125
30
0
0
VERTEX
8
0
10
19.832278125000002
20
37.263865625
30
0
42
0.9999999999999999
0
VERTEX
8
0
10
19.537721875000003
20
36.396134375
30
0
0
VERTEX
8
0
10
19.5956125
20
36.380621875
30
0
42
0.0655433404786496
0
VERTEX
8
0
10
19.714965625
20
36.372800000000005
30
0
0
SEQEND
0
POLYLINE
66
1
8
1_copper
10
0.0
20
0.0
30
0.0
70
1
0
VERTEX
8
0
10
29.519809375
20
13.088337500000002
30
0
42
0.3578057741447831
0
VERTEX
8
0
10
30.169865625
20
13.805565625
30
0
0
VERTEX
8
0
10
30.169865625
20
15.404434375000001
30
0
0
VERTEX
8
0
10
30.162528125
20
15.478943750000001
30
0
42
0.9063472543261978
0
VERTEX
8
0
10
28.645865625000003
20
15.404434375000001
30
0
0
VERTEX
8
0
10
28.645865625000003
20
13.805565625
30
0
0
VERTEX
8
0
10
28.653203125
20
13.73105625
30
0
42
0.38574240611503685
0
VERTEX
8
0
10
29.445300000000003
20
13.081000000000001
30
0
0
SEQEND
0
POLYLINE
66
1
8
16_copper
10
0.0
20
0.0
30
0.0
70
1
0
VERTEX
8
0
10
29.519809375
20
13.088337500000002
30
0
42
0.3578057741447831
0
VERTEX
8
0
10
30.169865625
20
13.805565625
30
0
0
VERTEX
8
0
10
30.169865625
20
15.404434375000001
30
0
0
VERTEX
8
0
10
30.162528125
20
15.478943750000001
30
0
42
0.8170792592534725
0
VERTEX
8
0
10
28.66971875
20
15.558671875
30
0
0
VERTEX
8
0
10
21.730528125
20
22.4978625
30
0
0
VERTEX
8
0
10
21.726090625
20
22.50148125
30
0
0
VERTEX
8
0
10
21.722153125000002
20
22.50563125
30
0
42
0.15312467584094633
0
VERTEX
8
0
10
21.638381250000002
20
22.541696875
30
0
0
VERTEX
8
0
10
21.622765625
20
22.5425
30
0
0
VERTEX
8
0
10
21.19545625
20
22.5425
30
0
0
VERTEX
8
0
10
19.7104
20
24.02755625
30
0
0
VERTEX
8
0
10
19.7104
20
35.17750625
30
0
0
VERTEX
8
0
10
19.792762500000002
20
35.25986875
30
0
0
VERTEX
8
0
10
19.79638125
20
35.264306250000004
30
0
0
VERTEX
8
0
10
19.800531250000002
20
35.26824375
30
0
42
0.15312467584094633
0
VERTEX
8
0
10
19.836596875
20
35.352015625
30
0
0
VERTEX
8
0
10
19.837400000000002
20
35.36763125
30
0
0
VERTEX
8
0
10
19.837400000000002
20
36.39825625
30
0
0
VERTEX
8
0
10
19.887646875
20
36.41906875
30
0
42
0.9999999999999999
0
VERTEX
8
0
10
19.482353125
20
37.24093125
30
0
0
VERTEX
8
0
10
19.430446875
20
37.2109625
30
0
42
0.6176572051597918
0
VERTEX
8
0
10
19.532600000000002
20
36.39825625
30
0
0
VERTEX
8
0
10
19.532600000000002
20
35.43075625
30
0
0
VERTEX
8
0
10
19.4502375
20
35.34839375
30
0
0
VERTEX
8
0
10
19.446618750000003
20
35.343956250000005
30
0
0
VERTEX
8
0
10
19.44246875
20
35.34001875
30
0
42
0.15312467584094633
0
VERTEX
8
0
10
19.406403125
20
35.256246875
30
0
0
VERTEX
8
0
10
19.4056
20
35.24063125
30
0
0
VERTEX
8
0
10
19.4056
20
23.96443125
30
0
0
VERTEX
8
0
10
19.406178125
20
23.958734375000002
30
0
0
VERTEX
8
0
10
19.406028125000002
20
23.953015625000003
30
0
42
0.1531278540915039
0
VERTEX
8
0
10
19.4397625
20
23.868275
30
0
0
VERTEX
8
0
10
19.4502375
20
23.85666875
30
0
0
VERTEX
8
0
10
21.02456875
20
22.2823375
30
0
0
VERTEX
8
0
10
21.029006250000002
20
22.27871875
30
0
0
VERTEX
8
0
10
21.03294375
20
22.27456875
30
0
42
0.15312467584094633
0
VERTEX
8
0
10
21.116715625
20
22.238503125
30
0
0
VERTEX
8
0
10
21.13233125
20
22.2377
30
0
0
VERTEX
8
0
10
21.559640625
20
22.2377
30
0
0
VERTEX
8
0
10
28.645865625000003
20
15.151475000000001
30
0
0
VERTEX
8
0
10
28.645865625000003
20
13.805565625
30
0
0
VERTEX
8
0
10
28.653203125
20
13.73105625
30
0
42
0.38574240611503685
0
VERTEX
8
0
10
29.445300000000003
20
13.081000000000001
30
0
0
SEQEND
0
POLYLINE
66
1
8
1_copper
10
0.0
20
0.0
30
0.0
70
1
0
VERTEX
8
0
10
9.00194375
20
77.8583375
30
0
42
0.3578057741447831
0
VERTEX
8
0
10
9.652000000000001
20
78.57556562500001
30
0
0
VERTEX
8
0
10
9.652000000000001
20
80.174434375
30
0
0
VERTEX
8
0
10
9.6446625
20
80.24894375000001
30
0
42
0.9063472543261978
0
VERTEX
8
0
10
8.128
20
80.174434375
30
0
0
VERTEX
8
0
10
8.128
20
78.57556562500001
30
0
0
VERTEX
8
0
10
8.1353375
20
78.50105625
30
0
42
0.38574240611503685
0
VERTEX
8
0
10
8.927434375
20
77.851
30
0
0
SEQEND
0
POLYLINE
66
1
8
1_copper
10
0.0
20
0.0
30
0.0
70
1
0
VERTEX
8
0
10
9.614387500000001
20
54.795621875
30
0
42
0.26794850200279835
0
VERTEX
8
0
10
9.958865625
20
55.097721875000005
30
0
0
VERTEX
8
0
10
9.9643
20
55.118
30
0
0
VERTEX
8
0
10
17.145
20
55.118
30
0
0
VERTEX
8
0
10
17.1504
20
55.118603125
30
0
0
VERTEX
8
0
10
17.15581875
20
55.1184625
30
0
42
0.11143579834837763
0
VERTEX
8
0
10
17.209115625000003
20
55.135371875000004
30
0
0
VERTEX
8
0
10
17.214840625
20
55.139790625
30
0
0
VERTEX
8
0
10
17.223453125000002
20
55.145128125
30
0
0
VERTEX
8
0
10
17.229646875
20
55.151215625000006
30
0
0
VERTEX
8
0
10
17.234803125
20
55.155196875
30
0
0
VERTEX
8
0
10
19.139803125
20
57.060196875
30
0
0
VERTEX
8
0
10
19.1432
20
57.064446875
30
0
0
VERTEX
8
0
10
19.147125000000003
20
57.068175000000004
30
0
42
0.11143036570132879
0
VERTEX
8
0
10
19.172853125
20
57.117815625000006
30
0
0
VERTEX
8
0
10
19.173775000000003
20
57.124981250000005
30
0
0
VERTEX
8
0
10
19.17609375
20
57.134853125
30
0
0
VERTEX
8
0
10
19.176168750000002
20
57.14354375
30
0
0
VERTEX
8
0
10
19.177
20
57.150000000000006
30
0
0
VERTEX
8
0
10
19.177
20
57.405
30
0
0
VERTEX
8
0
10
19.257865625
20
57.405
30
0
0
VERTEX
8
0
10
19.257865625
20
58.205000000000005
30
0
0
VERTEX
8
0
10
18.857865625000002
20
58.205000000000005
30
0
0
VERTEX
8
0
10
18.857865625000002
20
57.405
30
0
0
VERTEX
8
0
10
18.923000000000002
20
57.405
30
0
0
VERTEX
8
0
10
18.923000000000002
20
57.20260625
30
0
0
VERTEX
8
0
10
17.09239375
20
55.372
30
0
0
VERTEX
8
0
10
9.9643
20
55.372
30
0
0
VERTEX
8
0
10
9.958865625
20
55.392278125000004
30
0
42
0.4530925628128112
0
VERTEX
8
0
10
9.322353125000001
20
55.65593125
30
0
0
VERTEX
8
0
10
9.304171875
20
55.645434375
30
0
0
VERTEX
8
0
10
7.747000000000001
20
57.20260625
30
0
0
VERTEX
8
0
10
7.747000000000001
20
64.0132
30
0
0
VERTEX
8
0
10
7.767278125000001
20
64.018634375
30
0
42
0.9999999999999999
0
VERTEX
8
0
10
7.472721875
20
64.886365625
30
0
0
VERTEX
8
0
10
7.417353125
20
64.86343125
30
0
42
0.6681796059426791
0
VERTEX
8
0
10
7.472721875
20
64.018634375
30
0
0
VERTEX
8
0
10
7.493
20
64.0132
30
0
0
VERTEX
8
0
10
7.493
20
57.150000000000006
30
0
0
VERTEX
8
0
10
7.493603125
20
57.144600000000004
30
0
0
VERTEX
8
0
10
7.493462500000001
20
57.13918125
30
0
42
0.11143579834837763
0
VERTEX
8
0
10
7.510371875000001
20
57.085884375000006
30
0
0
VERTEX
8
0
10
7.514790625000001
20
57.080159375
30
0
0
VERTEX
8
0
10
7.520128125
20
57.071546875
30
0
0
VERTEX
8
0
10
7.526215625000001
20
57.065353125
30
0
0
VERTEX
8
0
10
7.530196875000001
20
57.060196875
30
0
0
VERTEX
8
0
10
9.124565625
20
55.465828125
30
0
0
VERTEX
8
0
10
9.114068750000001
20
55.447646875000004
30
0
42
0.5773483555559588
0
VERTEX
8
0
10
9.554965625000001
20
54.787800000000004
30
0
0
SEQEND
0
POLYLINE
66
1
8
16_copper
10
0.0
20
0.0
30
0.0
70
1
0
VERTEX
8
0
10
7.7093875
20
64.003121875
30
0
42
0.49314379320709684
0
VERTEX
8
0
10
8.03093125
20
64.655146875
30
0
0
VERTEX
8
0
10
8.020434375
20
64.673328125
30
0
0
VERTEX
8
0
10
10.567303125
20
67.220196875
30
0
0
VERTEX
8
0
10
10.5707
20
67.224446875
30
0
0
VERTEX
8
0
10
10.574625000000001
20
67.22817500000001
30
0
42
0.11143036570132879
0
VERTEX
8
0
10
10.600353125
20
67.277815625
30
0
0
VERTEX
8
0
10
10.601275000000001
20
67.28498125
30
0
0
VERTEX
8
0
10
10.60359375
20
67.294853125
30
0
0
VERTEX
8
0
10
10.60366875
20
67.30354375
30
0
0
VERTEX
8
0
10
10.6045
20
67.31
30
0
0
VERTEX
8
0
10
10.6045
20
72.39
30
0
0
VERTEX
8
0
10
10.603896875
20
72.39540000000001
30
0
0
VERTEX
8
0
10
10.6040375
20
72.40081875
30
0
42
0.11143579834837763
0
VERTEX
8
0
10
10.587128125000001
20
72.454115625
30
0
0
VERTEX
8
0
10
10.582709375
20
72.459840625
30
0
0
VERTEX
8
0
10
10.577371875
20
72.46845312500001
30
0
0
VERTEX
8
0
10
10.571284375000001
20
72.474646875
30
0
0
VERTEX
8
0
10
10.567303125
20
72.479803125
30
0
0
VERTEX
8
0
10
9.017000000000001
20
74.03010625
30
0
0
VERTEX
8
0
10
9.017000000000001
20
77.86133125
30
0
0
VERTEX
8
0
10
9.075375000000001
20
77.87294375
30
0
42
0.3303552833504715
0
VERTEX
8
0
10
9.652000000000001
20
78.57556562500001
30
0
0
VERTEX
8
0
10
9.652000000000001
20
80.174434375
30
0
0
VERTEX
8
0
10
9.6446625
20
80.24894375000001
30
0
42
0.9063472543261978
0
VERTEX
8
0
10
8.128
20
80.174434375
30
0
0
VERTEX
8
0
10
8.128
20
78.57556562500001
30
0
0
VERTEX
8
0
10
8.1353375
20
78.50105625
30
0
42
0.30334643882340373
0
VERTEX
8
0
10
8.704625
20
77.87294375
30
0
0
VERTEX
8
0
10
8.763
20
77.86133125
30
0
0
VERTEX
8
0
10
8.763
20
73.9775
30
0
0
VERTEX
8
0
10
8.763603125000001
20
73.9721
30
0
0
VERTEX
8
0
10
8.763462500000001
20
73.96668125000001
30
0
42
0.11143579834837763
0
VERTEX
8
0
10
8.780371875
20
73.913384375
30
0
0
VERTEX
8
0
10
8.784790625000001
20
73.90765937500001
30
0
0
VERTEX
8
0
10
8.790128125
20
73.89904687500001
30
0
0
VERTEX
8
0
10
8.796215625
20
73.892853125
30
0
0
VERTEX
8
0
10
8.800196875000001
20
73.887696875
30
0
0
VERTEX
8
0
10
10.3505
20
72.33739375
30
0
0
VERTEX
8
0
10
10.3505
20
67.36260625
30
0
0
VERTEX
8
0
10
7.840828125000001
20
64.852934375
30
0
0
VERTEX
8
0
10
7.822646875
20
64.86343125
30
0
42
0.9999999999999999
0
VERTEX
8
0
10
7.417353125
20
64.04156875
30
0
0
VERTEX
8
0
10
7.472721875
20
64.018634375
30
0
42
0.09849124638466489
0
VERTEX
8
0
10
7.649965625
20
63.9953
30
0
0
SEQEND
0
POLYLINE
66
1
8
16_copper
10
0.0
20
0.0
30
0.0
70
1
0
VERTEX
8
0
10
9.614387500000001
20
54.795621875
30
0
42
0.9999999999999999
0
VERTEX
8
0
10
9.435612500000001
20
55.694378125
30
0
0
VERTEX
8
0
10
9.377721875
20
55.678865625
30
0
0
VERTEX
8
0
10
9.322353125000001
20
55.65593125
30
0
0
VERTEX
8
0
10
9.304171875
20
55.645434375
30
0
0
VERTEX
8
0
10
8.979803125
20
55.969803125000006
30
0
0
VERTEX
8
0
10
8.975553125000001
20
55.973200000000006
30
0
0
VERTEX
8
0
10
8.971825
20
55.977125
30
0
42
0.11143036570132879
0
VERTEX
8
0
10
8.922184375
20
56.002853125
30
0
0
VERTEX
8
0
10
8.91501875
20
56.003775000000005
30
0
0
VERTEX
8
0
10
8.905146875
20
56.006093750000005
30
0
0
VERTEX
8
0
10
8.89645625
20
56.00616875
30
0
0
VERTEX
8
0
10
8.89
20
56.007000000000005
30
0
0
VERTEX
8
0
10
8.752
20
56.007000000000005
30
0
0
VERTEX
8
0
10
8.752
20
56.305006250000005
30
0
0
VERTEX
8
0
10
7.202
20
56.305006250000005
30
0
0
VERTEX
8
0
10
7.202
20
55.705006250000004
30
0
0
VERTEX
8
0
10
8.752
20
55.705006250000004
30
0
0
VERTEX
8
0
10
8.752
20
55.753
30
0
0
VERTEX
8
0
10
8.83739375
20
55.753
30
0
0
VERTEX
8
0
10
9.124565625
20
55.465828125
30
0
0
VERTEX
8
0
10
9.114068750000001
20
55.447646875000004
30
0
42
0.5773483555559588
0
VERTEX
8
0
10
9.554965625000001
20
54.787800000000004
30
0
0
SEQEND
0
POLYLINE
66
1
8
1_copper
10
0.0
20
0.0
30
0.0
70
1
0
VERTEX
8
0
10
17.557865625
20
63.705000000000005
30
0
0
VERTEX
8
0
10
16.757865625
20
63.705000000000005
30
0
0
VERTEX
8
0
10
16.757865625
20
63.627
30
0
0
VERTEX
8
0
10
15.92760625
20
63.627
30
0
0
VERTEX
8
0
10
11.557
20
67.99760625
30
0
0
VERTEX
8
0
10
11.557
20
74.295
30
0
0
VERTEX
8
0
10
11.556396875
20
74.30040000000001
30
0
0
VERTEX
8
0
10
11.556537500000001
20
74.30581875
30
0
42
0.11143579834837763
0
VERTEX
8
0
10
11.539628125
20
74.359115625
30
0
0
VERTEX
8
0
10
11.535209375
20
74.364840625
30
0
0
VERTEX
8
0
10
11.529871875000001
20
74.373453125
30
0
0
VERTEX
8
0
10
11.523784375
20
74.379646875
30
0
0
VERTEX
8
0
10
11.519803125000001
20
74.384803125
30
0
0
VERTEX
8
0
10
7.112
20
78.79260625
30
0
0
VERTEX
8
0
10
7.112
20
80.174434375
30
0
0
VERTEX
8
0
10
7.104662500000001
20
80.24894375000001
30
0
42
0.9063472543261978
0
VERTEX
8
0
10
5.588
20
80.174434375
30
0
0
VERTEX
8
0
10
5.588
20
78.57556562500001
30
0
0
VERTEX
8
0
10
5.5953375
20
78.50105625
30
0
42
0.8206784156986096
0
VERTEX
8
0
10
7.09005625
20
78.427625
30
0
0
VERTEX
8
0
10
7.094653125000001
20
78.45074062500001
30
0
0
VERTEX
8
0
10
11.303
20
74.24239375
30
0
0
VERTEX
8
0
10
11.303
20
67.94500000000001
30
0
0
VERTEX
8
0
10
11.303603125
20
67.9396
30
0
0
VERTEX
8
0
10
11.3034625
20
67.93418125000001
30
0
42
0.11143579834837763
0
VERTEX
8
0
10
11.320371875000001
20
67.88088437500001
30
0
0
VERTEX
8
0
10
11.324790625
20
67.87515937500001
30
0
0
VERTEX
8
0
10
11.330128125
20
67.866546875
30
0
0
VERTEX
8
0
10
11.336215625000001
20
67.860353125
30
0
0
VERTEX
8
0
10
11.340196875
20
67.855196875
30
0
0
VERTEX
8
0
10
15.785196875
20
63.410196875000004
30
0
0
VERTEX
8
0
10
15.789446875000001
20
63.406800000000004
30
0
0
VERTEX
8
0
10
15.793175000000002
20
63.402875
30
0
42
0.11143036570132879
0
VERTEX
8
0
10
15.842815625
20
63.377146875
30
0
0
VERTEX
8
0
10
15.84998125
20
63.376225000000005
30
0
0
VERTEX
8
0
10
15.859853125
20
63.373906250000005
30
0
0
VERTEX
8
0
10
15.86854375
20
63.37383125
30
0
0
VERTEX
8
0
10
15.875
20
63.373000000000005
30
0
0
VERTEX
8
0
10
16.757865625
20
63.373000000000005
30
0
0
VERTEX
8
0
10
16.757865625
20
63.305
30
0
0
VERTEX
8
0
10
17.557865625
20
63.305
30
0
0
SEQEND
0
POLYLINE
66
1
8
16_copper
10
0.0
20
0.0
30
0.0
70
1
0
VERTEX
8
0
10
8.752
20
55.305006250000005
30
0
0
VERTEX
8
0
10
7.202
20
55.305006250000005
30
0
0
VERTEX
8
0
10
7.202
20
55.054500000000004
30
0
0
VERTEX
8
0
10
6.720106250000001
20
55.054500000000004
30
0
0
VERTEX
8
0
10
6.477
20
55.29760625
30
0
0
VERTEX
8
0
10
6.477
20
68.58
30
0
0
VERTEX
8
0
10
6.476396875000001
20
68.5854
30
0
0
VERTEX
8
0
10
6.4765375
20
68.59081875
30
0
42
0.11143579834837763
0
VERTEX
8
0
10
6.459628125
20
68.644115625
30
0
0
VERTEX
8
0
10
6.455209375
20
68.64984062500001
30
0
0
VERTEX
8
0
10
6.449871875
20
68.65845312500001
30
0
0
VERTEX
8
0
10
6.443784375
20
68.664646875
30
0
0
VERTEX
8
0
10
6.439803125
20
68.669803125
30
0
0
VERTEX
8
0
10
5.207
20
69.90260625
30
0
0
VERTEX
8
0
10
5.207
20
78.05239375000001
30
0
0
VERTEX
8
0
10
5.605346875
20
78.45074062500001
30
0
0
VERTEX
8
0
10
5.60994375
20
78.427625
30
0
42
0.8626057844535404
0
VERTEX
8
0
10
7.112
20
78.57556562500001
30
0
0
VERTEX
8
0
10
7.112
20
80.174434375
30
0
0
VERTEX
8
0
10
7.104662500000001
20
80.24894375000001
30
0
42
0.9063472543261978
0
VERTEX
8
0
10
5.588
20
80.174434375
30
0
0
VERTEX
8
0
10
5.588
20
78.79260625
30
0
0
VERTEX
8
0
10
4.9901968750000005
20
78.194803125
30
0
0
VERTEX
8
0
10
4.986800000000001
20
78.19055312500001
30
0
0
VERTEX
8
0
10
4.982875
20
78.186825
30
0
42
0.11143036570132879
0
VERTEX
8
0
10
4.957146875
20
78.137184375
30
0
0
VERTEX
8
0
10
4.956225
20
78.13001875
30
0
0
VERTEX
8
0
10
4.95390625
20
78.120146875
30
0
0
VERTEX
8
0
10
4.95383125
20
78.11145625
30
0
0
VERTEX
8
0
10
4.953
20
78.105
30
0
0
VERTEX
8
0
10
4.953
20
69.85000000000001
30
0
0
VERTEX
8
0
10
4.953603125
20
69.8446
30
0
0
VERTEX
8
0
10
4.9534625000000005
20
69.83918125000001
30
0
42
0.11143579834837763
0
VERTEX
8
0
10
4.9703718750000005
20
69.78588437500001
30
0
0
VERTEX
8
0
10
4.974790625
20
69.780159375
30
0
0
VERTEX
8
0
10
4.980128125
20
69.771546875
30
0
0
VERTEX
8
0
10
4.986215625
20
69.765353125
30
0
0
VERTEX
8
0
10
4.9901968750000005
20
69.760196875
30
0
0
VERTEX
8
0
10
6.223
20
68.52739375
30
0
0
VERTEX
8
0
10
6.223
20
55.245000000000005
30
0
0
VERTEX
8
0
10
6.223603125
20
55.2396
30
0
0
VERTEX
8
0
10
6.2234625
20
55.234181250000006
30
0
42
0.11143579834837763
0
VERTEX
8
0
10
6.240371875
20
55.180884375000005
30
0
0
VERTEX
8
0
10
6.244790625
20
55.175159375
30
0
0
VERTEX
8
0
10
6.250128125000001
20
55.166546875
30
0
0
VERTEX
8
0
10
6.256215625
20
55.160353125
30
0
0
VERTEX
8
0
10
6.260196875
20
55.155196875
30
0
0
VERTEX
8
0
10
6.577696875
20
54.837696875000006
30
0
0
VERTEX
8
0
10
6.581946875000001
20
54.834300000000006
30
0
0
VERTEX
8
0
10
6.585675
20
54.830375000000004
30
0
42
0.11143036570132879
0
VERTEX
8
0
10
6.6353156250000005
20
54.804646875
30
0
0
VERTEX
8
0
10
6.64248125
20
54.803725
30
0
0
VERTEX
8
0
10
6.652353125
20
54.80140625
30
0
0
VERTEX
8
0
10
6.66104375
20
54.801331250000004
30
0
0
VERTEX
8
0
10
6.6675
20
54.8005
30
0
0
VERTEX
8
0
10
7.202
20
54.8005
30
0
0
VERTEX
8
0
10
7.202
20
54.705006250000004
30
0
0
VERTEX
8
0
10
8.752
20
54.705006250000004
30
0
0
SEQEND
0
POLYLINE
66
1
8
1_copper
10
0.0
20
0.0
30
0.0
70
1
0
VERTEX
8
0
10
12.471887500000001
20
60.510621875000005
30
0
42
0.49314379320709684
0
VERTEX
8
0
10
12.793431250000001
20
61.162646875
30
0
0
VERTEX
8
0
10
12.782934375
20
61.180828125000005
30
0
0
VERTEX
8
0
10
14.02260625
20
62.420500000000004
30
0
0
VERTEX
8
0
10
17.145
20
62.420500000000004
30
0
0
VERTEX
8
0
10
17.1528
20
62.421368750000006
30
0
0
VERTEX
8
0
10
17.160621875
20
62.421465625
30
0
42
0.2837956321384096
0
VERTEX
8
0
10
17.264621875
20
62.505
30
0
0
VERTEX
8
0
10
17.557865625
20
62.505
30
0
0
VERTEX
8
0
10
17.557865625
20
62.905
30
0
0
VERTEX
8
0
10
16.757865625
20
62.905
30
0
0
VERTEX
8
0
10
16.757865625
20
62.6745
30
0
0
VERTEX
8
0
10
13.97
20
62.6745
30
0
0
VERTEX
8
0
10
13.9646
20
62.673896875000004
30
0
0
VERTEX
8
0
10
13.95918125
20
62.674037500000004
30
0
42
0.11143579834837763
0
VERTEX
8
0
10
13.905884375000001
20
62.657128125
30
0
0
VERTEX
8
0
10
13.900159375000001
20
62.652709375
30
0
0
VERTEX
8
0
10
13.891546875000001
20
62.647371875000005
30
0
0
VERTEX
8
0
10
13.885353125
20
62.641284375000005
30
0
0
VERTEX
8
0
10
13.880196875000001
20
62.637303125
30
0
0
VERTEX
8
0
10
12.603328125
20
61.360434375000004
30
0
0
VERTEX
8
0
10
12.585146875000001
20
61.370931250000005
30
0
42
0.9999999999999999
0
VERTEX
8
0
10
12.179853125000001
20
60.54906875
30
0
0
VERTEX
8
0
10
12.235221875
20
60.526134375000005
30
0
42
0.09849124638466489
0
VERTEX
8
0
10
12.412465625000001
20
60.5028
30
0
0
SEQEND
0
POLYLINE
66
1
8
16_copper
10
0.0
20
0.0
30
0.0
70
1
0
VERTEX
8
0
10
8.752
20
57.975500000000004
30
0
0
VERTEX
8
0
10
9.525
20
57.975500000000004
30
0
0
VERTEX
8
0
10
9.5304
20
57.976103125
30
0
0
VERTEX
8
0
10
9.53581875
20
57.9759625
30
0
42
0.11143579834837763
0
VERTEX
8
0
10
9.589115625
20
57.992871875000006
30
0
0
VERTEX
8
0
10
9.594840625
20
57.997290625000005
30
0
0
VERTEX
8
0
10
9.603453125
20
58.002628125
30
0
0
VERTEX
8
0
10
9.609646875000001
20
58.008715625
30
0
0
VERTEX
8
0
10
9.614803125
20
58.012696875
30
0
0
VERTEX
8
0
10
12.161671875000001
20
60.559565625000005
30
0
0
VERTEX
8
0
10
12.179853125000001
20
60.54906875
30
0
42
0.9999999999999999
0
VERTEX
8
0
10
12.585146875000001
20
61.370931250000005
30
0
0
VERTEX
8
0
10
12.529778125
20
61.393865625000004
30
0
42
0.6681776698967844
0
VERTEX
8
0
10
11.971568750000001
20
60.757353125
30
0
0
VERTEX
8
0
10
11.982065625
20
60.739171875000004
30
0
0
VERTEX
8
0
10
9.47239375
20
58.2295
30
0
0
VERTEX
8
0
10
8.752
20
58.2295
30
0
0
VERTEX
8
0
10
8.752
20
58.305006250000005
30
0
0
VERTEX
8
0
10
7.202
20
58.305006250000005
30
0
0
VERTEX
8
0
10
7.202
20
57.705006250000004
30
0
0
VERTEX
8
0
10
8.752
20
57.705006250000004
30
0
0
SEQEND
0
POLYLINE
66
1
8
1_copper
10
0.0
20
0.0
30
0.0
70
1
0
VERTEX
8
0
10
11.54194375
20
77.8583375
30
0
42
0.3578057741447831
0
VERTEX
8
0
10
12.192
20
78.57556562500001
30
0
0
VERTEX
8
0
10
12.192
20
80.174434375
30
0
0
VERTEX
8
0
10
12.1846625
20
80.24894375000001
30
0
42
0.9063472543261978
0
VERTEX
8
0
10
10.668000000000001
20
80.174434375
30
0
0
VERTEX
8
0
10
10.668000000000001
20
78.57556562500001
30
0
0
VERTEX
8
0
10
10.675337500000001
20
78.50105625
30
0
42
0.38574240611503685
0
VERTEX
8
0
10
11.467434375
20
77.851
30
0
0
SEQEND
0
POLYLINE
66
1
8
1_copper
10
0.0
20
0.0
30
0.0
70
1
0
VERTEX
8
0
10
23.257865625
20
58.205000000000005
30
0
0
VERTEX
8
0
10
22.987000000000002
20
58.205000000000005
30
0
0
VERTEX
8
0
10
22.987000000000002
20
58.42
30
0
0
VERTEX
8
0
10
22.986396875
20
58.4254
30
0
0
VERTEX
8
0
10
22.9865375
20
58.43081875
30
0
42
0.11143579834837763
0
VERTEX
8
0
10
22.969628125
20
58.484115625
30
0
0
VERTEX
8
0
10
22.965209375
20
58.489840625
30
0
0
VERTEX
8
0
10
22.959871875
20
58.498453125000005
30
0
0
VERTEX
8
0
10
22.953784375
20
58.504646875000006
30
0
0
VERTEX
8
0
10
22.949803125000003
20
58.509803125000005
30
0
0
VERTEX
8
0
10
21.997303125000002
20
59.462303125000005
30
0
0
VERTEX
8
0
10
21.993053125
20
59.465700000000005
30
0
0
VERTEX
8
0
10
21.989325
20
59.469625
30
0
42
0.11143036570132879
0
VERTEX
8
0
10
21.939684375000002
20
59.495353125
30
0
0
VERTEX
8
0
10
21.93251875
20
59.496275000000004
30
0
0
VERTEX
8
0
10
21.922646875
20
59.498593750000005
30
0
0
VERTEX
8
0
10
21.913956250000002
20
59.49866875
30
0
0
VERTEX
8
0
10
21.907500000000002
20
59.499500000000005
30
0
0
VERTEX
8
0
10
20.37260625
20
59.499500000000005
30
0
0
VERTEX
8
0
10
18.542
20
61.33010625
30
0
0
VERTEX
8
0
10
18.542
20
65.9182
30
0
0
VERTEX
8
0
10
18.562278125000002
20
65.923634375
30
0
42
0.9999999999999999
0
VERTEX
8
0
10
18.267721875
20
66.791365625
30
0
0
VERTEX
8
0
10
18.212353125
20
66.76843125
30
0
42
0.6681796059426791
0
VERTEX
8
0
10
18.267721875
20
65.923634375
30
0
0
VERTEX
8
0
10
18.288
20
65.9182
30
0
0
VERTEX
8
0
10
18.288
20
61.2775
30
0
0
VERTEX
8
0
10
18.288603125
20
61.2721
30
0
0
VERTEX
8
0
10
18.2884625
20
61.266681250000005
30
0
42
0.11143579834837763
0
VERTEX
8
0
10
18.305371875000002
20
61.213384375000004
30
0
0
VERTEX
8
0
10
18.309790625
20
61.207659375000006
30
0
0
VERTEX
8
0
10
18.315128125
20
61.199046875
30
0
0
VERTEX
8
0
10
18.321215625
20
61.192853125000006
30
0
0
VERTEX
8
0
10
18.325196875
20
61.187696875
30
0
0
VERTEX
8
0
10
20.230196875
20
59.282696875000006
30
0
0
VERTEX
8
0
10
20.234446875
20
59.279300000000006
30
0
0
VERTEX
8
0
10
20.238175000000002
20
59.275375000000004
30
0
42
0.11143036570132879
0
VERTEX
8
0
10
20.287815625
20
59.249646875
30
0
0
VERTEX
8
0
10
20.29498125
20
59.248725
30
0
0
VERTEX
8
0
10
20.304853125
20
59.24640625
30
0
0
VERTEX
8
0
10
20.31354375
20
59.246331250000004
30
0
0
VERTEX
8
0
10
20.32
20
59.2455
30
0
0
VERTEX
8
0
10
21.854893750000002
20
59.2455
30
0
0
VERTEX
8
0
10
22.733
20
58.367393750000005
30
0
0
VERTEX
8
0
10
22.733
20
58.102500000000006
30
0
0
VERTEX
8
0
10
22.733765625
20
58.095631250000004
30
0
42
0.08148453325650017
0
VERTEX
8
0
10
22.7426375
20
58.05568125
30
0
0
VERTEX
8
0
10
22.745309375
20
58.047956250000006
30
0
0
VERTEX
8
0
10
22.75095
20
58.03885625
30
0
0
VERTEX
8
0
10
22.754253125
20
58.032168750000004
30
0
0
VERTEX
8
0
10
22.857865625000002
20
57.87638125
30
0
0
VERTEX
8
0
10
22.857865625000002
20
57.405
30
0
0
VERTEX
8
0
10
23.257865625
20
57.405
30
0
0
SEQEND
0
POLYLINE
66
1
8
16_copper
10
0.0
20
0.0
30
0.0
70
1
0
VERTEX
8
0
10
16.913053125
20
68.0382
30
0
0
VERTEX
8
0
10
16.909325
20
68.042125
30
0
42
0.11143036570132879
0
VERTEX
8
0
10
16.859684375
20
68.067853125
30
0
0
VERTEX
8
0
10
16.85251875
20
68.068775
30
0
0
VERTEX
8
0
10
16.842646875
20
68.07109375
30
0
0
VERTEX
8
0
10
16.83395625
20
68.07116875
30
0
0
VERTEX
8
0
10
16.8275
20
68.072
30
0
0
VERTEX
8
0
10
16.56260625
20
68.072
30
0
0
VERTEX
8
0
10
11.557
20
73.07760625
30
0
0
VERTEX
8
0
10
11.557
20
77.86133125
30
0
0
VERTEX
8
0
10
11.615375
20
77.87294375
30
0
42
0.3303552833504715
0
VERTEX
8
0
10
12.192
20
78.57556562500001
30
0
0
VERTEX
8
0
10
12.192
20
80.174434375
30
0
0
VERTEX
8
0
10
12.1846625
20
80.24894375000001
30
0
42
0.9063472543261978
0
VERTEX
8
0
10
10.668000000000001
20
80.174434375
30
0
0
VERTEX
8
0
10
10.668000000000001
20
78.57556562500001
30
0
0
VERTEX
8
0
10
10.675337500000001
20
78.50105625
30
0
42
0.30334643882340373
0
VERTEX
8
0
10
11.244625000000001
20
77.87294375
30
0
0
VERTEX
8
0
10
11.303
20
77.86133125
30
0
0
VERTEX
8
0
10
11.303
20
73.025
30
0
0
VERTEX
8
0
10
11.303603125
20
73.0196
30
0
0
VERTEX
8
0
10
11.3034625
20
73.01418125000001
30
0
42
0.11143579834837763
0
VERTEX
8
0
10
11.320371875000001
20
72.960884375
30
0
0
VERTEX
8
0
10
11.324790625
20
72.95515937500001
30
0
0
VERTEX
8
0
10
11.330128125
20
72.94654687500001
30
0
0
VERTEX
8
0
10
11.336215625000001
20
72.940353125
30
0
0
VERTEX
8
0
10
11.340196875
20
72.935196875
30
0
0
VERTEX
8
0
10
16.420196875000002
20
67.855196875
30
0
0
VERTEX
8
0
10
16.424446875
20
67.8518
30
0
0
VERTEX
8
0
10
16.428175
20
67.847875
30
0
42
0.11143036570132879
0
VERTEX
8
0
10
16.477815625
20
67.822146875
30
0
0
VERTEX
8
0
10
16.48498125
20
67.821225
30
0
0
VERTEX
8
0
10
16.494853125000002
20
67.81890625
30
0
0
VERTEX
8
0
10
16.503543750000002
20
67.81883125
30
0
0
VERTEX
8
0
10
16.51
20
67.818
30
0
0
VERTEX
8
0
10
16.77489375
20
67.818
30
0
0
VERTEX
8
0
10
17.28289375
20
67.31
30
0
0
VERTEX
8
0
10
15.150196875
20
65.17730312500001
30
0
0
VERTEX
8
0
10
15.1468
20
65.17305312500001
30
0
0
VERTEX
8
0
10
15.142875
20
65.169325
30
0
42
0.11143036570132879
0
VERTEX
8
0
10
15.117146875000001
20
65.119684375
30
0
0
VERTEX
8
0
10
15.116225
20
65.11251875
30
0
0
VERTEX
8
0
10
15.113906250000001
20
65.102646875
30
0
0
VERTEX
8
0
10
15.11383125
20
65.09395625
30
0
0
VERTEX
8
0
10
15.113000000000001
20
65.0875
30
0
0
VERTEX
8
0
10
15.113000000000001
20
62.60010625
30
0
0
VERTEX
8
0
10
9.789893750000001
20
57.277
30
0
0
VERTEX
8
0
10
8.752
20
57.277
30
0
0
VERTEX
8
0
10
8.752
20
57.305006250000005
30
0
0
VERTEX
8
0
10
7.202
20
57.305006250000005
30
0
0
VERTEX
8
0
10
7.202
20
56.705006250000004
30
0
0
VERTEX
8
0
10
8.752
20
56.705006250000004
30
0
0
VERTEX
8
0
10
8.752
20
57.023
30
0
0
VERTEX
8
0
10
9.842500000000001
20
57.023
30
0
0
VERTEX
8
0
10
9.847900000000001
20
57.023603125
30
0
0
VERTEX
8
0
10
9.85331875
20
57.0234625
30
0
42
0.11143579834837763
0
VERTEX
8
0
10
9.906615625
20
57.040371875000005
30
0
0
VERTEX
8
0
10
9.912340625
20
57.044790625000005
30
0
0
VERTEX
8
0
10
9.920953125
20
57.050128125
30
0
0
VERTEX
8
0
10
9.927146875
20
57.056215625
30
0
0
VERTEX
8
0
10
9.932303125
20
57.060196875
30
0
0
VERTEX
8
0
10
15.329803125000002
20
62.457696875
30
0
0
VERTEX
8
0
10
15.333200000000001
20
62.461946875
30
0
0
VERTEX
8
0
10
15.337125
20
62.465675000000005
30
0
42
0.11143036570132879
0
VERTEX
8
0
10
15.362853125
20
62.515315625
30
0
0
VERTEX
8
0
10
15.363775
20
62.522481250000006
30
0
0
VERTEX
8
0
10
15.366093750000001
20
62.532353125
30
0
0
VERTEX
8
0
10
15.36616875
20
62.54104375
30
0
0
VERTEX
8
0
10
15.367
20
62.54750000000001
30
0
0
VERTEX
8
0
10
15.367
20
65.03489375000001
30
0
0
VERTEX
8
0
10
17.462500000000002
20
67.13039375000001
30
0
0
VERTEX
8
0
10
18.014565625
20
66.578328125
30
0
0
VERTEX
8
0
10
18.004068750000002
20
66.560146875
30
0
42
0.9999999999999999
0
VERTEX
8
0
10
18.82593125
20
66.154853125
30
0
0
VERTEX
8
0
10
18.848865625000002
20
66.210221875
30
0
42
0.6681776698967844
0
VERTEX
8
0
10
18.212353125
20
66.76843125
30
0
0
VERTEX
8
0
10
18.194171875000002
20
66.757934375
30
0
0
VERTEX
8
0
10
16.917303125
20
68.034803125
30
0
0
SEQEND
0
POLYLINE
66
1
8
1_copper
10
0.0
20
0.0
30
0.0
70
1
0
VERTEX
8
0
10
41.3004
20
21.95145625
30
0
0
VERTEX
8
0
10
41.3004
20
22.49854375
30
0
0
VERTEX
8
0
10
41.196775
20
22.60216875
30
0
0
VERTEX
8
0
10
41.999803125
20
23.405196875
30
0
0
VERTEX
8
0
10
42.0032
20
23.409446875
30
0
0
VERTEX
8
0
10
42.007125
20
23.413175000000003
30
0
42
0.11143036570132879
0
VERTEX
8
0
10
42.032853125
20
23.462815625
30
0
0
VERTEX
8
0
10
42.033775
20
23.46998125
30
0
0
VERTEX
8
0
10
42.03609375
20
23.479853125
30
0
0
VERTEX
8
0
10
42.03616875
20
23.48854375
30
0
0
VERTEX
8
0
10
42.037
20
23.495
30
0
0
VERTEX
8
0
10
42.037
20
28.892500000000002
30
0
0
VERTEX
8
0
10
42.036396875
20
28.8979
30
0
0
VERTEX
8
0
10
42.0365375
20
28.90331875
30
0
42
0.11143579834837763
0
VERTEX
8
0
10
42.019628125000004
20
28.956615625
30
0
0
VERTEX
8
0
10
42.015209375000005
20
28.962340625000003
30
0
0
VERTEX
8
0
10
42.009871875
20
28.970953125
30
0
0
VERTEX
8
0
10
42.003784375
20
28.977146875000003
30
0
0
VERTEX
8
0
10
41.999803125
20
28.982303125
30
0
0
VERTEX
8
0
10
41.402
20
29.58010625
30
0
0
VERTEX
8
0
10
41.402
20
42.545
30
0
0
VERTEX
8
0
10
41.401396875
20
42.5504
30
0
0
VERTEX
8
0
10
41.4015375
20
42.55581875
30
0
42
0.11143579834837763
0
VERTEX
8
0
10
41.384628125
20
42.609115625
30
0
0
VERTEX
8
0
10
41.380209375
20
42.614840625
30
0
0
VERTEX
8
0
10
41.374871875000004
20
42.623453125000005
30
0
0
VERTEX
8
0
10
41.368784375000004
20
42.629646875
30
0
0
VERTEX
8
0
10
41.364803125
20
42.634803125000005
30
0
0
VERTEX
8
0
10
27.1145
20
56.88510625
30
0
0
VERTEX
8
0
10
27.1145
20
57.405
30
0
0
VERTEX
8
0
10
27.257865625
20
57.405
30
0
0
VERTEX
8
0
10
27.257865625
20
58.205000000000005
30
0
0
VERTEX
8
0
10
26.857865625000002
20
58.205000000000005
30
0
0
VERTEX
8
0
10
26.857865625000002
20
57.405
30
0
0
VERTEX
8
0
10
26.860500000000002
20
57.405
30
0
0
VERTEX
8
0
10
26.860500000000002
20
56.8325
30
0
0
VERTEX
8
0
10
26.861103125
20
56.8271
30
0
0
VERTEX
8
0
10
26.860962500000003
20
56.821681250000005
30
0
42
0.11143579834837763
0
VERTEX
8
0
10
26.877871875
20
56.768384375000004
30
0
0
VERTEX
8
0
10
26.882290625
20
56.762659375000005
30
0
0
VERTEX
8
0
10
26.887628125000003
20
56.754046875
30
0
0
VERTEX
8
0
10
26.893715625000002
20
56.747853125000006
30
0
0
VERTEX
8
0
10
26.897696875
20
56.742696875
30
0
0
VERTEX
8
0
10
41.148
20
42.492393750000005
30
0
0
VERTEX
8
0
10
41.148
20
29.5275
30
0
0
VERTEX
8
0
10
41.148603125
20
29.522100000000002
30
0
0
VERTEX
8
0
10
41.1484625
20
29.51668125
30
0
42
0.11143579834837763
0
VERTEX
8
0
10
41.165371875000005
20
29.463384375
30
0
0
VERTEX
8
0
10
41.169790625000005
20
29.457659375000002
30
0
0
VERTEX
8
0
10
41.175128125
20
29.449046875
30
0
0
VERTEX
8
0
10
41.181215625
20
29.442853125000003
30
0
0
VERTEX
8
0
10
41.185196875
20
29.437696875
30
0
0
VERTEX
8
0
10
41.783
20
28.83989375
30
0
0
VERTEX
8
0
10
41.783
20
23.54760625
30
0
0
VERTEX
8
0
10
41.01716875
20
22.781775
30
0
0
VERTEX
8
0
10
40.91354375
20
22.8854
30
0
0
VERTEX
8
0
10
40.36645625
20
22.8854
30
0
0
VERTEX
8
0
10
39.979600000000005
20
22.49854375
30
0
0
VERTEX
8
0
10
39.979600000000005
20
21.95145625
30
0
0
VERTEX
8
0
10
40.36645625
20
21.564600000000002
30
0
0
VERTEX
8
0
10
40.91354375
20
21.564600000000002
30
0
0
SEQEND
0
POLYLINE
66
1
8
16_copper
10
0.0
20
0.0
30
0.0
70
1
0
VERTEX
8
0
10
41.3004
20
21.95145625
30
0
0
VERTEX
8
0
10
41.3004
20
22.49854375
30
0
0
VERTEX
8
0
10
40.91354375
20
22.8854
30
0
0
VERTEX
8
0
10
40.36645625
20
22.8854
30
0
0
VERTEX
8
0
10
39.979600000000005
20
22.49854375
30
0
0
VERTEX
8
0
10
39.979600000000005
20
21.95145625
30
0
0
VERTEX
8
0
10
40.36645625
20
21.564600000000002
30
0
0
VERTEX
8
0
10
40.91354375
20
21.564600000000002
30
0
0
SEQEND
0
POLYLINE
66
1
8
1_copper
10
0.0
20
0.0
30
0.0
70
1
0
VERTEX
8
0
10
21.9968875
20
53.208121875
30
0
42
0.49314379320709684
0
VERTEX
8
0
10
22.31843125
20
53.860146875000005
30
0
0
VERTEX
8
0
10
22.307934375000002
20
53.878328125
30
0
0
VERTEX
8
0
10
24.854803125
20
56.425196875000005
30
0
0
VERTEX
8
0
10
24.8582
20
56.429446875000004
30
0
0
VERTEX
8
0
10
24.862125000000002
20
56.433175000000006
30
0
42
0.11143036570132879
0
VERTEX
8
0
10
24.887853125
20
56.482815625
30
0
0
VERTEX
8
0
10
24.888775000000003
20
56.48998125
30
0
0
VERTEX
8
0
10
24.89109375
20
56.499853125
30
0
0
VERTEX
8
0
10
24.891168750000002
20
56.50854375
30
0
0
VERTEX
8
0
10
24.892
20
56.515
30
0
0
VERTEX
8
0
10
24.892
20
57.785000000000004
30
0
0
VERTEX
8
0
10
24.89185625
20
57.78628125
30
0
0
VERTEX
8
0
10
24.891975000000002
20
57.787575000000004
30
0
42
0.16801751473656157
0
VERTEX
8
0
10
24.863259375000002
20
57.865459375
30
0
0
VERTEX
8
0
10
24.857865625000002
20
57.870728125
30
0
0
VERTEX
8
0
10
24.857865625000002
20
58.205000000000005
30
0
0
VERTEX
8
0
10
24.457865625
20
58.205000000000005
30
0
0
VERTEX
8
0
10
24.457865625
20
57.405
30
0
0
VERTEX
8
0
10
24.638
20
57.405
30
0
0
VERTEX
8
0
10
24.638
20
56.567606250000004
30
0
0
VERTEX
8
0
10
22.128328125
20
54.057934375
30
0
0
VERTEX
8
0
10
22.110146875
20
54.06843125
30
0
42
0.9999999999999999
0
VERTEX
8
0
10
21.704853125
20
53.24656875
30
0
0
VERTEX
8
0
10
21.760221875000003
20
53.223634375
30
0
42
0.09849124638466489
0
VERTEX
8
0
10
21.937465625
20
53.200300000000006
30
0
0
SEQEND
0
POLYLINE
66
1
8
1_copper
10
0.0
20
0.0
30
0.0
70
1
0
VERTEX
8
0
10
41.3004
20
28.30145625
30
0
0
VERTEX
8
0
10
41.3004
20
28.84854375
30
0
0
VERTEX
8
0
10
40.91354375
20
29.235400000000002
30
0
0
VERTEX
8
0
10
40.767
20
29.235400000000002
30
0
0
VERTEX
8
0
10
40.767
20
33.972500000000004
30
0
0
VERTEX
8
0
10
40.766396875000005
20
33.9779
30
0
0
VERTEX
8
0
10
40.766537500000005
20
33.98331875
30
0
42
0.11143579834837763
0
VERTEX
8
0
10
40.749628125
20
34.036615625
30
0
0
VERTEX
8
0
10
40.745209375
20
34.042340625
30
0
0
VERTEX
8
0
10
40.739871875
20
34.050953125
30
0
0
VERTEX
8
0
10
40.733784375
20
34.057146875
30
0
0
VERTEX
8
0
10
40.729803125000004
20
34.062303125
30
0
0
VERTEX
8
0
10
23.939500000000002
20
50.85260625
30
0
0
VERTEX
8
0
10
23.939500000000002
20
51.3132
30
0
0
VERTEX
8
0
10
23.959778125
20
51.318634375
30
0
42
0.9999999999999999
0
VERTEX
8
0
10
23.665221875
20
52.186365625
30
0
0
VERTEX
8
0
10
23.609853125
20
52.16343125
30
0
42
0.6681796059426791
0
VERTEX
8
0
10
23.665221875
20
51.318634375
30
0
0
VERTEX
8
0
10
23.6855
20
51.3132
30
0
0
VERTEX
8
0
10
23.6855
20
50.800000000000004
30
0
0
VERTEX
8
0
10
23.686103125000002
20
50.7946
30
0
0
VERTEX
8
0
10
23.685962500000002
20
50.789181250000006
30
0
42
0.11143579834837763
0
VERTEX
8
0
10
23.702871875
20
50.735884375000005
30
0
0
VERTEX
8
0
10
23.707290625000002
20
50.730159375
30
0
0
VERTEX
8
0
10
23.712628125000002
20
50.721546875
30
0
0
VERTEX
8
0
10
23.718715625
20
50.715353125
30
0
0
VERTEX
8
0
10
23.722696875
20
50.710196875
30
0
0
VERTEX
8
0
10
40.513000000000005
20
33.91989375
30
0
0
VERTEX
8
0
10
40.513000000000005
20
29.235400000000002
30
0
0
VERTEX
8
0
10
40.36645625
20
29.235400000000002
30
0
0
VERTEX
8
0
10
39.979600000000005
20
28.84854375
30
0
0
VERTEX
8
0
10
39.979600000000005
20
28.30145625
30
0
0
VERTEX
8
0
10
40.36645625
20
27.9146
30
0
0
VERTEX
8
0
10
40.91354375
20
27.9146
30
0
0
SEQEND
0
POLYLINE
66
1
8
16_copper
10
0.0
20
0.0
30
0.0
70
1
0
VERTEX
8
0
10
23.9018875
20
51.303121875
30
0
42
0.9999999999999999
0
VERTEX
8
0
10
23.723112500000003
20
52.201878125
30
0
0
VERTEX
8
0
10
23.665221875
20
52.186365625
30
0
0
VERTEX
8
0
10
23.609853125
20
52.16343125
30
0
0
VERTEX
8
0
10
23.591671875
20
52.152934375
30
0
0
VERTEX
8
0
10
22.307934375000002
20
53.436671875
30
0
0
VERTEX
8
0
10
22.31843125
20
53.454853125
30
0
42
0.9999999999999999
0
VERTEX
8
0
10
21.49656875
20
53.860146875000005
30
0
0
VERTEX
8
0
10
21.473634375
20
53.804778125000006
30
0
42
0.6681776698967844
0
VERTEX
8
0
10
22.110146875
20
53.24656875
30
0
0
VERTEX
8
0
10
22.128328125
20
53.257065625
30
0
0
VERTEX
8
0
10
23.412065625
20
51.973328125
30
0
0
VERTEX
8
0
10
23.401568750000003
20
51.955146875000004
30
0
42
0.5773483555559588
0
VERTEX
8
0
10
23.842465625000003
20
51.295300000000005
30
0
0
SEQEND
0
POLYLINE
66
1
8
16_copper
10
0.0
20
0.0
30
0.0
70
1
0
VERTEX
8
0
10
41.3004
20
28.30145625
30
0
0
VERTEX
8
0
10
41.3004
20
28.84854375
30
0
0
VERTEX
8
0
10
40.91354375
20
29.235400000000002
30
0
0
VERTEX
8
0
10
40.36645625
20
29.235400000000002
30
0
0
VERTEX
8
0
10
39.979600000000005
20
28.84854375
30
0
0
VERTEX
8
0
10
39.979600000000005
20
28.30145625
30
0
0
VERTEX
8
0
10
40.36645625
20
27.9146
30
0
0
VERTEX
8
0
10
40.91354375
20
27.9146
30
0
0
SEQEND
0
POLYLINE
66
1
8
1_copper
10
0.0
20
0.0
30
0.0
70
1
0
VERTEX
8
0
10
21.044387500000003
20
52.255621875
30
0
42
0.7673259645146402
0
VERTEX
8
0
10
21.102278125
20
53.138865625
30
0
0
VERTEX
8
0
10
21.082
20
53.1443
30
0
0
VERTEX
8
0
10
21.082
20
53.922393750000005
30
0
0
VERTEX
8
0
10
23.902303125
20
56.742696875
30
0
0
VERTEX
8
0
10
23.9057
20
56.746946875000006
30
0
0
VERTEX
8
0
10
23.909625000000002
20
56.750675
30
0
42
0.11143036570132879
0
VERTEX
8
0
10
23.935353125000002
20
56.800315625
30
0
0
VERTEX
8
0
10
23.936275000000002
20
56.80748125
30
0
0
VERTEX
8
0
10
23.938593750000003
20
56.817353125000004
30
0
0
VERTEX
8
0
10
23.93866875
20
56.826043750000004
30
0
0
VERTEX
8
0
10
23.939500000000002
20
56.8325
30
0
0
VERTEX
8
0
10
23.939500000000002
20
57.405
30
0
0
VERTEX
8
0
10
24.057865625
20
57.405
30
0
0
VERTEX
8
0
10
24.057865625
20
58.205000000000005
30
0
0
VERTEX
8
0
10
23.657865625
20
58.205000000000005
30
0
0
VERTEX
8
0
10
23.657865625
20
57.405
30
0
0
VERTEX
8
0
10
23.6855
20
57.405
30
0
0
VERTEX
8
0
10
23.6855
20
56.88510625
30
0
0
VERTEX
8
0
10
20.865196875000002
20
54.064803125000005
30
0
0
VERTEX
8
0
10
20.861800000000002
20
54.060553125000006
30
0
0
VERTEX
8
0
10
20.857875
20
54.056825
30
0
42
0.11143036570132879
0
VERTEX
8
0
10
20.832146875
20
54.007184375
30
0
0
VERTEX
8
0
10
20.831225
20
54.00001875
30
0
0
VERTEX
8
0
10
20.82890625
20
53.990146875
30
0
0
VERTEX
8
0
10
20.82883125
20
53.98145625
30
0
0
VERTEX
8
0
10
20.828
20
53.975
30
0
0
VERTEX
8
0
10
20.828
20
53.1443
30
0
0
VERTEX
8
0
10
20.807721875000002
20
53.138865625
30
0
42
0.8769751078869934
0
VERTEX
8
0
10
20.984965625
20
52.247800000000005
30
0
0
SEQEND
0
POLYLINE
66
1
8
1_copper
10
0.0
20
0.0
30
0.0
70
1
0
VERTEX
8
0
10
41.3004
20
15.60145625
30
0
0
VERTEX
8
0
10
41.3004
20
16.14854375
30
0
0
VERTEX
8
0
10
40.91354375
20
16.5354
30
0
0
VERTEX
8
0
10
40.36645625
20
16.5354
30
0
0
VERTEX
8
0
10
40.262831250000005
20
16.431775000000002
30
0
0
VERTEX
8
0
10
38.862
20
17.83260625
30
0
0
VERTEX
8
0
10
38.862
20
34.925000000000004
30
0
0
VERTEX
8
0
10
38.861396875000004
20
34.9304
30
0
0
VERTEX
8
0
10
38.861537500000004
20
34.93581875
30
0
42
0.11143579834837763
0
VERTEX
8
0
10
38.844628125
20
34.989115625000004
30
0
0
VERTEX
8
0
10
38.840209375
20
34.994840625
30
0
0
VERTEX
8
0
10
38.834871875000005
20
35.003453125
30
0
0
VERTEX
8
0
10
38.828784375000005
20
35.009646875
30
0
0
VERTEX
8
0
10
38.824803125
20
35.014803125
30
0
0
VERTEX
8
0
10
23.260434375000003
20
50.579171875
30
0
0
VERTEX
8
0
10
23.27093125
20
50.597353125000005
30
0
42
0.9999999999999999
0
VERTEX
8
0
10
22.449068750000002
20
51.002646875
30
0
0
VERTEX
8
0
10
22.426134375
20
50.947278125000004
30
0
42
0.6681776698967844
0
VERTEX
8
0
10
23.062646875000002
20
50.38906875
30
0
0
VERTEX
8
0
10
23.080828125
20
50.399565625
30
0
0
VERTEX
8
0
10
38.608000000000004
20
34.87239375
30
0
0
VERTEX
8
0
10
38.608000000000004
20
17.78
30
0
0
VERTEX
8
0
10
38.608603125
20
17.7746
30
0
0
VERTEX
8
0
10
38.6084625
20
17.769181250000003
30
0
42
0.11143579834837763
0
VERTEX
8
0
10
38.625371875
20
17.715884375
30
0
0
VERTEX
8
0
10
38.629790625000005
20
17.710159375
30
0
0
VERTEX
8
0
10
38.635128125
20
17.701546875000002
30
0
0
VERTEX
8
0
10
38.641215625
20
17.695353125
30
0
0
VERTEX
8
0
10
38.645196875
20
17.690196875
30
0
0
VERTEX
8
0
10
40.083225
20
16.25216875
30
0
0
VERTEX
8
0
10
39.979600000000005
20
16.14854375
30
0
0
VERTEX
8
0
10
39.979600000000005
20
15.60145625
30
0
0
VERTEX
8
0
10
40.36645625
20
15.2146
30
0
0
VERTEX
8
0
10
40.91354375
20
15.2146
30
0
0
SEQEND
0
POLYLINE
66
1
8
16_copper
10
0.0
20
0.0
30
0.0
70
1
0
VERTEX
8
0
10
22.9493875
20
50.350621875
30
0
42
0.9999999999999999
0
VERTEX
8
0
10
22.770612500000002
20
51.249378125
30
0
0
VERTEX
8
0
10
22.712721875
20
51.233865625
30
0
0
VERTEX
8
0
10
22.657353125
20
51.21093125
30
0
0
VERTEX
8
0
10
22.639171875000002
20
51.200434375
30
0
0
VERTEX
8
0
10
21.355434375
20
52.484171875
30
0
0
VERTEX
8
0
10
21.365931250000003
20
52.502353125
30
0
42
0.9999999999999999
0
VERTEX
8
0
10
20.54406875
20
52.907646875000005
30
0
0
VERTEX
8
0
10
20.521134375000003
20
52.852278125000005
30
0
42
0.6681776698967844
0
VERTEX
8
0
10
21.157646875
20
52.29406875
30
0
0
VERTEX
8
0
10
21.175828125000002
20
52.304565625
30
0
0
VERTEX
8
0
10
22.459565625
20
51.020828125
30
0
0
VERTEX
8
0
10
22.449068750000002
20
51.002646875
30
0
42
0.5773483555559588
0
VERTEX
8
0
10
22.889965625000002
20
50.342800000000004
30
0
0
SEQEND
0
POLYLINE
66
1
8
16_copper
10
0.0
20
0.0
30
0.0
70
1
0
VERTEX
8
0
10
41.3004
20
15.60145625
30
0
0
VERTEX
8
0
10
41.3004
20
16.14854375
30
0
0
VERTEX
8
0
10
40.91354375
20
16.5354
30
0
0
VERTEX
8
0
10
40.36645625
20
16.5354
30
0
0
VERTEX
8
0
10
39.979600000000005
20
16.14854375
30
0
0
VERTEX
8
0
10
39.979600000000005
20
15.60145625
30
0
0
VERTEX
8
0
10
40.36645625
20
15.2146
30
0
0
VERTEX
8
0
10
40.91354375
20
15.2146
30
0
0
SEQEND
0
POLYLINE
66
1
8
1_copper
10
0.0
20
0.0
30
0.0
70
1
0
VERTEX
8
0
10
41.3004
20
19.41145625
30
0
0
VERTEX
8
0
10
41.3004
20
19.95854375
30
0
0
VERTEX
8
0
10
40.91354375
20
20.3454
30
0
0
VERTEX
8
0
10
40.7289
20
20.3454
30
0
0
VERTEX
8
0
10
40.7289
20
20.600675000000003
30
0
0
VERTEX
8
0
10
43.560362500000004
20
23.4321375
30
0
0
VERTEX
8
0
10
43.56123125
20
23.433275000000002
30
0
0
VERTEX
8
0
10
43.562334375
20
23.434175
30
0
42
0.13345908325940362
0
VERTEX
8
0
10
43.584203125
20
23.47535625
30
0
0
VERTEX
8
0
10
43.586400000000005
20
23.495
30
0
0
VERTEX
8
0
10
43.586400000000005
20
33.3375
30
0
0
VERTEX
8
0
10
43.5862125
20
33.338909375
30
0
0
VERTEX
8
0
10
43.58635625
20
33.340334375000005
30
0
42
0.1334529542604602
0
VERTEX
8
0
10
43.572700000000005
20
33.384915625000005
30
0
0
VERTEX
8
0
10
43.560362500000004
20
33.4003625
30
0
0
VERTEX
8
0
10
43.074834375
20
33.885890625
30
0
0
VERTEX
8
0
10
43.205400000000004
20
34.016456250000005
30
0
0
VERTEX
8
0
10
43.205400000000004
20
34.56354375
30
0
0
VERTEX
8
0
10
42.81854375
20
34.9504
30
0
0
VERTEX
8
0
10
42.27145625
20
34.9504
30
0
0
VERTEX
8
0
10
41.8846
20
34.56354375
30
0
0
VERTEX
8
0
10
41.8846
20
34.016456250000005
30
0
0
VERTEX
8
0
10
42.27145625
20
33.6296
30
0
0
VERTEX
8
0
10
42.81854375
20
33.6296
30
0
0
VERTEX
8
0
10
42.949109375
20
33.760165625
30
0
0
VERTEX
8
0
10
43.4086
20
33.300675
30
0
0
VERTEX
8
0
10
43.4086
20
23.531825
30
0
0
VERTEX
8
0
10
40.5771375
20
20.7003625
30
0
0
VERTEX
8
0
10
40.576268750000004
20
20.699225000000002
30
0
0
VERTEX
8
0
10
40.575165625000004
20
20.698325
30
0
42
0.13345908325940362
0
VERTEX
8
0
10
40.553296875
20
20.65714375
30
0
0
VERTEX
8
0
10
40.551100000000005
20
20.6375
30
0
0
VERTEX
8
0
10
40.551100000000005
20
20.3454
30
0
0
VERTEX
8
0
10
40.36645625
20
20.3454
30
0
0
VERTEX
8
0
10
39.979600000000005
20
19.95854375
30
0
0
VERTEX
8
0
10
39.979600000000005
20
19.41145625
30
0
0
VERTEX
8
0
10
40.36645625
20
19.0246
30
0
0
VERTEX
8
0
10
40.91354375
20
19.0246
30
0
0
SEQEND
0
POLYLINE
66
1
8
16_copper
10
0.0
20
0.0
30
0.0
70
1
0
VERTEX
8
0
10
43.205400000000004
20
34.016456250000005
30
0
0
VERTEX
8
0
10
43.205400000000004
20
34.56354375
30
0
0
VERTEX
8
0
10
42.81854375
20
34.9504
30
0
0
VERTEX
8
0
10
42.27145625
20
34.9504
30
0
0
VERTEX
8
0
10
41.8846
20
34.56354375
30
0
0
VERTEX
8
0
10
41.8846
20
34.016456250000005
30
0
0
VERTEX
8
0
10
42.27145625
20
33.6296
30
0
0
VERTEX
8
0
10
42.81854375
20
33.6296
30
0
0
SEQEND
0
POLYLINE
66
1
8
16_copper
10
0.0
20
0.0
30
0.0
70
1
0
VERTEX
8
0
10
41.3004
20
19.41145625
30
0
0
VERTEX
8
0
10
41.3004
20
19.95854375
30
0
0
VERTEX
8
0
10
40.91354375
20
20.3454
30
0
0
VERTEX
8
0
10
40.36645625
20
20.3454
30
0
0
VERTEX
8
0
10
39.979600000000005
20
19.95854375
30
0
0
VERTEX
8
0
10
39.979600000000005
20
19.41145625
30
0
0
VERTEX
8
0
10
40.36645625
20
19.0246
30
0
0
VERTEX
8
0
10
40.91354375
20
19.0246
30
0
0
SEQEND
0
POLYLINE
66
1
8
1_copper
10
0.0
20
0.0
30
0.0
70
1
0
VERTEX
8
0
10
35.5854
20
31.476456250000002
30
0
0
VERTEX
8
0
10
35.5854
20
32.02354375
30
0
0
VERTEX
8
0
10
35.19854375
20
32.4104
30
0
0
VERTEX
8
0
10
34.65145625
20
32.4104
30
0
0
VERTEX
8
0
10
34.2646
20
32.02354375
30
0
0
VERTEX
8
0
10
34.2646
20
31.476456250000002
30
0
0
VERTEX
8
0
10
34.65145625
20
31.0896
30
0
0
VERTEX
8
0
10
35.19854375
20
31.0896
30
0
0
SEQEND
0
POLYLINE
66
1
8
1_copper
10
0.0
20
0.0
30
0.0
70
1
0
VERTEX
8
0
10
41.3004
20
25.761456250000002
30
0
0
VERTEX
8
0
10
41.3004
20
26.308543750000002
30
0
0
VERTEX
8
0
10
40.91354375
20
26.695400000000003
30
0
0
VERTEX
8
0
10
40.36645625
20
26.695400000000003
30
0
0
VERTEX
8
0
10
39.979600000000005
20
26.308543750000002
30
0
0
VERTEX
8
0
10
39.979600000000005
20
25.761456250000002
30
0
0
VERTEX
8
0
10
40.36645625
20
25.3746
30
0
0
VERTEX
8
0
10
40.91354375
20
25.3746
30
0
0
SEQEND
0
POLYLINE
66
1
8
16_copper
10
0.0
20
0.0
30
0.0
70
1
0
VERTEX
8
0
10
41.3004
20
25.761456250000002
30
0
0
VERTEX
8
0
10
41.3004
20
26.308543750000002
30
0
0
VERTEX
8
0
10
40.91354375
20
26.695400000000003
30
0
0
VERTEX
8
0
10
40.36645625
20
26.695400000000003
30
0
0
VERTEX
8
0
10
40.235890625
20
26.564834375
30
0
0
VERTEX
8
0
10
35.454834375000004
20
31.345890625000003
30
0
0
VERTEX
8
0
10
35.5854
20
31.476456250000002
30
0
0
VERTEX
8
0
10
35.5854
20
32.02354375
30
0
0
VERTEX
8
0
10
35.19854375
20
32.4104
30
0
0
VERTEX
8
0
10
34.65145625
20
32.4104
30
0
0
VERTEX
8
0
10
34.2646
20
32.02354375
30
0
0
VERTEX
8
0
10
34.2646
20
31.476456250000002
30
0
0
VERTEX
8
0
10
34.65145625
20
31.0896
30
0
0
VERTEX
8
0
10
35.19854375
20
31.0896
30
0
0
VERTEX
8
0
10
35.329109375
20
31.220165625
30
0
0
VERTEX
8
0
10
40.110165625
20
26.439109375
30
0
0
VERTEX
8
0
10
39.979600000000005
20
26.308543750000002
30
0
0
VERTEX
8
0
10
39.979600000000005
20
25.761456250000002
30
0
0
VERTEX
8
0
10
40.36645625
20
25.3746
30
0
0
VERTEX
8
0
10
40.91354375
20
25.3746
30
0
0
SEQEND
0
POLYLINE
66
1
8
1_copper
10
0.0
20
0.0
30
0.0
70
1
0
VERTEX
8
0
10
41.3004
20
13.06145625
30
0
0
VERTEX
8
0
10
41.3004
20
13.60854375
30
0
0
VERTEX
8
0
10
40.91354375
20
13.9954
30
0
0
VERTEX
8
0
10
40.7289
20
13.9954
30
0
0
VERTEX
8
0
10
40.7289
20
14.287500000000001
30
0
0
VERTEX
8
0
10
40.7287125
20
14.288909375000001
30
0
0
VERTEX
8
0
10
40.72885625
20
14.290334375
30
0
42
0.1334529542604602
0
VERTEX
8
0
10
40.7152
20
14.334915625
30
0
0
VERTEX
8
0
10
40.7028625
20
14.350362500000001
30
0
0
VERTEX
8
0
10
35.9664
20
19.086825
30
0
0
VERTEX
8
0
10
35.9664
20
35.877500000000005
30
0
0
VERTEX
8
0
10
35.966212500000005
20
35.878909375
30
0
0
VERTEX
8
0
10
35.966356250000004
20
35.880334375000004
30
0
42
0.1334529542604602
0
VERTEX
8
0
10
35.9527
20
35.924915625000004
30
0
0
VERTEX
8
0
10
35.9403625
20
35.9403625
30
0
0
VERTEX
8
0
10
35.454834375000004
20
36.425890625
30
0
0
VERTEX
8
0
10
35.5854
20
36.556456250000004
30
0
0
VERTEX
8
0
10
35.5854
20
37.10354375
30
0
0
VERTEX
8
0
10
35.19854375
20
37.4904
30
0
0
VERTEX
8
0
10
34.65145625
20
37.4904
30
0
0
VERTEX
8
0
10
34.2646
20
37.10354375
30
0
0
VERTEX
8
0
10
34.2646
20
36.556456250000004
30
0
0
VERTEX
8
0
10
34.65145625
20
36.1696
30
0
0
VERTEX
8
0
10
35.19854375
20
36.1696
30
0
0
VERTEX
8
0
10
35.329109375
20
36.300165625
30
0
0
VERTEX
8
0
10
35.7886
20
35.840675000000005
30
0
0
VERTEX
8
0
10
35.7886
20
19.05
30
0
0
VERTEX
8
0
10
35.788787500000005
20
19.048590625
30
0
0
VERTEX
8
0
10
35.78864375
20
19.047165625
30
0
42
0.1334529542604602
0
VERTEX
8
0
10
35.8023
20
19.002584375
30
0
0
VERTEX
8
0
10
35.8146375
20
18.9871375
30
0
0
VERTEX
8
0
10
40.551100000000005
20
14.250675000000001
30
0
0
VERTEX
8
0
10
40.551100000000005
20
13.9954
30
0
0
VERTEX
8
0
10
40.36645625
20
13.9954
30
0
0
VERTEX
8
0
10
39.979600000000005
20
13.60854375
30
0
0
VERTEX
8
0
10
39.979600000000005
20
13.06145625
30
0
0
VERTEX
8
0
10
40.36645625
20
12.6746
30
0
0
VERTEX
8
0
10
40.91354375
20
12.6746
30
0
0
SEQEND
0
POLYLINE
66
1
8
16_copper
10
0.0
20
0.0
30
0.0
70
1
0
VERTEX
8
0
10
35.5854
20
36.556456250000004
30
0
0
VERTEX
8
0
10
35.5854
20
37.10354375
30
0
0
VERTEX
8
0
10
35.19854375
20
37.4904
30
0
0
VERTEX
8
0
10
34.65145625
20
37.4904
30
0
0
VERTEX
8
0
10
34.2646
20
37.10354375
30
0
0
VERTEX
8
0
10
34.2646
20
36.556456250000004
30
0
0
VERTEX
8
0
10
34.65145625
20
36.1696
30
0
0
VERTEX
8
0
10
35.19854375
20
36.1696
30
0
0
SEQEND
0
POLYLINE
66
1
8
16_copper
10
0.0
20
0.0
30
0.0
70
1
0
VERTEX
8
0
10
41.3004
20
13.06145625
30
0
0
VERTEX
8
0
10
41.3004
20
13.60854375
30
0
0
VERTEX
8
0
10
40.91354375
20
13.9954
30
0
0
VERTEX
8
0
10
40.36645625
20
13.9954
30
0
0
VERTEX
8
0
10
39.979600000000005
20
13.60854375
30
0
0
VERTEX
8
0
10
39.979600000000005
20
13.06145625
30
0
0
VERTEX
8
0
10
40.36645625
20
12.6746
30
0
0
VERTEX
8
0
10
40.91354375
20
12.6746
30
0
0
SEQEND
0
POLYLINE
66
1
8
1_copper
10
0.0
20
0.0
30
0.0
70
1
0
VERTEX
8
0
10
16.832900000000002
20
56.071103125
30
0
0
VERTEX
8
0
10
16.83831875
20
56.0709625
30
0
42
0.11143579834837763
0
VERTEX
8
0
10
16.891615625
20
56.087871875000005
30
0
0
VERTEX
8
0
10
16.897340625000002
20
56.092290625000004
30
0
0
VERTEX
8
0
10
16.905953125
20
56.097628125
30
0
0
VERTEX
8
0
10
16.912146875
20
56.103715625
30
0
0
VERTEX
8
0
10
16.917303125
20
56.107696875
30
0
0
VERTEX
8
0
10
18.187303125
20
57.377696875000005
30
0
0
VERTEX
8
0
10
18.1907
20
57.381946875000004
30
0
0
VERTEX
8
0
10
18.194625000000002
20
57.385675000000006
30
0
42
0.03417864403523383
0
VERTEX
8
0
10
18.20486875
20
57.399668750000004
30
0
0
VERTEX
8
0
10
18.20724375
20
57.404556250000006
30
0
0
VERTEX
8
0
10
18.207540625
20
57.405
30
0
0
VERTEX
8
0
10
18.457865625
20
57.405
30
0
0
VERTEX
8
0
10
18.457865625
20
58.205000000000005
30
0
0
VERTEX
8
0
10
18.057865625
20
58.205000000000005
30
0
0
VERTEX
8
0
10
18.057865625
20
57.905296875000005
30
0
0
VERTEX
8
0
10
18.054425000000002
20
57.904471875000006
30
0
42
0.24698119823869544
0
VERTEX
8
0
10
17.974646875
20
57.817184375000004
30
0
0
VERTEX
8
0
10
17.973703125
20
57.8098625
30
0
0
VERTEX
8
0
10
17.9713375
20
57.799571875000005
30
0
0
VERTEX
8
0
10
17.971303125000002
20
57.791240625
30
0
0
VERTEX
8
0
10
17.9705
20
57.785000000000004
30
0
0
VERTEX
8
0
10
17.9705
20
57.520106250000005
30
0
0
VERTEX
8
0
10
16.77489375
20
56.3245
30
0
0
VERTEX
8
0
10
15.92760625
20
56.3245
30
0
0
VERTEX
8
0
10
10.922
20
61.33010625
30
0
0
VERTEX
8
0
10
10.922
20
62.204600000000006
30
0
0
VERTEX
8
0
10
11.06854375
20
62.204600000000006
30
0
0
VERTEX
8
0
10
11.455400000000001
20
62.59145625
30
0
0
VERTEX
8
0
10
11.455400000000001
20
63.138543750000004
30
0
0
VERTEX
8
0
10
11.06854375
20
63.525400000000005
30
0
0
VERTEX
8
0
10
10.52145625
20
63.525400000000005
30
0
0
VERTEX
8
0
10
10.41783125
20
63.421775000000004
30
0
0
VERTEX
8
0
10
8.344803125
20
65.494803125
30
0
0
VERTEX
8
0
10
8.340553125
20
65.4982
30
0
0
VERTEX
8
0
10
8.336825000000001
20
65.502125
30
0
42
0.11143036570132879
0
VERTEX
8
0
10
8.287184375
20
65.52785312500001
30
0
0
VERTEX
8
0
10
8.28001875
20
65.52877500000001
30
0
0
VERTEX
8
0
10
8.270146875
20
65.53109375
30
0
0
VERTEX
8
0
10
8.26145625
20
65.53116875
30
0
0
VERTEX
8
0
10
8.255
20
65.532
30
0
0
VERTEX
8
0
10
3.8354000000000004
20
65.532
30
0
0
VERTEX
8
0
10
3.8354000000000004
20
65.67854375
30
0
0
VERTEX
8
0
10
3.4485437500000002
20
66.0654
30
0
0
VERTEX
8
0
10
2.9014562500000003
20
66.0654
30
0
0
VERTEX
8
0
10
2.5146
20
65.67854375
30
0
0
VERTEX
8
0
10
2.5146
20
65.13145625
30
0
0
VERTEX
8
0
10
2.9014562500000003
20
64.7446
30
0
0
VERTEX
8
0
10
3.4485437500000002
20
64.7446
30
0
0
VERTEX
8
0
10
3.8354000000000004
20
65.13145625
30
0
0
VERTEX
8
0
10
3.8354000000000004
20
65.278
30
0
0
VERTEX
8
0
10
8.20239375
20
65.278
30
0
0
VERTEX
8
0
10
10.238225
20
63.242168750000005
30
0
0
VERTEX
8
0
10
10.1346
20
63.138543750000004
30
0
0
VERTEX
8
0
10
10.1346
20
62.59145625
30
0
0
VERTEX
8
0
10
10.52145625
20
62.204600000000006
30
0
0
VERTEX
8
0
10
10.668000000000001
20
62.204600000000006
30
0
0
VERTEX
8
0
10
10.668000000000001
20
61.2775
30
0
0
VERTEX
8
0
10
10.668603125
20
61.2721
30
0
0
VERTEX
8
0
10
10.6684625
20
61.266681250000005
30
0
42
0.11143579834837763
0
VERTEX
8
0
10
10.685371875000001
20
61.213384375000004
30
0
0
VERTEX
8
0
10
10.689790625
20
61.207659375000006
30
0
0
VERTEX
8
0
10
10.695128125
20
61.199046875
30
0
0
VERTEX
8
0
10
10.701215625
20
61.192853125000006
30
0
0
VERTEX
8
0
10
10.705196875
20
61.187696875
30
0
0
VERTEX
8
0
10
15.785196875
20
56.107696875
30
0
0
VERTEX
8
0
10
15.789446875000001
20
56.1043
30
0
0
VERTEX
8
0
10
15.793175000000002
20
56.100375
30
0
42
0.11143036570132879
0
VERTEX
8
0
10
15.842815625
20
56.074646875000006
30
0
0
VERTEX
8
0
10
15.84998125
20
56.073725
30
0
0
VERTEX
8
0
10
15.859853125
20
56.07140625
30
0
0
VERTEX
8
0
10
15.86854375
20
56.07133125
30
0
0
VERTEX
8
0
10
15.875
20
56.0705
30
0
0
VERTEX
8
0
10
16.8275
20
56.0705
30
0
0
SEQEND
0
POLYLINE
66
1
8
16_copper
10
0.0
20
0.0
30
0.0
70
1
0
VERTEX
8
0
10
3.8354000000000004
20
65.13145625
30
0
0
VERTEX
8
0
10
3.8354000000000004
20
65.67854375
30
0
0
VERTEX
8
0
10
3.4485437500000002
20
66.0654
30
0
0
VERTEX
8
0
10
2.9014562500000003
20
66.0654
30
0
0
VERTEX
8
0
10
2.5146
20
65.67854375
30
0
0
VERTEX
8
0
10
2.5146
20
65.13145625
30
0
0
VERTEX
8
0
10
2.9014562500000003
20
64.7446
30
0
0
VERTEX
8
0
10
3.4485437500000002
20
64.7446
30
0
0
SEQEND
0
POLYLINE
66
1
8
16_copper
10
0.0
20
0.0
30
0.0
70
1
0
VERTEX
8
0
10
11.455400000000001
20
62.59145625
30
0
0
VERTEX
8
0
10
11.455400000000001
20
63.138543750000004
30
0
0
VERTEX
8
0
10
11.06854375
20
63.525400000000005
30
0
0
VERTEX
8
0
10
10.52145625
20
63.525400000000005
30
0
0
VERTEX
8
0
10
10.1346
20
63.138543750000004
30
0
0
VERTEX
8
0
10
10.1346
20
62.59145625
30
0
0
VERTEX
8
0
10
10.52145625
20
62.204600000000006
30
0
0
VERTEX
8
0
10
11.06854375
20
62.204600000000006
30
0
0
SEQEND
0
POLYLINE
66
1
8
1_copper
10
0.0
20
0.0
30
0.0
70
1
0
VERTEX
8
0
10
3.8354000000000004
20
62.59145625
30
0
0
VERTEX
8
0
10
3.8354000000000004
20
63.138543750000004
30
0
0
VERTEX
8
0
10
3.4485437500000002
20
63.525400000000005
30
0
0
VERTEX
8
0
10
2.9014562500000003
20
63.525400000000005
30
0
0
VERTEX
8
0
10
2.5146
20
63.138543750000004
30
0
0
VERTEX
8
0
10
2.5146
20
62.59145625
30
0
0
VERTEX
8
0
10
2.9014562500000003
20
62.204600000000006
30
0
0
VERTEX
8
0
10
3.4485437500000002
20
62.204600000000006
30
0
0
SEQEND
0
POLYLINE
66
1
8
1_copper
10
0.0
20
0.0
30
0.0
70
1
0
VERTEX
8
0
10
10.9601
20
25.068590625000002
30
0
0
VERTEX
8
0
10
10.9601
20
25.731409375000002
30
0
0
VERTEX
8
0
10
10.491409375
20
26.200100000000003
30
0
0
VERTEX
8
0
10
10.3124
20
26.200100000000003
30
0
0
VERTEX
8
0
10
10.3124
20
27.821
30
0
0
VERTEX
8
0
10
11.549000000000001
20
27.821
30
0
0
VERTEX
8
0
10
11.549000000000001
20
29.329
30
0
0
VERTEX
8
0
10
10.041
20
29.329
30
0
0
VERTEX
8
0
10
10.041
20
28.034415625
30
0
0
VERTEX
8
0
10
10.038909375000001
20
28.03141875
30
0
0
VERTEX
8
0
10
10.03275625
20
28.023875
30
0
42
0.12061678582489666
0
VERTEX
8
0
10
10.008403125000001
20
27.955615625
30
0
0
VERTEX
8
0
10
10.0076
20
27.94
30
0
0
VERTEX
8
0
10
10.0076
20
26.200100000000003
30
0
0
VERTEX
8
0
10
9.828590625
20
26.200100000000003
30
0
0
VERTEX
8
0
10
9.3599
20
25.731409375000002
30
0
0
VERTEX
8
0
10
9.3599
20
25.068590625000002
30
0
0
VERTEX
8
0
10
9.828590625
20
24.5999
30
0
0
VERTEX
8
0
10
10.491409375
20
24.5999
30
0
0
SEQEND
0
POLYLINE
66
1
8
16_copper
10
0.0
20
0.0
30
0.0
70
1
0
VERTEX
8
0
10
11.549000000000001
20
29.329
30
0
0
VERTEX
8
0
10
10.610800000000001
20
29.329
30
0
0
VERTEX
8
0
10
10.610800000000001
20
52.17334375
30
0
0
VERTEX
8
0
10
10.610221875
20
52.179040625
30
0
0
VERTEX
8
0
10
10.610371875
20
52.184759375000006
30
0
42
0.1531278540915039
0
VERTEX
8
0
10
10.5766375
20
52.2695
30
0
0
VERTEX
8
0
10
10.5661625
20
52.28110625
30
0
0
VERTEX
8
0
10
9.0281
20
53.81916875
30
0
0
VERTEX
8
0
10
9.0236625
20
53.822787500000004
30
0
0
VERTEX
8
0
10
9.019725000000001
20
53.8269375
30
0
42
0.15312467584094633
0
VERTEX
8
0
10
8.935953125000001
20
53.863003125000006
30
0
0
VERTEX
8
0
10
8.9203375
20
53.86380625
30
0
0
VERTEX
8
0
10
8.752
20
53.86380625
30
0
0
VERTEX
8
0
10
8.752
20
54.305006250000005
30
0
0
VERTEX
8
0
10
7.202
20
54.305006250000005
30
0
0
VERTEX
8
0
10
7.202
20
54.15740625
30
0
0
VERTEX
8
0
10
6.14443125
20
54.15740625
30
0
0
VERTEX
8
0
10
4.1656
20
56.1362375
30
0
0
VERTEX
8
0
10
4.1656
20
59.878343750000006
30
0
0
VERTEX
8
0
10
4.7161625
20
60.428906250000004
30
0
0
VERTEX
8
0
10
4.7197812500000005
20
60.433343750000006
30
0
0
VERTEX
8
0
10
4.723931250000001
20
60.437281250000005
30
0
42
0.15312467584094633
0
VERTEX
8
0
10
4.759996875000001
20
60.521053125
30
0
0
VERTEX
8
0
10
4.760800000000001
20
60.536668750000004
30
0
0
VERTEX
8
0
10
4.760800000000001
20
62.07334375000001
30
0
0
VERTEX
8
0
10
4.760221875
20
62.079040625000005
30
0
0
VERTEX
8
0
10
4.760371875000001
20
62.084759375000004
30
0
42
0.1531278540915039
0
VERTEX
8
0
10
4.7266375
20
62.169500000000006
30
0
0
VERTEX
8
0
10
4.7161625
20
62.181106250000006
30
0
0
VERTEX
8
0
10
4.4781
20
62.419168750000004
30
0
0
VERTEX
8
0
10
4.4736625000000005
20
62.422787500000005
30
0
0
VERTEX
8
0
10
4.469725
20
62.4269375
30
0
42
0.15312467584094633
0
VERTEX
8
0
10
4.385953125
20
62.463003125
30
0
0
VERTEX
8
0
10
4.370337500000001
20
62.463806250000005
30
0
0
VERTEX
8
0
10
3.7917187500000002
20
62.463806250000005
30
0
0
VERTEX
8
0
10
3.749734375
20
62.505790625
30
0
0
VERTEX
8
0
10
3.8354000000000004
20
62.59145625
30
0
0
VERTEX
8
0
10
3.8354000000000004
20
63.138543750000004
30
0
0
VERTEX
8
0
10
3.4485437500000002
20
63.525400000000005
30
0
0
VERTEX
8
0
10
2.9014562500000003
20
63.525400000000005
30
0
0
VERTEX
8
0
10
2.5146
20
63.138543750000004
30
0
0
VERTEX
8
0
10
2.5146
20
62.59145625
30
0
0
VERTEX
8
0
10
2.9014562500000003
20
62.204600000000006
30
0
0
VERTEX
8
0
10
3.4485437500000002
20
62.204600000000006
30
0
0
VERTEX
8
0
10
3.534209375
20
62.290265625
30
0
0
VERTEX
8
0
10
3.62083125
20
62.203643750000005
30
0
0
VERTEX
8
0
10
3.62526875
20
62.200025000000004
30
0
0
VERTEX
8
0
10
3.62920625
20
62.195875
30
0
42
0.15312467584094633
0
VERTEX
8
0
10
3.7129781250000002
20
62.159809375
30
0
0
VERTEX
8
0
10
3.7285937500000004
20
62.159006250000004
30
0
0
VERTEX
8
0
10
4.3072125
20
62.159006250000004
30
0
0
VERTEX
8
0
10
4.456
20
62.01021875
30
0
0
VERTEX
8
0
10
4.456
20
60.59979375
30
0
0
VERTEX
8
0
10
3.9054375
20
60.049231250000005
30
0
0
VERTEX
8
0
10
3.9018187500000003
20
60.044793750000004
30
0
0
VERTEX
8
0
10
3.8976687500000002
20
60.040856250000004
30
0
42
0.15312467584094633
0
VERTEX
8
0
10
3.8616031250000002
20
59.957084375
30
0
0
VERTEX
8
0
10
3.8608000000000002
20
59.941468750000006
30
0
0
VERTEX
8
0
10
3.8608000000000002
20
56.0731125
30
0
0
VERTEX
8
0
10
3.8613781250000003
20
56.067415625
30
0
0
VERTEX
8
0
10
3.8612281250000002
20
56.061696875
30
0
42
0.1531278540915039
0
VERTEX
8
0
10
3.8949625
20
55.97695625
30
0
0
VERTEX
8
0
10
3.9054375
20
55.96535
30
0
0
VERTEX
8
0
10
5.97354375
20
53.89724375
30
0
0
VERTEX
8
0
10
5.97798125
20
53.893625
30
0
0
VERTEX
8
0
10
5.98191875
20
53.889475000000004
30
0
42
0.15312467584094633
0
VERTEX
8
0
10
6.065690625
20
53.853409375000005
30
0
0
VERTEX
8
0
10
6.08130625
20
53.85260625
30
0
0
VERTEX
8
0
10
7.202
20
53.85260625
30
0
0
VERTEX
8
0
10
7.202
20
53.705006250000004
30
0
0
VERTEX
8
0
10
8.061475
20
53.705006250000004
30
0
0
VERTEX
8
0
10
8.1628375
20
53.60364375
30
0
0
VERTEX
8
0
10
8.167275
20
53.600025
30
0
0
VERTEX
8
0
10
8.171212500000001
20
53.595875
30
0
42
0.15312467584094633
0
VERTEX
8
0
10
8.254984375000001
20
53.559809375
30
0
0
VERTEX
8
0
10
8.2706
20
53.55900625
30
0
0
VERTEX
8
0
10
8.857212500000001
20
53.55900625
30
0
0
VERTEX
8
0
10
10.306000000000001
20
52.11021875
30
0
0
VERTEX
8
0
10
10.306000000000001
20
29.329
30
0
0
VERTEX
8
0
10
10.041
20
29.329
30
0
0
VERTEX
8
0
10
10.041
20
27.821
30
0
0
VERTEX
8
0
10
11.549000000000001
20
27.821
30
0
0
SEQEND
0
POLYLINE
66
1
8
16_copper
10
0.0
20
0.0
30
0.0
70
1
0
VERTEX
8
0
10
10.9601
20
25.068590625000002
30
0
0
VERTEX
8
0
10
10.9601
20
25.731409375000002
30
0
0
VERTEX
8
0
10
10.491409375
20
26.200100000000003
30
0
0
VERTEX
8
0
10
9.828590625
20
26.200100000000003
30
0
0
VERTEX
8
0
10
9.3599
20
25.731409375000002
30
0
0
VERTEX
8
0
10
9.3599
20
25.068590625000002
30
0
0
VERTEX
8
0
10
9.828590625
20
24.5999
30
0
0
VERTEX
8
0
10
10.491409375
20
24.5999
30
0
0
SEQEND
0
POLYLINE
66
1
8
16_copper
10
0.0
20
0.0
30
0.0
70
1
0
VERTEX
8
0
10
8.752
20
59.305006250000005
30
0
0
VERTEX
8
0
10
7.202
20
59.305006250000005
30
0
0
VERTEX
8
0
10
7.202
20
58.705006250000004
30
0
0
VERTEX
8
0
10
8.752
20
58.705006250000004
30
0
0
SEQEND
0
POLYLINE
66
1
8
16_copper
10
0.0
20
0.0
30
0.0
70
1
0
VERTEX
8
0
10
8.752
20
60.305006250000005
30
0
0
VERTEX
8
0
10
7.202
20
60.305006250000005
30
0
0
VERTEX
8
0
10
7.202
20
59.705006250000004
30
0
0
VERTEX
8
0
10
8.752
20
59.705006250000004
30
0
0
SEQEND
0
POLYLINE
66
1
8
1_copper
10
0.0
20
0.0
30
0.0
70
1
0
VERTEX
8
0
10
14.08194375
20
77.8583375
30
0
42
0.3578057741447831
0
VERTEX
8
0
10
14.732000000000001
20
78.57556562500001
30
0
0
VERTEX
8
0
10
14.732000000000001
20
80.174434375
30
0
0
VERTEX
8
0
10
14.7246625
20
80.24894375000001
30
0
42
0.9063472543261978
0
VERTEX
8
0
10
13.208
20
80.174434375
30
0
0
VERTEX
8
0
10
13.208
20
78.57556562500001
30
0
0
VERTEX
8
0
10
13.2153375
20
78.50105625
30
0
42
0.38574240611503685
0
VERTEX
8
0
10
14.007434375
20
77.851
30
0
0
SEQEND
0
POLYLINE
66
1
8
16_copper
10
0.0
20
0.0
30
0.0
70
1
0
VERTEX
8
0
10
14.08194375
20
77.8583375
30
0
42
0.3578057741447831
0
VERTEX
8
0
10
14.732000000000001
20
78.57556562500001
30
0
0
VERTEX
8
0
10
14.732000000000001
20
80.174434375
30
0
0
VERTEX
8
0
10
14.7246625
20
80.24894375000001
30
0
42
0.9063472543261978
0
VERTEX
8
0
10
13.208
20
80.174434375
30
0
0
VERTEX
8
0
10
13.208
20
78.57556562500001
30
0
0
VERTEX
8
0
10
13.2153375
20
78.50105625
30
0
42
0.38574240611503685
0
VERTEX
8
0
10
14.007434375
20
77.851
30
0
0
SEQEND
0
POLYLINE
66
1
8
1_copper
10
0.0
20
0.0
30
0.0
70
1
0
VERTEX
8
0
10
16.2818875
20
56.700621875
30
0
42
0.8206776564721315
0
VERTEX
8
0
10
16.2818875
20
57.599378125
30
0
0
VERTEX
8
0
10
16.2814
20
57.599443750000006
30
0
0
VERTEX
8
0
10
16.2814
20
60.288175
30
0
0
VERTEX
8
0
10
16.864325
20
60.871100000000006
30
0
0
VERTEX
8
0
10
17.145
20
60.871100000000006
30
0
0
VERTEX
8
0
10
17.153693750000002
20
60.872259375000006
30
0
0
VERTEX
8
0
10
17.162496875000002
20
60.8728375
30
0
42
0.15059990050330482
0
VERTEX
8
0
10
17.208525
20
60.897809375
30
0
0
VERTEX
8
0
10
17.213771875
20
60.904828125
30
0
0
VERTEX
8
0
10
17.213921875
20
60.905
30
0
0
VERTEX
8
0
10
17.557865625
20
60.905
30
0
0
VERTEX
8
0
10
17.557865625
20
61.305
30
0
0
VERTEX
8
0
10
16.757865625
20
61.305
30
0
0
VERTEX
8
0
10
16.757865625
20
61.016090625000004
30
0
0
VERTEX
8
0
10
16.1296375
20
60.387862500000004
30
0
0
VERTEX
8
0
10
16.128768750000003
20
60.386725000000006
30
0
0
VERTEX
8
0
10
16.127665625000002
20
60.385825000000004
30
0
42
0.13345908325940362
0
VERTEX
8
0
10
16.105796875
20
60.34464375
30
0
0
VERTEX
8
0
10
16.1036
20
60.325
30
0
0
VERTEX
8
0
10
16.1036
20
57.599443750000006
30
0
0
VERTEX
8
0
10
16.1031125
20
57.599378125
30
0
42
0.9366007068845517
0
VERTEX
8
0
10
16.222465625
20
56.692800000000005
30
0
0
SEQEND
0
POLYLINE
66
1
8
1_copper
10
0.0
20
0.0
30
0.0
70
1
0
VERTEX
8
0
10
17.9451
20
53.643590625
30
0
0
VERTEX
8
0
10
17.9451
20
54.306409375
30
0
0
VERTEX
8
0
10
17.476409375
20
54.7751
30
0
0
VERTEX
8
0
10
16.813590625
20
54.7751
30
0
0
VERTEX
8
0
10
16.3449
20
54.306409375
30
0
0
VERTEX
8
0
10
16.3449
20
54.063900000000004
30
0
0
VERTEX
8
0
10
9.561825
20
54.063900000000004
30
0
0
VERTEX
8
0
10
7.0478625
20
56.5778625
30
0
0
VERTEX
8
0
10
7.046725
20
56.578731250000004
30
0
0
VERTEX
8
0
10
7.045825000000001
20
56.579834375000004
30
0
42
0.13345908325940362
0
VERTEX
8
0
10
7.0046437500000005
20
56.601703125
30
0
0
VERTEX
8
0
10
6.985
20
56.6039
30
0
0
VERTEX
8
0
10
5.7404
20
56.6039
30
0
0
VERTEX
8
0
10
5.7404
20
56.78854375
30
0
0
VERTEX
8
0
10
5.35354375
20
57.1754
30
0
0
VERTEX
8
0
10
4.80645625
20
57.1754
30
0
0
VERTEX
8
0
10
4.4196
20
56.78854375
30
0
0
VERTEX
8
0
10
4.4196
20
56.241456250000006
30
0
0
VERTEX
8
0
10
4.80645625
20
55.854600000000005
30
0
0
VERTEX
8
0
10
5.35354375
20
55.854600000000005
30
0
0
VERTEX
8
0
10
5.7404
20
56.241456250000006
30
0
0
VERTEX
8
0
10
5.7404
20
56.426100000000005
30
0
0
VERTEX
8
0
10
6.948175
20
56.426100000000005
30
0
0
VERTEX
8
0
10
9.4621375
20
53.9121375
30
0
0
VERTEX
8
0
10
9.463275000000001
20
53.911268750000005
30
0
0
VERTEX
8
0
10
9.464175000000001
20
53.910165625000005
30
0
42
0.13345908325940362
0
VERTEX
8
0
10
9.50535625
20
53.888296875
30
0
0
VERTEX
8
0
10
9.525
20
53.886100000000006
30
0
0
VERTEX
8
0
10
16.3449
20
53.886100000000006
30
0
0
VERTEX
8
0
10
16.3449
20
53.643590625
30
0
0
VERTEX
8
0
10
16.813590625
20
53.1749
30
0
0
VERTEX
8
0
10
17.476409375
20
53.1749
30
0
0
SEQEND
0
POLYLINE
66
1
8
16_copper
10
0.0
20
0.0
30
0.0
70
1
0
VERTEX
8
0
10
17.9451
20
53.643590625
30
0
0
VERTEX
8
0
10
17.9451
20
54.306409375
30
0
0
VERTEX
8
0
10
17.476409375
20
54.7751
30
0
0
VERTEX
8
0
10
16.813590625
20
54.7751
30
0
0
VERTEX
8
0
10
16.642109375
20
54.60361875
30
0
0
VERTEX
8
0
10
16.2814
20
54.964325
30
0
0
VERTEX
8
0
10
16.2814
20
56.700556250000005
30
0
0
VERTEX
8
0
10
16.2818875
20
56.700621875
30
0
42
0.9999999999999999
0
VERTEX
8
0
10
16.1031125
20
57.599378125
30
0
0
VERTEX
8
0
10
16.045221875
20
57.583865625
30
0
42
0.7673259645146402
0
VERTEX
8
0
10
16.1031125
20
56.700621875
30
0
0
VERTEX
8
0
10
16.1036
20
56.700556250000005
30
0
0
VERTEX
8
0
10
16.1036
20
54.9275
30
0
0
VERTEX
8
0
10
16.1037875
20
54.926090625
30
0
0
VERTEX
8
0
10
16.10364375
20
54.924665625
30
0
42
0.1334529542604602
0
VERTEX
8
0
10
16.1173
20
54.880084375
30
0
0
VERTEX
8
0
10
16.1296375
20
54.8646375
30
0
0
VERTEX
8
0
10
16.516384375
20
54.47789375
30
0
0
VERTEX
8
0
10
16.3449
20
54.306409375
30
0
0
VERTEX
8
0
10
16.3449
20
53.643590625
30
0
0
VERTEX
8
0
10
16.813590625
20
53.1749
30
0
0
VERTEX
8
0
10
17.476409375
20
53.1749
30
0
0
SEQEND
0
POLYLINE
66
1
8
16_copper
10
0.0
20
0.0
30
0.0
70
1
0
VERTEX
8
0
10
5.7404
20
56.241456250000006
30
0
0
VERTEX
8
0
10
5.7404
20
56.78854375
30
0
0
VERTEX
8
0
10
5.35354375
20
57.1754
30
0
0
VERTEX
8
0
10
4.80645625
20
57.1754
30
0
0
VERTEX
8
0
10
4.4196
20
56.78854375
30
0
0
VERTEX
8
0
10
4.4196
20
56.241456250000006
30
0
0
VERTEX
8
0
10
4.80645625
20
55.854600000000005
30
0
0
VERTEX
8
0
10
5.35354375
20
55.854600000000005
30
0
0
SEQEND
0
POLYLINE
66
1
8
1_copper
10
0.0
20
0.0
30
0.0
70
1
0
VERTEX
8
0
10
29.357865625000002
20
60.1726
30
0
0
VERTEX
8
0
10
30.48
20
60.1726
30
0
0
VERTEX
8
0
10
30.485696875000002
20
60.173178125
30
0
0
VERTEX
8
0
10
30.491415625000002
20
60.173028125
30
0
42
0.1531278540915039
0
VERTEX
8
0
10
30.57615625
20
60.2067625
30
0
0
VERTEX
8
0
10
30.5877625
20
60.2172375
30
0
0
VERTEX
8
0
10
30.755790625000003
20
60.385265625
30
0
0
VERTEX
8
0
10
30.84145625
20
60.299600000000005
30
0
0
VERTEX
8
0
10
31.38854375
20
60.299600000000005
30
0
0
VERTEX
8
0
10
31.7754
20
60.686456250000006
30
0
0
VERTEX
8
0
10
31.7754
20
61.23354375
30
0
0
VERTEX
8
0
10
31.38854375
20
61.620400000000004
30
0
0
VERTEX
8
0
10
30.84145625
20
61.620400000000004
30
0
0
VERTEX
8
0
10
30.454600000000003
20
61.23354375
30
0
0
VERTEX
8
0
10
30.454600000000003
20
60.686456250000006
30
0
0
VERTEX
8
0
10
30.540265625
20
60.600790625
30
0
0
VERTEX
8
0
10
30.416875
20
60.4774
30
0
0
VERTEX
8
0
10
29.357865625000002
20
60.4774
30
0
0
VERTEX
8
0
10
29.357865625000002
20
60.505
30
0
0
VERTEX
8
0
10
28.557865625
20
60.505
30
0
0
VERTEX
8
0
10
28.557865625
20
60.105000000000004
30
0
0
VERTEX
8
0
10
29.357865625000002
20
60.105000000000004
30
0
0
SEQEND
0
POLYLINE
66
1
8
16_copper
10
0.0
20
0.0
30
0.0
70
1
0
VERTEX
8
0
10
31.7754
20
60.686456250000006
30
0
0
VERTEX
8
0
10
31.7754
20
61.23354375
30
0
0
VERTEX
8
0
10
31.38854375
20
61.620400000000004
30
0
0
VERTEX
8
0
10
30.84145625
20
61.620400000000004
30
0
0
VERTEX
8
0
10
30.454600000000003
20
61.23354375
30
0
0
VERTEX
8
0
10
30.454600000000003
20
60.686456250000006
30
0
0
VERTEX
8
0
10
30.84145625
20
60.299600000000005
30
0
0
VERTEX
8
0
10
31.38854375
20
60.299600000000005
30
0
0
SEQEND
0
POLYLINE
66
1
8
1_copper
10
0.0
20
0.0
30
0.0
70
1
0
VERTEX
8
0
10
29.357865625000002
20
59.3526
30
0
0
VERTEX
8
0
10
29.967465625000003
20
59.3526
30
0
0
VERTEX
8
0
10
29.9731625
20
59.353178125
30
0
0
VERTEX
8
0
10
29.97888125
20
59.353028125
30
0
42
0.1531278540915039
0
VERTEX
8
0
10
30.063621875000003
20
59.3867625
30
0
0
VERTEX
8
0
10
30.075228125000002
20
59.3972375
30
0
0
VERTEX
8
0
10
30.211990625000002
20
59.534000000000006
30
0
0
VERTEX
8
0
10
32.574400000000004
20
59.534000000000006
30
0
0
VERTEX
8
0
10
32.580096875
20
59.534578125
30
0
0
VERTEX
8
0
10
32.585815625
20
59.534428125000005
30
0
42
0.1531278540915039
0
VERTEX
8
0
10
32.670556250000004
20
59.5681625
30
0
0
VERTEX
8
0
10
32.682162500000004
20
59.578637500000006
30
0
0
VERTEX
8
0
10
33.403125
20
60.299600000000005
30
0
0
VERTEX
8
0
10
33.92854375
20
60.299600000000005
30
0
0
VERTEX
8
0
10
34.315400000000004
20
60.686456250000006
30
0
0
VERTEX
8
0
10
34.315400000000004
20
61.23354375
30
0
0
VERTEX
8
0
10
33.92854375
20
61.620400000000004
30
0
0
VERTEX
8
0
10
33.38145625
20
61.620400000000004
30
0
0
VERTEX
8
0
10
32.9946
20
61.23354375
30
0
0
VERTEX
8
0
10
32.9946
20
60.686456250000006
30
0
0
VERTEX
8
0
10
33.176765625
20
60.504290625
30
0
0
VERTEX
8
0
10
32.511275000000005
20
59.838800000000006
30
0
0
VERTEX
8
0
10
30.148865625000003
20
59.838800000000006
30
0
0
VERTEX
8
0
10
30.14316875
20
59.838221875
30
0
0
VERTEX
8
0
10
30.13745
20
59.838371875
30
0
42
0.1531278540915039
0
VERTEX
8
0
10
30.052709375000003
20
59.804637500000005
30
0
0
VERTEX
8
0
10
30.041103125000003
20
59.794162500000006
30
0
0
VERTEX
8
0
10
29.904340625
20
59.6574
30
0
0
VERTEX
8
0
10
29.357865625000002
20
59.6574
30
0
0
VERTEX
8
0
10
29.357865625000002
20
59.705000000000005
30
0
0
VERTEX
8
0
10
28.557865625
20
59.705000000000005
30
0
0
VERTEX
8
0
10
28.557865625
20
59.305
30
0
0
VERTEX
8
0
10
29.357865625000002
20
59.305
30
0
0
SEQEND
0
POLYLINE
66
1
8
16_copper
10
0.0
20
0.0
30
0.0
70
1
0
VERTEX
8
0
10
34.315400000000004
20
60.686456250000006
30
0
0
VERTEX
8
0
10
34.315400000000004
20
61.23354375
30
0
0
VERTEX
8
0
10
33.92854375
20
61.620400000000004
30
0
0
VERTEX
8
0
10
33.38145625
20
61.620400000000004
30
0
0
VERTEX
8
0
10
32.9946
20
61.23354375
30
0
0
VERTEX
8
0
10
32.9946
20
60.686456250000006
30
0
0
VERTEX
8
0
10
33.38145625
20
60.299600000000005
30
0
0
VERTEX
8
0
10
33.92854375
20
60.299600000000005
30
0
0
SEQEND
0
POLYLINE
66
1
8
1_copper
10
0.0
20
0.0
30
0.0
70
1
0
VERTEX
8
0
10
23.860265625
20
75.678390625
30
0
0
VERTEX
8
0
10
23.860265625
20
75.74000000000001
30
0
0
VERTEX
8
0
10
23.907865625
20
75.74000000000001
30
0
0
VERTEX
8
0
10
23.907865625
20
77.09
30
0
0
VERTEX
8
0
10
23.507865625
20
77.09
30
0
0
VERTEX
8
0
10
23.507865625
20
75.74000000000001
30
0
0
VERTEX
8
0
10
23.555465625
20
75.74000000000001
30
0
0
VERTEX
8
0
10
23.555465625
20
75.615265625
30
0
0
VERTEX
8
0
10
23.55604375
20
75.60956875000001
30
0
0
VERTEX
8
0
10
23.555893750000003
20
75.60385000000001
30
0
42
0.1531278540915039
0
VERTEX
8
0
10
23.589628125
20
75.519109375
30
0
0
VERTEX
8
0
10
23.600103125
20
75.507503125
30
0
0
VERTEX
8
0
10
23.881768750000003
20
75.2258375
30
0
0
VERTEX
8
0
10
23.88620625
20
75.22221875000001
30
0
0
VERTEX
8
0
10
23.89014375
20
75.21806875
30
0
42
0.15312467584094633
0
VERTEX
8
0
10
23.973915625
20
75.18200312500001
30
0
0
VERTEX
8
0
10
23.989531250000002
20
75.1812
30
0
0
VERTEX
8
0
10
24.2288
20
75.1812
30
0
0
VERTEX
8
0
10
24.396162500000003
20
75.01383750000001
30
0
0
VERTEX
8
0
10
24.4006
20
75.01021875
30
0
0
VERTEX
8
0
10
24.4045375
20
75.00606875
30
0
42
0.15312467584094633
0
VERTEX
8
0
10
24.488309375
20
74.970003125
30
0
0
VERTEX
8
0
10
24.503925000000002
20
74.9692
30
0
0
VERTEX
8
0
10
25.7618125
20
74.9692
30
0
0
VERTEX
8
0
10
25.767509375
20
74.969778125
30
0
0
VERTEX
8
0
10
25.773228125000003
20
74.969628125
30
0
42
0.1531278540915039
0
VERTEX
8
0
10
25.85796875
20
75.00336250000001
30
0
0
VERTEX
8
0
10
25.869575
20
75.01383750000001
30
0
0
VERTEX
8
0
10
26.217537500000002
20
75.3618
30
0
0
VERTEX
8
0
10
27.43125625
20
75.3618
30
0
0
VERTEX
8
0
10
27.5782375
20
75.21481875
30
0
0
VERTEX
8
0
10
27.581196875
20
75.21240625
30
0
0
VERTEX
8
0
10
27.58375625
20
75.20956875
30
0
42
0.3701872332645056
0
VERTEX
8
0
10
27.78215625
20
75.20434375
30
0
0
VERTEX
8
0
10
27.7937625
20
75.21481875
30
0
0
VERTEX
8
0
10
27.940743750000003
20
75.3618
30
0
0
VERTEX
8
0
10
28.447256250000002
20
75.3618
30
0
0
VERTEX
8
0
10
28.594237500000002
20
75.21481875
30
0
0
VERTEX
8
0
10
28.597196875
20
75.21240625
30
0
0
VERTEX
8
0
10
28.599756250000002
20
75.20956875
30
0
42
0.3701872332645056
0
VERTEX
8
0
10
28.79815625
20
75.20434375
30
0
0
VERTEX
8
0
10
28.8097625
20
75.21481875
30
0
0
VERTEX
8
0
10
28.95674375
20
75.3618
30
0
0
VERTEX
8
0
10
29.46325625
20
75.3618
30
0
0
VERTEX
8
0
10
29.6102375
20
75.21481875
30
0
0
VERTEX
8
0
10
29.613196875
20
75.21240625
30
0
0
VERTEX
8
0
10
29.61575625
20
75.20956875
30
0
42
0.3701872332645056
0
VERTEX
8
0
10
29.81415625
20
75.20434375
30
0
0
VERTEX
8
0
10
29.8257625
20
75.21481875
30
0
0
VERTEX
8
0
10
29.972743750000003
20
75.3618
30
0
0
VERTEX
8
0
10
30.552456250000002
20
75.3618
30
0
0
VERTEX
8
0
10
30.731
20
75.18325625
30
0
0
VERTEX
8
0
10
30.731
20
74.684
30
0
0
VERTEX
8
0
10
31.317546875
20
74.684
30
0
0
VERTEX
8
0
10
33.717671875
20
72.28387500000001
30
0
0
VERTEX
8
0
10
33.717671875
20
70.28020000000001
30
0
0
VERTEX
8
0
10
33.622003125
20
70.18453125
30
0
0
VERTEX
8
0
10
33.618384375000005
20
70.18009375
30
0
0
VERTEX
8
0
10
33.614234375
20
70.17615625
30
0
42
0.15312467584094633
0
VERTEX
8
0
10
33.57816875
20
70.09238437500001
30
0
0
VERTEX
8
0
10
33.577365625
20
70.07676875
30
0
0
VERTEX
8
0
10
33.577365625
20
69.24040000000001
30
0
0
VERTEX
8
0
10
33.38145625
20
69.24040000000001
30
0
0
VERTEX
8
0
10
32.9946
20
68.85354375
30
0
0
VERTEX
8
0
10
32.9946
20
68.30645625
30
0
0
VERTEX
8
0
10
33.38145625
20
67.9196
30
0
0
VERTEX
8
0
10
33.92854375
20
67.9196
30
0
0
VERTEX
8
0
10
34.315400000000004
20
68.30645625
30
0
0
VERTEX
8
0
10
34.315400000000004
20
68.85354375
30
0
0
VERTEX
8
0
10
33.92854375
20
69.24040000000001
30
0
0
VERTEX
8
0
10
33.882165625
20
69.24040000000001
30
0
0
VERTEX
8
0
10
33.882165625
20
70.01364375
30
0
0
VERTEX
8
0
10
33.977834375
20
70.1093125
30
0
0
VERTEX
8
0
10
33.981453125
20
70.11375000000001
30
0
0
VERTEX
8
0
10
33.985603125000004
20
70.1176875
30
0
42
0.15312467584094633
0
VERTEX
8
0
10
34.02166875
20
70.201459375
30
0
0
VERTEX
8
0
10
34.022471875
20
70.21707500000001
30
0
0
VERTEX
8
0
10
34.022471875
20
72.34700000000001
30
0
0
VERTEX
8
0
10
34.021893750000004
20
72.352696875
30
0
0
VERTEX
8
0
10
34.02204375
20
72.358415625
30
0
42
0.1531278540915039
0
VERTEX
8
0
10
33.988309375
20
72.44315625
30
0
0
VERTEX
8
0
10
33.977834375
20
72.4547625
30
0
0
VERTEX
8
0
10
31.748596875
20
74.684
30
0
0
VERTEX
8
0
10
31.831000000000003
20
74.684
30
0
0
VERTEX
8
0
10
31.831000000000003
20
75.684
30
0
0
VERTEX
8
0
10
30.731
20
75.684
30
0
0
VERTEX
8
0
10
30.731
20
75.61430625
30
0
0
VERTEX
8
0
10
30.72334375
20
75.62196250000001
30
0
42
0.17236533787118383
0
VERTEX
8
0
10
30.631196875
20
75.665796875
30
0
0
VERTEX
8
0
10
30.61558125
20
75.6666
30
0
0
VERTEX
8
0
10
29.90961875
20
75.6666
30
0
0
VERTEX
8
0
10
29.903921875
20
75.666021875
30
0
0
VERTEX
8
0
10
29.898203125000002
20
75.666171875
30
0
42
0.1531278540915039
0
VERTEX
8
0
10
29.8134625
20
75.63243750000001
30
0
0
VERTEX
8
0
10
29.80185625
20
75.62196250000001
30
0
0
VERTEX
8
0
10
29.718
20
75.53810625
30
0
0
VERTEX
8
0
10
29.63414375
20
75.62196250000001
30
0
0
VERTEX
8
0
10
29.62970625
20
75.62558125000001
30
0
0
VERTEX
8
0
10
29.625768750000002
20
75.62973125
30
0
42
0.15312467584094633
0
VERTEX
8
0
10
29.541996875000002
20
75.665796875
30
0
0
VERTEX
8
0
10
29.52638125
20
75.6666
30
0
0
VERTEX
8
0
10
28.89361875
20
75.6666
30
0
0
VERTEX
8
0
10
28.887921875
20
75.666021875
30
0
0
VERTEX
8
0
10
28.882203125
20
75.666171875
30
0
42
0.1531278540915039
0
VERTEX
8
0
10
28.7974625
20
75.63243750000001
30
0
0
VERTEX
8
0
10
28.785856250000002
20
75.62196250000001
30
0
0
VERTEX
8
0
10
28.702
20
75.53810625
30
0
0
VERTEX
8
0
10
28.61814375
20
75.62196250000001
30
0
0
VERTEX
8
0
10
28.61370625
20
75.62558125000001
30
0
0
VERTEX
8
0
10
28.60976875
20
75.62973125
30
0
42
0.15312467584094633
0
VERTEX
8
0
10
28.525996875
20
75.665796875
30
0
0
VERTEX
8
0
10
28.510381250000002
20
75.6666
30
0
0
VERTEX
8
0
10
27.87761875
20
75.6666
30
0
0
VERTEX
8
0
10
27.871921875
20
75.666021875
30
0
0
VERTEX
8
0
10
27.866203125000002
20
75.666171875
30
0
42
0.1531278540915039
0
VERTEX
8
0
10
27.7814625
20
75.63243750000001
30
0
0
VERTEX
8
0
10
27.76985625
20
75.62196250000001
30
0
0
VERTEX
8
0
10
27.686
20
75.53810625
30
0
0
VERTEX
8
0
10
27.60214375
20
75.62196250000001
30
0
0
VERTEX
8
0
10
27.59770625
20
75.62558125000001
30
0
0
VERTEX
8
0
10
27.593768750000002
20
75.62973125
30
0
42
0.15312467584094633
0
VERTEX
8
0
10
27.509996875000002
20
75.665796875
30
0
0
VERTEX
8
0
10
27.49438125
20
75.6666
30
0
0
VERTEX
8
0
10
26.154412500000003
20
75.6666
30
0
0
VERTEX
8
0
10
26.148715625
20
75.666021875
30
0
0
VERTEX
8
0
10
26.142996875
20
75.666171875
30
0
42
0.1531278540915039
0
VERTEX
8
0
10
26.058256250000003
20
75.63243750000001
30
0
0
VERTEX
8
0
10
26.04665
20
75.62196250000001
30
0
0
VERTEX
8
0
10
25.698687500000002
20
75.274
30
0
0
VERTEX
8
0
10
24.567050000000002
20
75.274
30
0
0
VERTEX
8
0
10
24.399687500000002
20
75.4413625
30
0
0
VERTEX
8
0
10
24.39525
20
75.44498125
30
0
0
VERTEX
8
0
10
24.3913125
20
75.44913125000001
30
0
42
0.15312467584094633
0
VERTEX
8
0
10
24.307540625
20
75.485196875
30
0
0
VERTEX
8
0
10
24.291925000000003
20
75.486
30
0
0
VERTEX
8
0
10
24.052656250000002
20
75.486
30
0
0
SEQEND
0
POLYLINE
66
1
8
16_copper
10
0.0
20
0.0
30
0.0
70
1
0
VERTEX
8
0
10
34.315400000000004
20
68.30645625
30
0
0
VERTEX
8
0
10
34.315400000000004
20
68.85354375
30
0
0
VERTEX
8
0
10
33.92854375
20
69.24040000000001
30
0
0
VERTEX
8
0
10
33.38145625
20
69.24040000000001
30
0
0
VERTEX
8
0
10
32.9946
20
68.85354375
30
0
0
VERTEX
8
0
10
32.9946
20
68.30645625
30
0
0
VERTEX
8
0
10
33.38145625
20
67.9196
30
0
0
VERTEX
8
0
10
33.92854375
20
67.9196
30
0
0
SEQEND
0
POLYLINE
66
1
8
1_copper
10
0.0
20
0.0
30
0.0
70
1
0
VERTEX
8
0
10
31.7754
20
68.30645625
30
0
0
VERTEX
8
0
10
31.7754
20
68.85354375
30
0
0
VERTEX
8
0
10
31.689734375
20
68.939209375
30
0
0
VERTEX
8
0
10
33.1277625
20
70.3772375
30
0
0
VERTEX
8
0
10
33.131381250000004
20
70.381675
30
0
0
VERTEX
8
0
10
33.13553125
20
70.38561250000001
30
0
42
0.15312467584094633
0
VERTEX
8
0
10
33.171596875
20
70.469384375
30
0
0
VERTEX
8
0
10
33.1724
20
70.485
30
0
0
VERTEX
8
0
10
33.1724
20
71.25500000000001
30
0
0
VERTEX
8
0
10
33.531
20
71.25500000000001
30
0
0
VERTEX
8
0
10
33.531
20
72.25500000000001
30
0
0
VERTEX
8
0
10
32.735525
20
72.25500000000001
30
0
0
VERTEX
8
0
10
30.5786
20
74.411925
30
0
0
VERTEX
8
0
10
30.5786
20
75.057
30
0
0
VERTEX
8
0
10
30.578212500000003
20
75.060803125
30
0
0
VERTEX
8
0
10
30.578409375000003
20
75.06461250000001
30
0
42
0.3701874288596992
0
VERTEX
8
0
10
30.441815625
20
75.208596875
30
0
0
VERTEX
8
0
10
30.4262
20
75.2094
30
0
0
VERTEX
8
0
10
30.099
20
75.2094
30
0
0
VERTEX
8
0
10
30.093303125000002
20
75.208821875
30
0
0
VERTEX
8
0
10
30.087584375000002
20
75.208971875
30
0
42
0.1531278540915039
0
VERTEX
8
0
10
30.00284375
20
75.17523750000001
30
0
0
VERTEX
8
0
10
29.9912375
20
75.16476250000001
30
0
0
VERTEX
8
0
10
29.8642375
20
75.0377625
30
0
0
VERTEX
8
0
10
29.86061875
20
75.033325
30
0
0
VERTEX
8
0
10
29.85646875
20
75.0293875
30
0
42
0.15312467584094633
0
VERTEX
8
0
10
29.820403125000002
20
74.945615625
30
0
0
VERTEX
8
0
10
29.8196
20
74.93
30
0
0
VERTEX
8
0
10
29.8196
20
74.4474
30
0
0
VERTEX
8
0
10
29.654125
20
74.4474
30
0
0
VERTEX
8
0
10
29.616400000000002
20
74.485125
30
0
0
VERTEX
8
0
10
29.616400000000002
20
74.93
30
0
0
VERTEX
8
0
10
29.615821875
20
74.935696875
30
0
0
VERTEX
8
0
10
29.615971875000003
20
74.941415625
30
0
42
0.1531278540915039
0
VERTEX
8
0
10
29.5822375
20
75.02615625
30
0
0
VERTEX
8
0
10
29.571762500000002
20
75.0377625
30
0
0
VERTEX
8
0
10
29.444762500000003
20
75.16476250000001
30
0
0
VERTEX
8
0
10
29.440325
20
75.16838125000001
30
0
0
VERTEX
8
0
10
29.436387500000002
20
75.17253125
30
0
42
0.15312467584094633
0
VERTEX
8
0
10
29.352615625000002
20
75.208596875
30
0
0
VERTEX
8
0
10
29.337
20
75.2094
30
0
0
VERTEX
8
0
10
29.083000000000002
20
75.2094
30
0
0
VERTEX
8
0
10
29.077303125
20
75.208821875
30
0
0
VERTEX
8
0
10
29.071584375
20
75.208971875
30
0
42
0.1531278540915039
0
VERTEX
8
0
10
28.986843750000002
20
75.17523750000001
30
0
0
VERTEX
8
0
10
28.975237500000002
20
75.16476250000001
30
0
0
VERTEX
8
0
10
28.8482375
20
75.0377625
30
0
0
VERTEX
8
0
10
28.844618750000002
20
75.033325
30
0
0
VERTEX
8
0
10
28.840468750000003
20
75.0293875
30
0
42
0.15312467584094633
0
VERTEX
8
0
10
28.804403125
20
74.945615625
30
0
0
VERTEX
8
0
10
28.803600000000003
20
74.93
30
0
0
VERTEX
8
0
10
28.803600000000003
20
74.485125
30
0
0
VERTEX
8
0
10
28.765875
20
74.4474
30
0
0
VERTEX
8
0
10
28.638125000000002
20
74.4474
30
0
0
VERTEX
8
0
10
28.6004
20
74.485125
30
0
0
VERTEX
8
0
10
28.6004
20
74.93
30
0
0
VERTEX
8
0
10
28.599821875
20
74.935696875
30
0
0
VERTEX
8
0
10
28.599971875
20
74.941415625
30
0
42
0.1531278540915039
0
VERTEX
8
0
10
28.5662375
20
75.02615625
30
0
0
VERTEX
8
0
10
28.5557625
20
75.0377625
30
0
0
VERTEX
8
0
10
28.4287625
20
75.16476250000001
30
0
0
VERTEX
8
0
10
28.424325
20
75.16838125000001
30
0
0
VERTEX
8
0
10
28.4203875
20
75.17253125
30
0
42
0.15312467584094633
0
VERTEX
8
0
10
28.336615625
20
75.208596875
30
0
0
VERTEX
8
0
10
28.321
20
75.2094
30
0
0
VERTEX
8
0
10
28.067
20
75.2094
30
0
0
VERTEX
8
0
10
28.061303125000002
20
75.208821875
30
0
0
VERTEX
8
0
10
28.055584375000002
20
75.208971875
30
0
42
0.1531278540915039
0
VERTEX
8
0
10
27.97084375
20
75.17523750000001
30
0
0
VERTEX
8
0
10
27.9592375
20
75.16476250000001
30
0
0
VERTEX
8
0
10
27.8322375
20
75.0377625
30
0
0
VERTEX
8
0
10
27.82861875
20
75.033325
30
0
0
VERTEX
8
0
10
27.82446875
20
75.0293875
30
0
42
0.15312467584094633
0
VERTEX
8
0
10
27.788403125000002
20
74.945615625
30
0
0
VERTEX
8
0
10
27.7876
20
74.93
30
0
0
VERTEX
8
0
10
27.7876
20
74.485125
30
0
0
VERTEX
8
0
10
27.749875000000003
20
74.4474
30
0
0
VERTEX
8
0
10
27.622125
20
74.4474
30
0
0
VERTEX
8
0
10
27.584400000000002
20
74.485125
30
0
0
VERTEX
8
0
10
27.584400000000002
20
74.93
30
0
0
VERTEX
8
0
10
27.583821875
20
74.935696875
30
0
0
VERTEX
8
0
10
27.583971875
20
74.941415625
30
0
42
0.1531278540915039
0
VERTEX
8
0
10
27.5502375
20
75.02615625
30
0
0
VERTEX
8
0
10
27.539762500000002
20
75.0377625
30
0
0
VERTEX
8
0
10
27.412762500000003
20
75.16476250000001
30
0
0
VERTEX
8
0
10
27.408325
20
75.16838125000001
30
0
0
VERTEX
8
0
10
27.404387500000002
20
75.17253125
30
0
42
0.15312467584094633
0
VERTEX
8
0
10
27.320615625000002
20
75.208596875
30
0
0
VERTEX
8
0
10
27.305
20
75.2094
30
0
0
VERTEX
8
0
10
27.051000000000002
20
75.2094
30
0
0
VERTEX
8
0
10
27.045303125
20
75.208821875
30
0
0
VERTEX
8
0
10
27.039584375
20
75.208971875
30
0
42
0.1531278540915039
0
VERTEX
8
0
10
26.954843750000002
20
75.17523750000001
30
0
0
VERTEX
8
0
10
26.943237500000002
20
75.16476250000001
30
0
0
VERTEX
8
0
10
26.807275
20
75.0288
30
0
0
VERTEX
8
0
10
26.16319375
20
75.0288
30
0
0
VERTEX
8
0
10
26.157496875
20
75.028221875
30
0
0
VERTEX
8
0
10
26.151778125
20
75.028371875
30
0
42
0.1531278540915039
0
VERTEX
8
0
10
26.0670375
20
74.99463750000001
30
0
0
VERTEX
8
0
10
26.05543125
20
74.9841625
30
0
0
VERTEX
8
0
10
25.888068750000002
20
74.8168
30
0
0
VERTEX
8
0
10
24.37766875
20
74.8168
30
0
0
VERTEX
8
0
10
24.210306250000002
20
74.9841625
30
0
0
VERTEX
8
0
10
24.20586875
20
74.98778125
30
0
0
VERTEX
8
0
10
24.20193125
20
74.99193125000001
30
0
42
0.15312467584094633
0
VERTEX
8
0
10
24.118159375
20
75.027996875
30
0
0
VERTEX
8
0
10
24.102543750000002
20
75.0288
30
0
0
VERTEX
8
0
10
23.863275
20
75.0288
30
0
0
VERTEX
8
0
10
23.210265625
20
75.681809375
30
0
0
VERTEX
8
0
10
23.210265625
20
75.74000000000001
30
0
0
VERTEX
8
0
10
23.257865625
20
75.74000000000001
30
0
0
VERTEX
8
0
10
23.257865625
20
77.09
30
0
0
VERTEX
8
0
10
22.857865625000002
20
77.09
30
0
0
VERTEX
8
0
10
22.857865625000002
20
75.74000000000001
30
0
0
VERTEX
8
0
10
22.905465625
20
75.74000000000001
30
0
0
VERTEX
8
0
10
22.905465625
20
75.618684375
30
0
0
VERTEX
8
0
10
22.906043750000002
20
75.6129875
30
0
0
VERTEX
8
0
10
22.90589375
20
75.60726875
30
0
42
0.1531278540915039
0
VERTEX
8
0
10
22.939628125000002
20
75.52252812500001
30
0
0
VERTEX
8
0
10
22.950103125000002
20
75.51092187500001
30
0
0
VERTEX
8
0
10
23.692387500000002
20
74.7686375
30
0
0
VERTEX
8
0
10
23.696825
20
74.76501875000001
30
0
0
VERTEX
8
0
10
23.7007625
20
74.76086875
30
0
42
0.15312467584094633
0
VERTEX
8
0
10
23.784534375
20
74.72480312500001
30
0
0
VERTEX
8
0
10
23.800150000000002
20
74.724
30
0
0
VERTEX
8
0
10
24.03941875
20
74.724
30
0
0
VERTEX
8
0
10
24.206781250000002
20
74.55663750000001
30
0
0
VERTEX
8
0
10
24.21121875
20
74.55301875
30
0
0
VERTEX
8
0
10
24.21515625
20
74.54886875
30
0
42
0.15312467584094633
0
VERTEX
8
0
10
24.298928125
20
74.512803125
30
0
0
VERTEX
8
0
10
24.314543750000002
20
74.512
30
0
0
VERTEX
8
0
10
25.95119375
20
74.512
30
0
0
VERTEX
8
0
10
25.956890625
20
74.512578125
30
0
0
VERTEX
8
0
10
25.962609375
20
74.512428125
30
0
42
0.1531278540915039
0
VERTEX
8
0
10
26.04735
20
74.54616250000001
30
0
0
VERTEX
8
0
10
26.05895625
20
74.55663750000001
30
0
0
VERTEX
8
0
10
26.22631875
20
74.724
30
0
0
VERTEX
8
0
10
26.8704
20
74.724
30
0
0
VERTEX
8
0
10
26.876096875
20
74.72457812500001
30
0
0
VERTEX
8
0
10
26.881815625
20
74.724428125
30
0
42
0.1531278540915039
0
VERTEX
8
0
10
26.96655625
20
74.7581625
30
0
0
VERTEX
8
0
10
26.9781625
20
74.7686375
30
0
0
VERTEX
8
0
10
27.114125
20
74.9046
30
0
0
VERTEX
8
0
10
27.241875
20
74.9046
30
0
0
VERTEX
8
0
10
27.279600000000002
20
74.86687500000001
30
0
0
VERTEX
8
0
10
27.279600000000002
20
74.422
30
0
0
VERTEX
8
0
10
27.280178125000003
20
74.416303125
30
0
0
VERTEX
8
0
10
27.280028125
20
74.410584375
30
0
42
0.1531278540915039
0
VERTEX
8
0
10
27.313762500000003
20
74.32584375
30
0
0
VERTEX
8
0
10
27.324237500000002
20
74.3142375
30
0
0
VERTEX
8
0
10
27.4512375
20
74.18723750000001
30
0
0
VERTEX
8
0
10
27.455675000000003
20
74.18361875000001
30
0
0
VERTEX
8
0
10
27.459612500000002
20
74.17946875
30
0
42
0.15312467584094633
0
VERTEX
8
0
10
27.543384375000002
20
74.143403125
30
0
0
VERTEX
8
0
10
27.559
20
74.1426
30
0
0
VERTEX
8
0
10
27.813000000000002
20
74.1426
30
0
0
VERTEX
8
0
10
27.818696875
20
74.143178125
30
0
0
VERTEX
8
0
10
27.824415625
20
74.143028125
30
0
42
0.1531278540915039
0
VERTEX
8
0
10
27.909156250000002
20
74.17676250000001
30
0
0
VERTEX
8
0
10
27.920762500000002
20
74.18723750000001
30
0
0
VERTEX
8
0
10
28.0477625
20
74.3142375
30
0
0
VERTEX
8
0
10
28.051381250000002
20
74.318675
30
0
0
VERTEX
8
0
10
28.05553125
20
74.3226125
30
0
42
0.15312467584094633
0
VERTEX
8
0
10
28.091596875
20
74.406384375
30
0
0
VERTEX
8
0
10
28.0924
20
74.422
30
0
0
VERTEX
8
0
10
28.0924
20
74.86687500000001
30
0
0
VERTEX
8
0
10
28.130125
20
74.9046
30
0
0
VERTEX
8
0
10
28.257875000000002
20
74.9046
30
0
0
VERTEX
8
0
10
28.2956
20
74.86687500000001
30
0
0
VERTEX
8
0
10
28.2956
20
74.422
30
0
0
VERTEX
8
0
10
28.296178125
20
74.416303125
30
0
0
VERTEX
8
0
10
28.296028125000003
20
74.410584375
30
0
42
0.1531278540915039
0
VERTEX
8
0
10
28.3297625
20
74.32584375
30
0
0
VERTEX
8
0
10
28.3402375
20
74.3142375
30
0
0
VERTEX
8
0
10
28.467237500000003
20
74.18723750000001
30
0
0
VERTEX
8
0
10
28.471675
20
74.18361875000001
30
0
0
VERTEX
8
0
10
28.4756125
20
74.17946875
30
0
42
0.15312467584094633
0
VERTEX
8
0
10
28.559384375
20
74.143403125
30
0
0
VERTEX
8
0
10
28.575000000000003
20
74.1426
30
0
0
VERTEX
8
0
10
28.829
20
74.1426
30
0
0
VERTEX
8
0
10
28.834696875000002
20
74.143178125
30
0
0
VERTEX
8
0
10
28.840415625000002
20
74.143028125
30
0
42
0.1531278540915039
0
VERTEX
8
0
10
28.92515625
20
74.17676250000001
30
0
0
VERTEX
8
0
10
28.9367625
20
74.18723750000001
30
0
0
VERTEX
8
0
10
29.063762500000003
20
74.3142375
30
0
0
VERTEX
8
0
10
29.06738125
20
74.318675
30
0
0
VERTEX
8
0
10
29.071531250000003
20
74.3226125
30
0
42
0.15312467584094633
0
VERTEX
8
0
10
29.107596875000002
20
74.406384375
30
0
0
VERTEX
8
0
10
29.108400000000003
20
74.422
30
0
0
VERTEX
8
0
10
29.108400000000003
20
74.86687500000001
30
0
0
VERTEX
8
0
10
29.146125
20
74.9046
30
0
0
VERTEX
8
0
10
29.273875
20
74.9046
30
0
0
VERTEX
8
0
10
29.311600000000002
20
74.86687500000001
30
0
0
VERTEX
8
0
10
29.311600000000002
20
74.422
30
0
0
VERTEX
8
0
10
29.312178125000003
20
74.416303125
30
0
0
VERTEX
8
0
10
29.312028125
20
74.410584375
30
0
42
0.1531278540915039
0
VERTEX
8
0
10
29.345762500000003
20
74.32584375
30
0
0
VERTEX
8
0
10
29.356237500000002
20
74.3142375
30
0
0
VERTEX
8
0
10
29.4832375
20
74.18723750000001
30
0
0
VERTEX
8
0
10
29.487675000000003
20
74.18361875000001
30
0
0
VERTEX
8
0
10
29.491612500000002
20
74.17946875
30
0
42
0.15312467584094633
0
VERTEX
8
0
10
29.575384375000002
20
74.143403125
30
0
0
VERTEX
8
0
10
29.591
20
74.1426
30
0
0
VERTEX
8
0
10
29.972
20
74.1426
30
0
0
VERTEX
8
0
10
29.975803125000002
20
74.1429875
30
0
0
VERTEX
8
0
10
29.9796125
20
74.142790625
30
0
42
0.3701874288596992
0
VERTEX
8
0
10
30.123596875
20
74.279384375
30
0
0
VERTEX
8
0
10
30.1244
20
74.295
30
0
0
VERTEX
8
0
10
30.1244
20
74.86687500000001
30
0
0
VERTEX
8
0
10
30.162125000000003
20
74.9046
30
0
0
VERTEX
8
0
10
30.2738
20
74.9046
30
0
0
VERTEX
8
0
10
30.2738
20
74.3488
30
0
0
VERTEX
8
0
10
30.274378125000002
20
74.343103125
30
0
0
VERTEX
8
0
10
30.274228125
20
74.337384375
30
0
42
0.1531278540915039
0
VERTEX
8
0
10
30.307962500000002
20
74.25264375
30
0
0
VERTEX
8
0
10
30.3184375
20
74.2410375
30
0
0
VERTEX
8
0
10
32.431000000000004
20
72.12847500000001
30
0
0
VERTEX
8
0
10
32.431000000000004
20
71.25500000000001
30
0
0
VERTEX
8
0
10
32.8676
20
71.25500000000001
30
0
0
VERTEX
8
0
10
32.8676
20
70.548125
30
0
0
VERTEX
8
0
10
31.474209375
20
69.154734375
30
0
0
VERTEX
8
0
10
31.38854375
20
69.24040000000001
30
0
0
VERTEX
8
0
10
30.84145625
20
69.24040000000001
30
0
0
VERTEX
8
0
10
30.454600000000003
20
68.85354375
30
0
0
VERTEX
8
0
10
30.454600000000003
20
68.30645625
30
0
0
VERTEX
8
0
10
30.84145625
20
67.9196
30
0
0
VERTEX
8
0
10
31.38854375
20
67.9196
30
0
0
SEQEND
0
POLYLINE
66
1
8
16_copper
10
0.0
20
0.0
30
0.0
70
1
0
VERTEX
8
0
10
31.7754
20
68.30645625
30
0
0
VERTEX
8
0
10
31.7754
20
68.85354375
30
0
0
VERTEX
8
0
10
31.38854375
20
69.24040000000001
30
0
0
VERTEX
8
0
10
30.84145625
20
69.24040000000001
30
0
0
VERTEX
8
0
10
30.454600000000003
20
68.85354375
30
0
0
VERTEX
8
0
10
30.454600000000003
20
68.30645625
30
0
0
VERTEX
8
0
10
30.84145625
20
67.9196
30
0
0
VERTEX
8
0
10
31.38854375
20
67.9196
30
0
0
SEQEND
0
POLYLINE
66
1
8
1_copper
10
0.0
20
0.0
30
0.0
70
1
0
VERTEX
8
0
10
29.357865625000002
20
62.84780000000001
30
0
0
VERTEX
8
0
10
30.721781250000003
20
62.84780000000001
30
0
0
VERTEX
8
0
10
30.727478125
20
62.848378125
30
0
0
VERTEX
8
0
10
30.733196875
20
62.848228125000006
30
0
42
0.1531278540915039
0
VERTEX
8
0
10
30.817937500000003
20
62.8819625
30
0
0
VERTEX
8
0
10
30.829543750000003
20
62.8924375
30
0
0
VERTEX
8
0
10
35.6677625
20
67.73065625000001
30
0
0
VERTEX
8
0
10
35.67138125
20
67.73509375
30
0
0
VERTEX
8
0
10
35.67553125
20
67.73903125
30
0
42
0.15312467584094633
0
VERTEX
8
0
10
35.711596875000005
20
67.82280312500001
30
0
0
VERTEX
8
0
10
35.7124
20
67.83841875
30
0
0
VERTEX
8
0
10
35.7124
20
77.86638437500001
30
0
0
VERTEX
8
0
10
35.745375
20
77.87294375
30
0
42
0.3303552833504715
0
VERTEX
8
0
10
36.322
20
78.57556562500001
30
0
0
VERTEX
8
0
10
36.322
20
80.174434375
30
0
0
VERTEX
8
0
10
36.314662500000004
20
80.24894375000001
30
0
42
0.9063472543261978
0
VERTEX
8
0
10
34.798
20
80.174434375
30
0
0
VERTEX
8
0
10
34.798
20
78.57556562500001
30
0
0
VERTEX
8
0
10
34.8053375
20
78.50105625
30
0
42
0.30334643882340373
0
VERTEX
8
0
10
35.374625
20
77.87294375
30
0
0
VERTEX
8
0
10
35.4076
20
77.86638437500001
30
0
0
VERTEX
8
0
10
35.4076
20
67.90154375
30
0
0
VERTEX
8
0
10
30.65865625
20
63.1526
30
0
0
VERTEX
8
0
10
29.253065625
20
63.1526
30
0
0
VERTEX
8
0
10
29.24736875
20
63.152021875
30
0
0
VERTEX
8
0
10
29.24165
20
63.152171875
30
0
42
0.1531278540915039
0
VERTEX
8
0
10
29.156909375
20
63.118437500000006
30
0
0
VERTEX
8
0
10
29.145303125
20
63.107962500000006
30
0
0
VERTEX
8
0
10
28.942340625
20
62.905
30
0
0
VERTEX
8
0
10
28.557865625
20
62.905
30
0
0
VERTEX
8
0
10
28.557865625
20
62.505
30
0
0
VERTEX
8
0
10
29.357865625000002
20
62.505
30
0
0
SEQEND
0
POLYLINE
66
1
8
16_copper
10
0.0
20
0.0
30
0.0
70
1
0
VERTEX
8
0
10
35.671943750000004
20
77.8583375
30
0
42
0.3578057741447831
0
VERTEX
8
0
10
36.322
20
78.57556562500001
30
0
0
VERTEX
8
0
10
36.322
20
80.174434375
30
0
0
VERTEX
8
0
10
36.314662500000004
20
80.24894375000001
30
0
42
0.9063472543261978
0
VERTEX
8
0
10
34.798
20
80.174434375
30
0
0
VERTEX
8
0
10
34.798
20
78.57556562500001
30
0
0
VERTEX
8
0
10
34.8053375
20
78.50105625
30
0
42
0.38574240611503685
0
VERTEX
8
0
10
35.597434375
20
77.851
30
0
0
SEQEND
0
POLYLINE
66
1
8
1_copper
10
0.0
20
0.0
30
0.0
70
1
0
VERTEX
8
0
10
35.014387500000005
20
64.955621875
30
0
42
0.26471346887115915
0
VERTEX
8
0
10
35.35674375
20
65.2526
30
0
0
VERTEX
8
0
10
36.348425
20
65.2526
30
0
0
VERTEX
8
0
10
36.354121875000004
20
65.253178125
30
0
0
VERTEX
8
0
10
36.359840625000004
20
65.253028125
30
0
42
0.1531278540915039
0
VERTEX
8
0
10
36.44458125
20
65.28676250000001
30
0
0
VERTEX
8
0
10
36.4561875
20
65.29723750000001
30
0
0
VERTEX
8
0
10
41.0659
20
69.90695000000001
30
0
0
VERTEX
8
0
10
41.06951875
20
69.9113875
30
0
0
VERTEX
8
0
10
41.07366875
20
69.91532500000001
30
0
42
0.15312467584094633
0
VERTEX
8
0
10
41.109734375
20
69.999096875
30
0
0
VERTEX
8
0
10
41.1105375
20
70.0147125
30
0
0
VERTEX
8
0
10
41.1105375
20
72.22528750000001
30
0
0
VERTEX
8
0
10
41.109959375
20
72.230984375
30
0
0
VERTEX
8
0
10
41.110109375
20
72.236703125
30
0
42
0.1531278540915039
0
VERTEX
8
0
10
41.076375
20
72.32144375
30
0
0
VERTEX
8
0
10
41.0659
20
72.33305
30
0
0
VERTEX
8
0
10
38.2524
20
75.14655
30
0
0
VERTEX
8
0
10
38.2524
20
77.86638437500001
30
0
0
VERTEX
8
0
10
38.285375
20
77.87294375
30
0
42
0.3303552833504715
0
VERTEX
8
0
10
38.862
20
78.57556562500001
30
0
0
VERTEX
8
0
10
38.862
20
80.174434375
30
0
0
VERTEX
8
0
10
38.8546625
20
80.24894375000001
30
0
42
0.9063472543261978
0
VERTEX
8
0
10
37.338
20
80.174434375
30
0
0
VERTEX
8
0
10
37.338
20
78.57556562500001
30
0
0
VERTEX
8
0
10
37.3453375
20
78.50105625
30
0
42
0.30334643882340373
0
VERTEX
8
0
10
37.914625
20
77.87294375
30
0
0
VERTEX
8
0
10
37.9476
20
77.86638437500001
30
0
0
VERTEX
8
0
10
37.9476
20
75.083425
30
0
0
VERTEX
8
0
10
37.948178125
20
75.07772812500001
30
0
0
VERTEX
8
0
10
37.948028125
20
75.07200937500001
30
0
42
0.1531278540915039
0
VERTEX
8
0
10
37.9817625
20
74.98726875
30
0
0
VERTEX
8
0
10
37.9922375
20
74.9756625
30
0
0
VERTEX
8
0
10
40.8057375
20
72.16216250000001
30
0
0
VERTEX
8
0
10
40.8057375
20
70.0778375
30
0
0
VERTEX
8
0
10
36.2853
20
65.5574
30
0
0
VERTEX
8
0
10
35.35674375
20
65.5574
30
0
0
VERTEX
8
0
10
35.33593125
20
65.607646875
30
0
42
0.9999999999999999
0
VERTEX
8
0
10
34.51406875
20
65.202353125
30
0
0
VERTEX
8
0
10
34.5440375
20
65.150446875
30
0
42
0.2679476674525801
0
VERTEX
8
0
10
34.954965625
20
64.9478
30
0
0
SEQEND
0
POLYLINE
66
1
8
1_copper
10
0.0
20
0.0
30
0.0
70
1
0
VERTEX
8
0
10
29.357865625000002
20
63.3526
30
0
0
VERTEX
8
0
10
29.85
20
63.3526
30
0
0
VERTEX
8
0
10
29.855696875000003
20
63.35317812500001
30
0
0
VERTEX
8
0
10
29.861415625000003
20
63.353028125
30
0
42
0.1531278540915039
0
VERTEX
8
0
10
29.94615625
20
63.3867625
30
0
0
VERTEX
8
0
10
29.9577625
20
63.3972375
30
0
0
VERTEX
8
0
10
31.552471875000002
20
64.991946875
30
0
0
VERTEX
8
0
10
31.602721875
20
64.971134375
30
0
42
0.9999999999999999
0
VERTEX
8
0
10
31.897278125000003
20
65.838865625
30
0
0
VERTEX
8
0
10
31.8393875
20
65.854378125
30
0
42
0.6176601800667056
0
VERTEX
8
0
10
31.336946875000002
20
65.20747187500001
30
0
0
VERTEX
8
0
10
29.786875000000002
20
63.6574
30
0
0
VERTEX
8
0
10
29.357865625000002
20
63.6574
30
0
0
VERTEX
8
0
10
29.357865625000002
20
63.705000000000005
30
0
0
VERTEX
8
0
10
28.557865625
20
63.705000000000005
30
0
0
VERTEX
8
0
10
28.557865625
20
63.305
30
0
0
VERTEX
8
0
10
29.357865625000002
20
63.305
30
0
0
SEQEND
0
POLYLINE
66
1
8
16_copper
10
0.0
20
0.0
30
0.0
70
1
0
VERTEX
8
0
10
38.21194375
20
77.8583375
30
0
42
0.3578057741447831
0
VERTEX
8
0
10
38.862
20
78.57556562500001
30
0
0
VERTEX
8
0
10
38.862
20
80.174434375
30
0
0
VERTEX
8
0
10
38.8546625
20
80.24894375000001
30
0
42
0.9063472543261978
0
VERTEX
8
0
10
37.338
20
80.174434375
30
0
0
VERTEX
8
0
10
37.338
20
78.57556562500001
30
0
0
VERTEX
8
0
10
37.3453375
20
78.50105625
30
0
42
0.38574240611503685
0
VERTEX
8
0
10
38.137434375000005
20
77.851
30
0
0
SEQEND
0
POLYLINE
66
1
8
16_copper
10
0.0
20
0.0
30
0.0
70
1
0
VERTEX
8
0
10
31.8393875
20
64.955621875
30
0
42
0.26471346887115915
0
VERTEX
8
0
10
32.18174375
20
65.2526
30
0
0
VERTEX
8
0
10
34.49325625
20
65.2526
30
0
0
VERTEX
8
0
10
34.51406875
20
65.202353125
30
0
42
0.9999999999999999
0
VERTEX
8
0
10
35.33593125
20
65.607646875
30
0
0
VERTEX
8
0
10
35.3059625
20
65.659553125
30
0
42
0.6176572051597918
0
VERTEX
8
0
10
34.49325625
20
65.5574
30
0
0
VERTEX
8
0
10
32.18174375
20
65.5574
30
0
0
VERTEX
8
0
10
32.160931250000004
20
65.607646875
30
0
42
0.9999999999999999
0
VERTEX
8
0
10
31.339068750000003
20
65.202353125
30
0
0
VERTEX
8
0
10
31.3690375
20
65.150446875
30
0
42
0.2679476674525801
0
VERTEX
8
0
10
31.779965625000003
20
64.9478
30
0
0
SEQEND
0
POLYLINE
66
1
8
1_copper
10
0.0
20
0.0
30
0.0
70
1
0
VERTEX
8
0
10
5.1562
20
48.8061
30
0
0
VERTEX
8
0
10
6.0198
20
48.8061
30
0
0
VERTEX
8
0
10
6.0198
20
48.6283
30
0
0
VERTEX
8
0
10
7.442200000000001
20
48.6283
30
0
0
VERTEX
8
0
10
7.442200000000001
20
49.1617
30
0
0
VERTEX
8
0
10
6.0198
20
49.1617
30
0
0
VERTEX
8
0
10
6.0198
20
48.983900000000006
30
0
0
VERTEX
8
0
10
5.1562
20
48.983900000000006
30
0
0
VERTEX
8
0
10
5.1562
20
49.695100000000004
30
0
0
VERTEX
8
0
10
3.9878
20
49.695100000000004
30
0
0
VERTEX
8
0
10
3.9878
20
48.0949
30
0
0
VERTEX
8
0
10
5.1562
20
48.0949
30
0
0
SEQEND
0
POLYLINE
66
1
8
1_copper
10
0.0
20
0.0
30
0.0
70
1
0
VERTEX
8
0
10
5.1562
20
46.622975000000004
30
0
0
VERTEX
8
0
10
6.0198
20
47.486575
30
0
0
VERTEX
8
0
10
6.0198
20
47.3583
30
0
0
VERTEX
8
0
10
7.442200000000001
20
47.3583
30
0
0
VERTEX
8
0
10
7.442200000000001
20
47.8917
30
0
0
VERTEX
8
0
10
6.0198
20
47.8917
30
0
0
VERTEX
8
0
10
6.0198
20
47.712218750000005
30
0
0
VERTEX
8
0
10
6.0193843750000005
20
47.71215
30
0
0
VERTEX
8
0
10
6.0091875
20
47.7107875
30
0
42
0.07444316208248591
0
VERTEX
8
0
10
5.9850843750000005
20
47.7002
30
0
0
VERTEX
8
0
10
5.9696375
20
47.6878625
30
0
0
VERTEX
8
0
10
5.1562
20
46.874425
30
0
0
VERTEX
8
0
10
5.1562
20
47.155100000000004
30
0
0
VERTEX
8
0
10
3.9878
20
47.155100000000004
30
0
0
VERTEX
8
0
10
3.9878
20
45.5549
30
0
0
VERTEX
8
0
10
5.1562
20
45.5549
30
0
0
SEQEND
0
POLYLINE
66
1
8
1_copper
10
0.0
20
0.0
30
0.0
70
1
0
VERTEX
8
0
10
5.1562
20
44.615100000000005
30
0
0
VERTEX
8
0
10
5.053325
20
44.615100000000005
30
0
0
VERTEX
8
0
10
6.526525
20
46.088300000000004
30
0
0
VERTEX
8
0
10
7.442200000000001
20
46.088300000000004
30
0
0
VERTEX
8
0
10
7.442200000000001
20
46.621700000000004
30
0
0
VERTEX
8
0
10
6.0198
20
46.621700000000004
30
0
0
VERTEX
8
0
10
6.0198
20
46.088300000000004
30
0
0
VERTEX
8
0
10
6.275075
20
46.088300000000004
30
0
0
VERTEX
8
0
10
4.801875
20
44.615100000000005
30
0
0
VERTEX
8
0
10
3.9878
20
44.615100000000005
30
0
0
VERTEX
8
0
10
3.9878
20
43.014900000000004
30
0
0
VERTEX
8
0
10
5.1562
20
43.014900000000004
30
0
0
SEQEND
0
POLYLINE
66
1
8
1_copper
10
0.0
20
0.0
30
0.0
70
1
0
VERTEX
8
0
10
24.557865625
20
77.09
30
0
0
VERTEX
8
0
10
24.157865625
20
77.09
30
0
0
VERTEX
8
0
10
24.157865625
20
75.74000000000001
30
0
0
VERTEX
8
0
10
24.557865625
20
75.74000000000001
30
0
0
SEQEND
0
CIRCLE
8
drills_NPTH
10
7.79
20
71.12
30
0
40
1.4999968750000001
0
CIRCLE
8
drills_NPTH
10
7.79
20
40.620000000000005
30
0
40
1.4999968750000001
0
CIRCLE
8
drills_NPTH
10
38.2897375
20
40.620000000000005
30
0
40
1.4999968750000001
0
CIRCLE
8
drills_NPTH
10
38.2897375
20
71.12
30
0
40
1.4999968750000001
0
CIRCLE
8
drills_PTH
10
29.407865625000003
20
14.605
30
0
40
0.508
0
CIRCLE
8
drills_PTH
10
16.51
20
28.575000000000003
30
0
40
0.508
0
CIRCLE
8
drills_PTH
10
16.51
20
31.115000000000002
30
0
40
0.508
0
CIRCLE
8
drills_PTH
10
16.51
20
36.195
30
0
40
0.508
0
CIRCLE
8
drills_PTH
10
16.51
20
38.735
30
0
40
0.508
0
CIRCLE
8
drills_PTH
10
16.51
20
41.275
30
0
40
0.508
0
CIRCLE
8
drills_PTH
10
16.51
20
43.815000000000005
30
0
40
0.508
0
CIRCLE
8
drills_PTH
10
16.51
20
46.355000000000004
30
0
40
0.508
0
CIRCLE
8
drills_PTH
10
14.167865625000001
20
14.605
30
0
40
0.508
0
CIRCLE
8
drills_PTH
10
16.707865625
20
14.605
30
0
40
0.508
0
CIRCLE
8
drills_PTH
10
19.247865625
20
14.605
30
0
40
0.508
0
CIRCLE
8
drills_PTH
10
21.787865625000002
20
14.605
30
0
40
0.508
0
CIRCLE
8
drills_PTH
10
24.327865625
20
14.605
30
0
40
0.508
0
CIRCLE
8
drills_PTH
10
26.867865625
20
14.605
30
0
40
0.508
0
CIRCLE
8
drills_PTH
10
16.51
20
33.655
30
0
40
0.508
0
CIRCLE
8
drills_PTH
10
31.947865625000002
20
14.605
30
0
40
0.508
0
CIRCLE
8
drills_PTH
10
3.81
20
79.375
30
0
40
0.508
0
CIRCLE
8
drills_PTH
10
6.3500000000000005
20
79.375
30
0
40
0.508
0
CIRCLE
8
drills_PTH
10
8.89
20
79.375
30
0
40
0.508
0
CIRCLE
8
drills_PTH
10
11.43
20
79.375
30
0
40
0.508
0
CIRCLE
8
drills_PTH
10
13.97
20
79.375
30
0
40
0.508
0
CIRCLE
8
drills_PTH
10
40.64
20
79.375
30
0
40
0.508
0
CIRCLE
8
drills_PTH
10
38.1
20
79.375
30
0
40
0.508
0
CIRCLE
8
drills_PTH
10
35.56
20
79.375
30
0
40
0.508
0
CIRCLE
8
drills_PTH
10
33.02
20
79.375
30
0
40
0.508
0
CIRCLE
8
drills_PTH
10
5.715
20
28.575000000000003
30
0
40
0.5
0
CIRCLE
8
drills_PTH
10
8.255
20
28.575000000000003
30
0
40
0.5
0
CIRCLE
8
drills_PTH
10
10.795
20
28.575000000000003
30
0
40
0.5
0
CIRCLE
8
drills_PTH
10
29.21
20
23.495
30
0
40
0.40640000000000004
0
CIRCLE
8
drills_PTH
10
21.59
20
23.495
30
0
40
0.40640000000000004
0
CIRCLE
8
drills_PTH
10
33.02
20
24.130000000000003
30
0
40
0.40640000000000004
0
CIRCLE
8
drills_PTH
10
33.02
20
21.59
30
0
40
0.40640000000000004
0
CIRCLE
8
drills_PTH
10
40.64
20
19.685000000000002
30
0
40
0.40640000000000004
0
CIRCLE
8
drills_PTH
10
40.64
20
22.225
30
0
40
0.40640000000000004
0
CIRCLE
8
drills_PTH
10
33.655
20
60.96
30
0
40
0.40640000000000004
0
CIRCLE
8
drills_PTH
10
33.655
20
68.58
30
0
40
0.40640000000000004
0
CIRCLE
8
drills_PTH
10
31.115000000000002
20
60.96
30
0
40
0.40640000000000004
0
CIRCLE
8
drills_PTH
10
31.115000000000002
20
68.58
30
0
40
0.40640000000000004
0
CIRCLE
8
drills_PTH
10
5.08
20
56.515
30
0
40
0.40640000000000004
0
CIRCLE
8
drills_PTH
10
12.700000000000001
20
56.515
30
0
40
0.40640000000000004
0
CIRCLE
8
drills_PTH
10
33.655
20
53.975
30
0
40
0.40640000000000004
0
CIRCLE
8
drills_PTH
10
36.195
20
53.975
30
0
40
0.40640000000000004
0
CIRCLE
8
drills_PTH
10
25.400000000000002
20
53.975
30
0
40
0.40640000000000004
0
CIRCLE
8
drills_PTH
10
27.94
20
53.975
30
0
40
0.40640000000000004
0
CIRCLE
8
drills_PTH
10
17.145
20
53.975
30
0
40
0.40640000000000004
0
CIRCLE
8
drills_PTH
10
19.685000000000002
20
53.975
30
0
40
0.40640000000000004
0
CIRCLE
8
drills_PTH
10
40.64
20
26.035
30
0
40
0.40640000000000004
0
CIRCLE
8
drills_PTH
10
40.64
20
28.575000000000003
30
0
40
0.40640000000000004
0
CIRCLE
8
drills_PTH
10
3.1750000000000003
20
65.405
30
0
40
0.40640000000000004
0
CIRCLE
8
drills_PTH
10
42.545
20
36.83
30
0
40
0.40640000000000004
0
CIRCLE
8
drills_PTH
10
10.16
20
25.400000000000002
30
0
40
0.40640000000000004
0
CIRCLE
8
drills_PTH
10
12.700000000000001
20
25.400000000000002
30
0
40
0.40640000000000004
0
CIRCLE
8
drills_PTH
10
4.445
20
25.400000000000002
30
0
40
0.40640000000000004
0
CIRCLE
8
drills_PTH
10
6.985
20
25.400000000000002
30
0
40
0.40640000000000004
0
CIRCLE
8
drills_PTH
10
34.925000000000004
20
34.29
30
0
40
0.40640000000000004
0
CIRCLE
8
drills_PTH
10
42.545
20
34.29
30
0
40
0.40640000000000004
0
CIRCLE
8
drills_PTH
10
42.545
20
31.75
30
0
40
0.40640000000000004
0
CIRCLE
8
drills_PTH
10
34.925000000000004
20
31.75
30
0
40
0.40640000000000004
0
CIRCLE
8
drills_PTH
10
26.67
20
23.495
30
0
40
0.40640000000000004
0
CIRCLE
8
drills_PTH
10
10.795
20
65.405
30
0
40
0.40640000000000004
0
CIRCLE
8
drills_PTH
10
3.1750000000000003
20
62.865
30
0
40
0.40640000000000004
0
CIRCLE
8
drills_PTH
10
10.795
20
62.865
30
0
40
0.40640000000000004
0
CIRCLE
8
drills_PTH
10
40.64
20
13.335
30
0
40
0.40640000000000004
0
CIRCLE
8
drills_PTH
10
40.64
20
15.875
30
0
40
0.40640000000000004
0
CIRCLE
8
drills_PTH
10
33.02
20
26.67
30
0
40
0.40640000000000004
0
CIRCLE
8
drills_PTH
10
33.02
20
29.21
30
0
40
0.40640000000000004
0
CIRCLE
8
drills_PTH
10
34.925000000000004
20
36.83
30
0
40
0.40640000000000004
0
CIRCLE
8
drills_PTH
10
24.130000000000003
20
23.495
30
0
40
0.40640000000000004
0
CIRCLE
8
drills_NPTH
10
20.982865625000002
20
76.64
30
0
40
0.35000000000000003
0
CIRCLE
8
drills_NPTH
10
25.132865625
20
76.64
30
0
40
0.35000000000000003
0
CIRCLE
8
drills_via_1_16
10
19.685000000000002
20
36.83
30
0
40
0.254
0
CIRCLE
8
drills_via_1_16
10
34.925000000000004
20
65.405
30
0
40
0.254
0
CIRCLE
8
drills_via_1_16
10
31.75
20
65.405
30
0
40
0.254
0
CIRCLE
8
drills_via_1_16
10
16.1925
20
57.150000000000006
30
0
40
0.254
0
CIRCLE
8
drills_via_1_16
10
22.86
20
50.800000000000004
30
0
40
0.254
0
CIRCLE
8
drills_via_1_16
10
20.955000000000002
20
52.705000000000005
30
0
40
0.254
0
CIRCLE
8
drills_via_1_16
10
23.8125
20
51.752500000000005
30
0
40
0.254
0
CIRCLE
8
drills_via_1_16
10
21.907500000000002
20
53.657500000000006
30
0
40
0.254
0
CIRCLE
8
drills_via_1_16
10
18.415
20
66.3575
30
0
40
0.254
0
CIRCLE
8
drills_via_1_16
10
12.3825
20
60.96
30
0
40
0.254
0
CIRCLE
8
drills_via_1_16
10
7.62
20
64.4525
30
0
40
0.254
0
CIRCLE
8
drills_via_1_16
10
9.525
20
55.245000000000005
30
0
40
0.254
0
CIRCLE
8
drills_via_1_16
10
20.32
20
31.75
30
0
40
0.254
0
CIRCLE
8
drills_via_1_16
10
20.32
20
34.925000000000004
30
0
40
0.254
0
CIRCLE
8
drills_via_1_16
10
25.781000000000002
20
35.56
30
0
40
0.254
0
CIRCLE
8
drills_via_1_16
10
27.305
20
35.56
30
0
40
0.254
0
CIRCLE
8
drills_via_1_16
10
23.495
20
40.64
30
0
40
0.254
0
CIRCLE
8
drills_via_1_16
10
17.145
20
48.260000000000005
30
0
40
0.254
0
CIRCLE
8
drills_via_1_16
10
15.24
20
49.53
30
0
40
0.254
0
CIRCLE
8
drills_via_1_16
10
14.605
20
66.675
30
0
40
0.254
0
CIRCLE
8
drills_via_1_16
10
23.495
20
34.925000000000004
30
0
40
0.254
0
CIRCLE
8
drills_via_1_16
10
16.1925
20
64.4525
30
0
40
0.17500000000000002
0
ENDSEC
0
EOF